company_id,company,rank,effective_pct,layers,end,terminal_id,terminal,chain,chain_ids
E0009,Aditya Birla Capital Ltd,1,12.299308,2,no_recorded_owner,E0057,Birla Group Holdings Private Limited,Aditya Birla Capital Ltd <-[53.06%]- Grasim Industries Ltd <-[23.18%]- Birla Group Holdings Private Limited,E0009>E0126>E0057
E0009,Aditya Birla Capital Ltd,2,8.12,1,no_recorded_owner,E0057,Birla Group Holdings Private Limited,Aditya Birla Capital Ltd <-[8.12%]- Birla Group Holdings Private Limited,E0009>E0057
E0009,Aditya Birla Capital Ltd,3,3.523184,2,no_recorded_owner,E0154,IGH Holdings Private Limited,Aditya Birla Capital Ltd <-[53.06%]- Grasim Industries Ltd <-[6.64%]- IGH Holdings Private Limited,E0009>E0126>E0154
E0009,Aditya Birla Capital Ltd,4,3.496654,2,no_recorded_owner,E0201,Life Insurance Corporation Of India,Aditya Birla Capital Ltd <-[53.06%]- Grasim Industries Ltd <-[6.59%]- Life Insurance Corporation Of India,E0009>E0126>E0201
E0009,Aditya Birla Capital Ltd,5,2.9,1,no_recorded_owner,E0289,PI OPPORTUNITIES FUND I,Aditya Birla Capital Ltd <-[2.90%]- PI OPPORTUNITIES FUND I,E0009>E0289
E0009,Aditya Birla Capital Ltd,6,2.08,1,no_recorded_owner,E0242,MOTILAL OSWAL NIFTY 200 MOMENTUM 30 INDEX FUND,Aditya Birla Capital Ltd <-[2.08%]- MOTILAL OSWAL NIFTY 200 MOMENTUM 30 INDEX FUND,E0009>E0242
E0009,Aditya Birla Capital Ltd,7,1.96,1,no_recorded_owner,E0110,ESSEL MINING & INDUSTRIES LTD,Aditya Birla Capital Ltd <-[1.96%]- ESSEL MINING & INDUSTRIES LTD,E0009>E0110
E0009,Aditya Birla Capital Ltd,8,1.559964,2,no_recorded_owner,E0278,P.T. Indo Bharat Rayon,Aditya Birla Capital Ltd <-[53.06%]- Grasim Industries Ltd <-[2.94%]- P.T. Indo Bharat Rayon,E0009>E0126>E0278
E0009,Aditya Birla Capital Ltd,9,1.48,1,no_recorded_owner,E0201,Life Insurance Corporation Of India,Aditya Birla Capital Ltd <-[1.48%]- Life Insurance Corporation Of India,E0009>E0201
E0009,Aditya Birla Capital Ltd,10,1.38,1,no_recorded_owner,E0342,Surya Kiran Investments Pte Limited,Aditya Birla Capital Ltd <-[1.38%]- Surya Kiran Investments Pte Limited,E0009>E0342
E0009,Aditya Birla Capital Ltd,11,1.342418,2,no_recorded_owner,E0077,"Citibank N.A. New York, NYADR Department","Aditya Birla Capital Ltd <-[53.06%]- Grasim Industries Ltd <-[2.53%]- Citibank N.A. New York, NYADR Department",E0009>E0126>E0077
E0009,Aditya Birla Capital Ltd,12,1.02,1,no_recorded_owner,E0278,P.T. Indo Bharat Rayon,Aditya Birla Capital Ltd <-[1.02%]- P.T. Indo Bharat Rayon,E0009>E0278
E0009,Aditya Birla Capital Ltd,13,0.84896,2,no_recorded_owner,E0328,Sbi Nifty 50 Etf,Aditya Birla Capital Ltd <-[53.06%]- Grasim Industries Ltd <-[1.60%]- Sbi Nifty 50 Etf,E0009>E0126>E0328
E0009,Aditya Birla Capital Ltd,14,0.821167,3,no_recorded_owner,E0057,Birla Group Holdings Private Limited,Aditya Birla Capital Ltd <-[53.06%]- Grasim Industries Ltd <-[4.46%]- Pilani Investment and Industries Corporation Ltd <-[34.70%]- Birla Group Holdings Private Limited,E0009>E0126>E0292>E0057
E0009,Aditya Birla Capital Ltd,15,0.774676,2,no_recorded_owner,E0117,GAGANDEEP CREDIT CAPITAL PVT LTD,Aditya Birla Capital Ltd <-[53.06%]- Grasim Industries Ltd <-[1.46%]- GAGANDEEP CREDIT CAPITAL PVT LTD,E0009>E0126>E0117
E0009,Aditya Birla Capital Ltd,16,0.764064,2,no_recorded_owner,E0267,Nps Trust A/C Uti Pension Fund Limited-Scheme State Govt,Aditya Birla Capital Ltd <-[53.06%]- Grasim Industries Ltd <-[1.44%]- Nps Trust A/C Uti Pension Fund Limited-Scheme State Govt,E0009>E0126>E0267
E0009,Aditya Birla Capital Ltd,17,0.758758,2,no_recorded_owner,E0332,Shamyak Investment Private Limited,Aditya Birla Capital Ltd <-[53.06%]- Grasim Industries Ltd <-[1.43%]- Shamyak Investment Private Limited,E0009>E0126>E0332
E0009,Aditya Birla Capital Ltd,18,0.620802,2,no_recorded_owner,E0374,Theleme Master Fund Limited,Aditya Birla Capital Ltd <-[53.06%]- Grasim Industries Ltd <-[1.17%]- Theleme Master Fund Limited,E0009>E0126>E0374
E0009,Aditya Birla Capital Ltd,19,0.535906,2,no_recorded_owner,E0149,ICICI Prudential Nifty ETF,Aditya Birla Capital Ltd <-[53.06%]- Grasim Industries Ltd <-[1.01%]- ICICI Prudential Nifty ETF,E0009>E0126>E0149
E0009,Aditya Birla Capital Ltd,20,0.45389,3,no_recorded_owner,E0280,Padmavati Investment Private Limited,Aditya Birla Capital Ltd <-[53.06%]- Grasim Industries Ltd <-[4.46%]- Pilani Investment and Industries Corporation Ltd <-[19.18%]- Padmavati Investment Private Limited,E0009>E0126>E0292>E0280
E0009,Aditya Birla Capital Ltd,21,0.42681,2,no_recorded_owner,E0057,Birla Group Holdings Private Limited,Aditya Birla Capital Ltd <-[1.23%]- Pilani Investment and Industries Corporation Ltd <-[34.70%]- Birla Group Holdings Private Limited,E0009>E0292>E0057
E0009,Aditya Birla Capital Ltd,22,0.414607,3,no_recorded_owner,E0372,THE PUNJAB PRODUCE AND TRADING CO PVT LTD,Aditya Birla Capital Ltd <-[53.06%]- Grasim Industries Ltd <-[4.46%]- Pilani Investment and Industries Corporation Ltd <-[17.52%]- THE PUNJAB PRODUCE AND TRADING CO PVT LTD,E0009>E0126>E0292>E0372
E0009,Aditya Birla Capital Ltd,23,0.37142,2,no_recorded_owner,E0371,Thai Rayon Public Company Limited,Aditya Birla Capital Ltd <-[53.06%]- Grasim Industries Ltd <-[0.70%]- Thai Rayon Public Company Limited,E0009>E0126>E0371
E0009,Aditya Birla Capital Ltd,24,0.354643,3,no_recorded_owner,E0154,IGH Holdings Private Limited,Aditya Birla Capital Ltd <-[53.06%]- Grasim Industries Ltd <-[4.29%]- Hindalco Industries Ltd <-[15.58%]- IGH Holdings Private Limited,E0009>E0126>E0138>E0154
E0009,Aditya Birla Capital Ltd,25,0.350196,2,no_recorded_owner,E0028,Anatole Investments Pte Ltd,Aditya Birla Capital Ltd <-[53.06%]- Grasim Industries Ltd <-[0.66%]- Anatole Investments Pte Ltd,E0009>E0126>E0028
E0009,Aditya Birla Capital Ltd,26,0.25904,3,no_recorded_owner,E0057,Birla Group Holdings Private Limited,Aditya Birla Capital Ltd <-[53.06%]- Grasim Industries Ltd <-[4.29%]- Hindalco Industries Ltd <-[11.38%]- Birla Group Holdings Private Limited,E0009>E0126>E0138>E0057
E0009,Aditya Birla Capital Ltd,27,0.235914,2,no_recorded_owner,E0280,Padmavati Investment Private Limited,Aditya Birla Capital Ltd <-[1.23%]- Pilani Investment and Industries Corporation Ltd <-[19.18%]- Padmavati Investment Private Limited,E0009>E0292>E0280
E0009,Aditya Birla Capital Ltd,28,0.22591,2,no_recorded_owner,E0154,IGH Holdings Private Limited,Aditya Birla Capital Ltd <-[1.45%]- Hindalco Industries Ltd <-[15.58%]- IGH Holdings Private Limited,E0009>E0138>E0154
E0009,Aditya Birla Capital Ltd,29,0.215496,2,no_recorded_owner,E0372,THE PUNJAB PRODUCE AND TRADING CO PVT LTD,Aditya Birla Capital Ltd <-[1.23%]- Pilani Investment and Industries Corporation Ltd <-[17.52%]- THE PUNJAB PRODUCE AND TRADING CO PVT LTD,E0009>E0292>E0372
E0009,Aditya Birla Capital Ltd,30,0.21,1,no_recorded_owner,E0343,Suryaja Investments Pte. Ltd,Aditya Birla Capital Ltd <-[0.21%]- Suryaja Investments Pte. Ltd,E0009>E0343
E0009,Aditya Birla Capital Ltd,31,0.16501,2,no_recorded_owner,E0057,Birla Group Holdings Private Limited,Aditya Birla Capital Ltd <-[1.45%]- Hindalco Industries Ltd <-[11.38%]- Birla Group Holdings Private Limited,E0009>E0138>E0057
E0009,Aditya Birla Capital Ltd,32,0.137956,2,natural_person,E0186,Kumar Mangalam Birla,Aditya Birla Capital Ltd <-[53.06%]- Grasim Industries Ltd <-[0.26%]- Kumar Mangalam Birla,E0009>E0126>E0186
E0009,Aditya Birla Capital Ltd,33,0.135836,3,no_recorded_owner,E0129,GWALIOR WEBBING COMPANY PRIVATE LIMITED,Aditya Birla Capital Ltd <-[53.06%]- Grasim Industries Ltd <-[4.46%]- Pilani Investment and Industries Corporation Ltd <-[5.74%]- GWALIOR WEBBING COMPANY PRIVATE LIMITED,E0009>E0126>E0292>E0129
E0009,Aditya Birla Capital Ltd,34,0.106491,3,no_recorded_owner,E0294,PRAKASH EDUCATIONAL SOCIETY,Aditya Birla Capital Ltd <-[53.06%]- Grasim Industries Ltd <-[4.46%]- Pilani Investment and Industries Corporation Ltd <-[4.50%]- PRAKASH EDUCATIONAL SOCIETY,E0009>E0126>E0292>E0294
E0009,Aditya Birla Capital Ltd,35,0.104481,3,no_recorded_owner,E0201,Life Insurance Corporation Of India,Aditya Birla Capital Ltd <-[53.06%]- Grasim Industries Ltd <-[4.29%]- Hindalco Industries Ltd <-[4.59%]- Life Insurance Corporation Of India,E0009>E0126>E0138>E0201
E0009,Aditya Birla Capital Ltd,36,0.100814,2,no_recorded_owner,E0276,P T Sunrise Bumi Textiles,Aditya Birla Capital Ltd <-[53.06%]- Grasim Industries Ltd <-[0.19%]- P T Sunrise Bumi Textiles,E0009>E0126>E0276
E0009,Aditya Birla Capital Ltd,37,0.1,1,no_recorded_owner,E0371,Thai Rayon Public Company Limited,Aditya Birla Capital Ltd <-[0.10%]- Thai Rayon Public Company Limited,E0009>E0371
E0009,Aditya Birla Capital Ltd,38,0.095148,3,no_recorded_owner,E0240,"Morgan Guaranty Trust Company Of New York, Asdepositary","Aditya Birla Capital Ltd <-[53.06%]- Grasim Industries Ltd <-[4.29%]- Hindalco Industries Ltd <-[4.18%]- Morgan Guaranty Trust Company Of New York, Asdepositary",E0009>E0126>E0138>E0240
E0009,Aditya Birla Capital Ltd,39,0.08923,3,circular,E0126,Grasim Industries Ltd,Aditya Birla Capital Ltd <-[53.06%]- Grasim Industries Ltd <-[4.29%]- Hindalco Industries Ltd <-[3.92%]- Grasim Industries Ltd,E0009>E0126>E0138>E0126
E0009,Aditya Birla Capital Ltd,40,0.08,1,natural_person,E0186,Kumar Mangalam Birla,Aditya Birla Capital Ltd <-[0.08%]- Kumar Mangalam Birla,E0009>E0186
E0009,Aditya Birla Capital Ltd,41,0.070602,2,no_recorded_owner,E0129,GWALIOR WEBBING COMPANY PRIVATE LIMITED,Aditya Birla Capital Ltd <-[1.23%]- Pilani Investment and Industries Corporation Ltd <-[5.74%]- GWALIOR WEBBING COMPANY PRIVATE LIMITED,E0009>E0292>E0129
E0009,Aditya Birla Capital Ltd,42,0.066555,2,no_recorded_owner,E0201,Life Insurance Corporation Of India,Aditya Birla Capital Ltd <-[1.45%]- Hindalco Industries Ltd <-[4.59%]- Life Insurance Corporation Of India,E0009>E0138>E0201
E0009,Aditya Birla Capital Ltd,43,0.063672,2,no_recorded_owner,E0275,P T Elegant Textile Industry,Aditya Birla Capital Ltd <-[53.06%]- Grasim Industries Ltd <-[0.12%]- P T Elegant Textile Industry,E0009>E0126>E0275
E0009,Aditya Birla Capital Ltd,44,0.06061,2,no_recorded_owner,E0240,"Morgan Guaranty Trust Company Of New York, Asdepositary","Aditya Birla Capital Ltd <-[1.45%]- Hindalco Industries Ltd <-[4.18%]- Morgan Guaranty Trust Company Of New York, Asdepositary",E0009>E0138>E0240
E0009,Aditya Birla Capital Ltd,45,0.060321,3,no_recorded_owner,E0123,Governement of Singapore,Aditya Birla Capital Ltd <-[53.06%]- Grasim Industries Ltd <-[4.29%]- Hindalco Industries Ltd <-[2.65%]- Governement of Singapore,E0009>E0126>E0138>E0123
E0009,Aditya Birla Capital Ltd,46,0.06,1,no_recorded_owner,E0276,P T Sunrise Bumi Textiles,Aditya Birla Capital Ltd <-[0.06%]- P T Sunrise Bumi Textiles,E0009>E0276
E0009,Aditya Birla Capital Ltd,47,0.057362,3,no_recorded_owner,E0270,NPS TRUST- A/C SBI PENSION FUND SCHEME - STATE GOVT,Aditya Birla Capital Ltd <-[53.06%]- Grasim Industries Ltd <-[4.29%]- Hindalco Industries Ltd <-[2.52%]- NPS TRUST- A/C SBI PENSION FUND SCHEME - STATE GOVT,E0009>E0126>E0138>E0270
E0009,Aditya Birla Capital Ltd,48,0.05535,2,no_recorded_owner,E0294,PRAKASH EDUCATIONAL SOCIETY,Aditya Birla Capital Ltd <-[1.23%]- Pilani Investment and Industries Corporation Ltd <-[4.50%]- PRAKASH EDUCATIONAL SOCIETY,E0009>E0292>E0294
E0009,Aditya Birla Capital Ltd,49,0.05306,2,no_recorded_owner,E0060,Birla Institute of Technology and Science,Aditya Birla Capital Ltd <-[53.06%]- Grasim Industries Ltd <-[0.10%]- Birla Institute of Technology and Science,E0009>E0126>E0060
E0009,Aditya Birla Capital Ltd,50,0.052127,3,no_recorded_owner,E0328,Sbi Nifty 50 Etf,Aditya Birla Capital Ltd <-[53.06%]- Grasim Industries Ltd <-[4.29%]- Hindalco Industries Ltd <-[2.29%]- Sbi Nifty 50 Etf,E0009>E0126>E0138>E0328
E0009,Aditya Birla Capital Ltd,51,0.042448,2,natural_person,E0307,Rajashree Birla,Aditya Birla Capital Ltd <-[53.06%]- Grasim Industries Ltd <-[0.08%]- Rajashree Birla,E0009>E0126>E0307
E0009,Aditya Birla Capital Ltd,52,0.04,1,no_recorded_owner,E0275,P T Elegant Textile Industry,Aditya Birla Capital Ltd <-[0.04%]- P T Elegant Textile Industry,E0009>E0275
E0009,Aditya Birla Capital Ltd,53,0.038425,2,no_recorded_owner,E0123,Governement of Singapore,Aditya Birla Capital Ltd <-[1.45%]- Hindalco Industries Ltd <-[2.65%]- Governement of Singapore,E0009>E0138>E0123
E0009,Aditya Birla Capital Ltd,54,0.03654,2,no_recorded_owner,E0270,NPS TRUST- A/C SBI PENSION FUND SCHEME - STATE GOVT,Aditya Birla Capital Ltd <-[1.45%]- Hindalco Industries Ltd <-[2.52%]- NPS TRUST- A/C SBI PENSION FUND SCHEME - STATE GOVT,E0009>E0138>E0270
E0009,Aditya Birla Capital Ltd,55,0.033205,2,no_recorded_owner,E0328,Sbi Nifty 50 Etf,Aditya Birla Capital Ltd <-[1.45%]- Hindalco Industries Ltd <-[2.29%]- Sbi Nifty 50 Etf,E0009>E0138>E0328
E0009,Aditya Birla Capital Ltd,56,0.03073,3,no_recorded_owner,E0145,Icici Prudential Large & Mid Cap Fund,Aditya Birla Capital Ltd <-[53.06%]- Grasim Industries Ltd <-[4.29%]- Hindalco Industries Ltd <-[1.35%]- Icici Prudential Large & Mid Cap Fund,E0009>E0126>E0138>E0145
E0009,Aditya Birla Capital Ltd,57,0.03,1,no_recorded_owner,E0060,Birla Institute of Technology and Science,Aditya Birla Capital Ltd <-[0.03%]- Birla Institute of Technology and Science,E0009>E0060
E0009,Aditya Birla Capital Ltd,58,0.03,1,natural_person,E0307,Rajashree Birla,Aditya Birla Capital Ltd <-[0.03%]- Rajashree Birla,E0009>E0307
E0009,Aditya Birla Capital Ltd,59,0.025267,3,no_recorded_owner,E0014,Aditya Birla Sun Life Trustee Private Limited A/C - Aditya Birla Sun Life Large Cap Fund,Aditya Birla Capital Ltd <-[53.06%]- Grasim Industries Ltd <-[4.29%]- Hindalco Industries Ltd <-[1.11%]- Aditya Birla Sun Life Trustee Private Limited A/C - Aditya Birla Sun Life Large Cap Fund,E0009>E0126>E0138>E0014
E0009,Aditya Birla Capital Ltd,60,0.021852,3,no_recorded_owner,E0060,Birla Institute of Technology and Science,Aditya Birla Capital Ltd <-[53.06%]- Grasim Industries Ltd <-[4.29%]- Hindalco Industries Ltd <-[0.96%]- Birla Institute of Technology and Science,E0009>E0126>E0138>E0060
E0009,Aditya Birla Capital Ltd,61,0.021224,2,no_recorded_owner,E0316,Renuka Ventures Limited,Aditya Birla Capital Ltd <-[53.06%]- Grasim Industries Ltd <-[0.04%]- Renuka Ventures Limited,E0009>E0126>E0316
E0009,Aditya Birla Capital Ltd,62,0.019575,2,no_recorded_owner,E0145,Icici Prudential Large & Mid Cap Fund,Aditya Birla Capital Ltd <-[1.45%]- Hindalco Industries Ltd <-[1.35%]- Icici Prudential Large & Mid Cap Fund,E0009>E0138>E0145
E0009,Aditya Birla Capital Ltd,63,0.019285,2,below_threshold,E0292,Pilani Investment and Industries Corporation Ltd,Aditya Birla Capital Ltd <-[1.45%]- Hindalco Industries Ltd <-[1.33%]- Pilani Investment and Industries Corporation Ltd,E0009>E0138>E0292
E0009,Aditya Birla Capital Ltd,64,0.016617,3,no_recorded_owner,E0380,TRUSTEE HOLDING SHARES UNDER THE SCHEME OF MERGER OF HIL/IGCL/IGFL ON BEHALF OF HINDALCO,Aditya Birla Capital Ltd <-[53.06%]- Grasim Industries Ltd <-[4.29%]- Hindalco Industries Ltd <-[0.73%]- TRUSTEE HOLDING SHARES UNDER THE SCHEME OF MERGER OF HIL/IGCL/IGFL ON BEHALF OF HINDALCO,E0009>E0126>E0138>E0380
E0009,Aditya Birla Capital Ltd,65,0.016095,2,no_recorded_owner,E0014,Aditya Birla Sun Life Trustee Private Limited A/C - Aditya Birla Sun Life Large Cap Fund,Aditya Birla Capital Ltd <-[1.45%]- Hindalco Industries Ltd <-[1.11%]- Aditya Birla Sun Life Trustee Private Limited A/C - Aditya Birla Sun Life Large Cap Fund,E0009>E0138>E0014
E0009,Aditya Birla Capital Ltd,66,0.01392,2,no_recorded_owner,E0060,Birla Institute of Technology and Science,Aditya Birla Capital Ltd <-[1.45%]- Hindalco Industries Ltd <-[0.96%]- Birla Institute of Technology and Science,E0009>E0138>E0060
E0009,Aditya Birla Capital Ltd,67,0.013176,3,no_recorded_owner,E0057,Birla Group Holdings Private Limited,Aditya Birla Capital Ltd <-[1.45%]- Hindalco Industries Ltd <-[3.92%]- Grasim Industries Ltd <-[23.18%]- Birla Group Holdings Private Limited,E0009>E0138>E0126>E0057
E0009,Aditya Birla Capital Ltd,68,0.010612,2,natural_person,E0398,Vasavadatta Bajaj,Aditya Birla Capital Ltd <-[53.06%]- Grasim Industries Ltd <-[0.02%]- Vasavadatta Bajaj,E0009>E0126>E0398
E0009,Aditya Birla Capital Ltd,69,0.010585,2,no_recorded_owner,E0380,TRUSTEE HOLDING SHARES UNDER THE SCHEME OF MERGER OF HIL/IGCL/IGFL ON BEHALF OF HINDALCO,Aditya Birla Capital Ltd <-[1.45%]- Hindalco Industries Ltd <-[0.73%]- TRUSTEE HOLDING SHARES UNDER THE SCHEME OF MERGER OF HIL/IGCL/IGFL ON BEHALF OF HINDALCO,E0009>E0138>E0380
E0009,Aditya Birla Capital Ltd,70,0.010505,4,no_recorded_owner,E0057,Birla Group Holdings Private Limited,Aditya Birla Capital Ltd <-[53.06%]- Grasim Industries Ltd <-[4.29%]- Hindalco Industries Ltd <-[1.33%]- Pilani Investment and Industries Corporation Ltd <-[34.70%]- Birla Group Holdings Private Limited,E0009>E0126>E0138>E0292>E0057
E0009,Aditya Birla Capital Ltd,71,0.01,1,no_recorded_owner,E0315,RENUKA INVESTMENTS AND FINANCE LIMITED,Aditya Birla Capital Ltd <-[0.01%]- RENUKA INVESTMENTS AND FINANCE LIMITED,E0009>E0315
E0009,Aditya Birla Capital Ltd,72,0.01,1,natural_person,E0398,Vasavadatta Bajaj,Aditya Birla Capital Ltd <-[0.01%]- Vasavadatta Bajaj,E0009>E0398
E0010,Aditya Birla Fashion and Retail Ltd,1,17.4,1,no_recorded_owner,E0057,Birla Group Holdings Private Limited,Aditya Birla Fashion and Retail Ltd <-[17.40%]- Birla Group Holdings Private Limited,E0010>E0057
E0010,Aditya Birla Fashion and Retail Ltd,2,11.18,1,no_recorded_owner,E0154,IGH Holdings Private Limited,Aditya Birla Fashion and Retail Ltd <-[11.18%]- IGH Holdings Private Limited,E0010>E0154
E0010,Aditya Birla Fashion and Retail Ltd,3,3.29,1,no_recorded_owner,E0064,Caladium Investment Pte. Ltd,Aditya Birla Fashion and Retail Ltd <-[3.29%]- Caladium Investment Pte. Ltd,E0010>E0064
E0010,Aditya Birla Fashion and Retail Ltd,4,3.19,1,no_recorded_owner,E0373,Theleme India Master Fund Limited,Aditya Birla Fashion and Retail Ltd <-[3.19%]- Theleme India Master Fund Limited,E0010>E0373
E0010,Aditya Birla Fashion and Retail Ltd,5,2.0,1,no_recorded_owner,E0303,Quant Mutual Fund - Quant Small Cap Fund,Aditya Birla Fashion and Retail Ltd <-[2.00%]- Quant Mutual Fund - Quant Small Cap Fund,E0010>E0303
E0010,Aditya Birla Fashion and Retail Ltd,6,1.96749,2,no_recorded_owner,E0057,Birla Group Holdings Private Limited,Aditya Birla Fashion and Retail Ltd <-[5.67%]- Pilani Investment and Industries Corporation Ltd <-[34.70%]- Birla Group Holdings Private Limited,E0010>E0292>E0057
E0010,Aditya Birla Fashion and Retail Ltd,7,1.8544,2,no_recorded_owner,E0057,Birla Group Holdings Private Limited,Aditya Birla Fashion and Retail Ltd <-[8.00%]- Grasim Industries Ltd <-[23.18%]- Birla Group Holdings Private Limited,E0010>E0126>E0057
E0010,Aditya Birla Fashion and Retail Ltd,8,1.77,1,no_recorded_owner,E0048,Bandhan Large & Mid Cap Fund,Aditya Birla Fashion and Retail Ltd <-[1.77%]- Bandhan Large & Mid Cap Fund,E0010>E0048
E0010,Aditya Birla Fashion and Retail Ltd,9,1.4,1,natural_person,E0320,Sachin Bansal,Aditya Birla Fashion and Retail Ltd <-[1.40%]- Sachin Bansal,E0010>E0320
E0010,Aditya Birla Fashion and Retail Ltd,10,1.16,1,no_recorded_owner,E0141,Hn Safal Infra Developers Private Limited,Aditya Birla Fashion and Retail Ltd <-[1.16%]- Hn Safal Infra Developers Private Limited,E0010>E0141
E0010,Aditya Birla Fashion and Retail Ltd,11,1.087506,2,no_recorded_owner,E0280,Padmavati Investment Private Limited,Aditya Birla Fashion and Retail Ltd <-[5.67%]- Pilani Investment and Industries Corporation Ltd <-[19.18%]- Padmavati Investment Private Limited,E0010>E0292>E0280
E0010,Aditya Birla Fashion and Retail Ltd,12,1.05,1,no_recorded_owner,E0286,Peanence Commercial Pvt Limited,Aditya Birla Fashion and Retail Ltd <-[1.05%]- Peanence Commercial Pvt Limited,E0010>E0286
E0010,Aditya Birla Fashion and Retail Ltd,13,0.993384,2,no_recorded_owner,E0372,THE PUNJAB PRODUCE AND TRADING CO PVT LTD,Aditya Birla Fashion and Retail Ltd <-[5.67%]- Pilani Investment and Industries Corporation Ltd <-[17.52%]- THE PUNJAB PRODUCE AND TRADING CO PVT LTD,E0010>E0292>E0372
E0010,Aditya Birla Fashion and Retail Ltd,14,0.641896,2,no_recorded_owner,E0154,IGH Holdings Private Limited,Aditya Birla Fashion and Retail Ltd <-[4.12%]- Hindalco Industries Ltd <-[15.58%]- IGH Holdings Private Limited,E0010>E0138>E0154
E0010,Aditya Birla Fashion and Retail Ltd,15,0.5312,2,no_recorded_owner,E0154,IGH Holdings Private Limited,Aditya Birla Fashion and Retail Ltd <-[8.00%]- Grasim Industries Ltd <-[6.64%]- IGH Holdings Private Limited,E0010>E0126>E0154
E0010,Aditya Birla Fashion and Retail Ltd,16,0.5272,2,no_recorded_owner,E0201,Life Insurance Corporation Of India,Aditya Birla Fashion and Retail Ltd <-[8.00%]- Grasim Industries Ltd <-[6.59%]- Life Insurance Corporation Of India,E0010>E0126>E0201
E0010,Aditya Birla Fashion and Retail Ltd,17,0.468856,2,no_recorded_owner,E0057,Birla Group Holdings Private Limited,Aditya Birla Fashion and Retail Ltd <-[4.12%]- Hindalco Industries Ltd <-[11.38%]- Birla Group Holdings Private Limited,E0010>E0138>E0057
E0010,Aditya Birla Fashion and Retail Ltd,18,0.325458,2,no_recorded_owner,E0129,GWALIOR WEBBING COMPANY PRIVATE LIMITED,Aditya Birla Fashion and Retail Ltd <-[5.67%]- Pilani Investment and Industries Corporation Ltd <-[5.74%]- GWALIOR WEBBING COMPANY PRIVATE LIMITED,E0010>E0292>E0129
E0010,Aditya Birla Fashion and Retail Ltd,19,0.25515,2,no_recorded_owner,E0294,PRAKASH EDUCATIONAL SOCIETY,Aditya Birla Fashion and Retail Ltd <-[5.67%]- Pilani Investment and Industries Corporation Ltd <-[4.50%]- PRAKASH EDUCATIONAL SOCIETY,E0010>E0292>E0294
E0010,Aditya Birla Fashion and Retail Ltd,20,0.2352,2,no_recorded_owner,E0278,P.T. Indo Bharat Rayon,Aditya Birla Fashion and Retail Ltd <-[8.00%]- Grasim Industries Ltd <-[2.94%]- P.T. Indo Bharat Rayon,E0010>E0126>E0278
E0010,Aditya Birla Fashion and Retail Ltd,21,0.2024,2,no_recorded_owner,E0077,"Citibank N.A. New York, NYADR Department","Aditya Birla Fashion and Retail Ltd <-[8.00%]- Grasim Industries Ltd <-[2.53%]- Citibank N.A. New York, NYADR Department",E0010>E0126>E0077
E0010,Aditya Birla Fashion and Retail Ltd,22,0.189108,2,no_recorded_owner,E0201,Life Insurance Corporation Of India,Aditya Birla Fashion and Retail Ltd <-[4.12%]- Hindalco Industries Ltd <-[4.59%]- Life Insurance Corporation Of India,E0010>E0138>E0201
E0010,Aditya Birla Fashion and Retail Ltd,23,0.172216,2,no_recorded_owner,E0240,"Morgan Guaranty Trust Company Of New York, Asdepositary","Aditya Birla Fashion and Retail Ltd <-[4.12%]- Hindalco Industries Ltd <-[4.18%]- Morgan Guaranty Trust Company Of New York, Asdepositary",E0010>E0138>E0240
E0010,Aditya Birla Fashion and Retail Ltd,24,0.128,2,no_recorded_owner,E0328,Sbi Nifty 50 Etf,Aditya Birla Fashion and Retail Ltd <-[8.00%]- Grasim Industries Ltd <-[1.60%]- Sbi Nifty 50 Etf,E0010>E0126>E0328
E0010,Aditya Birla Fashion and Retail Ltd,25,0.12381,3,no_recorded_owner,E0057,Birla Group Holdings Private Limited,Aditya Birla Fashion and Retail Ltd <-[8.00%]- Grasim Industries Ltd <-[4.46%]- Pilani Investment and Industries Corporation Ltd <-[34.70%]- Birla Group Holdings Private Limited,E0010>E0126>E0292>E0057
E0010,Aditya Birla Fashion and Retail Ltd,26,0.1168,2,no_recorded_owner,E0117,GAGANDEEP CREDIT CAPITAL PVT LTD,Aditya Birla Fashion and Retail Ltd <-[8.00%]- Grasim Industries Ltd <-[1.46%]- GAGANDEEP CREDIT CAPITAL PVT LTD,E0010>E0126>E0117
E0010,Aditya Birla Fashion and Retail Ltd,27,0.1152,2,no_recorded_owner,E0267,Nps Trust A/C Uti Pension Fund Limited-Scheme State Govt,Aditya Birla Fashion and Retail Ltd <-[8.00%]- Grasim Industries Ltd <-[1.44%]- Nps Trust A/C Uti Pension Fund Limited-Scheme State Govt,E0010>E0126>E0267
E0010,Aditya Birla Fashion and Retail Ltd,28,0.1144,2,no_recorded_owner,E0332,Shamyak Investment Private Limited,Aditya Birla Fashion and Retail Ltd <-[8.00%]- Grasim Industries Ltd <-[1.43%]- Shamyak Investment Private Limited,E0010>E0126>E0332
E0010,Aditya Birla Fashion and Retail Ltd,29,0.10918,2,no_recorded_owner,E0123,Governement of Singapore,Aditya Birla Fashion and Retail Ltd <-[4.12%]- Hindalco Industries Ltd <-[2.65%]- Governement of Singapore,E0010>E0138>E0123
E0010,Aditya Birla Fashion and Retail Ltd,30,0.103824,2,no_recorded_owner,E0270,NPS TRUST- A/C SBI PENSION FUND SCHEME - STATE GOVT,Aditya Birla Fashion and Retail Ltd <-[4.12%]- Hindalco Industries Ltd <-[2.52%]- NPS TRUST- A/C SBI PENSION FUND SCHEME - STATE GOVT,E0010>E0138>E0270
E0010,Aditya Birla Fashion and Retail Ltd,31,0.1,1,natural_person,E0186,Kumar Mangalam Birla,Aditya Birla Fashion and Retail Ltd <-[0.10%]- Kumar Mangalam Birla,E0010>E0186
E0010,Aditya Birla Fashion and Retail Ltd,32,0.094348,2,no_recorded_owner,E0328,Sbi Nifty 50 Etf,Aditya Birla Fashion and Retail Ltd <-[4.12%]- Hindalco Industries Ltd <-[2.29%]- Sbi Nifty 50 Etf,E0010>E0138>E0328
E0010,Aditya Birla Fashion and Retail Ltd,33,0.0936,2,no_recorded_owner,E0374,Theleme Master Fund Limited,Aditya Birla Fashion and Retail Ltd <-[8.00%]- Grasim Industries Ltd <-[1.17%]- Theleme Master Fund Limited,E0010>E0126>E0374
E0010,Aditya Birla Fashion and Retail Ltd,34,0.0808,2,no_recorded_owner,E0149,ICICI Prudential Nifty ETF,Aditya Birla Fashion and Retail Ltd <-[8.00%]- Grasim Industries Ltd <-[1.01%]- ICICI Prudential Nifty ETF,E0010>E0126>E0149
E0010,Aditya Birla Fashion and Retail Ltd,35,0.07,1,natural_person,E0307,Rajashree Birla,Aditya Birla Fashion and Retail Ltd <-[0.07%]- Rajashree Birla,E0010>E0307
E0010,Aditya Birla Fashion and Retail Ltd,36,0.068434,3,no_recorded_owner,E0280,Padmavati Investment Private Limited,Aditya Birla Fashion and Retail Ltd <-[8.00%]- Grasim Industries Ltd <-[4.46%]- Pilani Investment and Industries Corporation Ltd <-[19.18%]- Padmavati Investment Private Limited,E0010>E0126>E0292>E0280
E0010,Aditya Birla Fashion and Retail Ltd,37,0.062511,3,no_recorded_owner,E0372,THE PUNJAB PRODUCE AND TRADING CO PVT LTD,Aditya Birla Fashion and Retail Ltd <-[8.00%]- Grasim Industries Ltd <-[4.46%]- Pilani Investment and Industries Corporation Ltd <-[17.52%]- THE PUNJAB PRODUCE AND TRADING CO PVT LTD,E0010>E0126>E0292>E0372
E0010,Aditya Birla Fashion and Retail Ltd,38,0.056,2,no_recorded_owner,E0371,Thai Rayon Public Company Limited,Aditya Birla Fashion and Retail Ltd <-[8.00%]- Grasim Industries Ltd <-[0.70%]- Thai Rayon Public Company Limited,E0010>E0126>E0371
E0010,Aditya Birla Fashion and Retail Ltd,39,0.05562,2,no_recorded_owner,E0145,Icici Prudential Large & Mid Cap Fund,Aditya Birla Fashion and Retail Ltd <-[4.12%]- Hindalco Industries Ltd <-[1.35%]- Icici Prudential Large & Mid Cap Fund,E0010>E0138>E0145
E0010,Aditya Birla Fashion and Retail Ltd,40,0.053471,3,no_recorded_owner,E0154,IGH Holdings Private Limited,Aditya Birla Fashion and Retail Ltd <-[8.00%]- Grasim Industries Ltd <-[4.29%]- Hindalco Industries Ltd <-[15.58%]- IGH Holdings Private Limited,E0010>E0126>E0138>E0154
E0010,Aditya Birla Fashion and Retail Ltd,41,0.0528,2,no_recorded_owner,E0028,Anatole Investments Pte Ltd,Aditya Birla Fashion and Retail Ltd <-[8.00%]- Grasim Industries Ltd <-[0.66%]- Anatole Investments Pte Ltd,E0010>E0126>E0028
E0010,Aditya Birla Fashion and Retail Ltd,42,0.045732,2,no_recorded_owner,E0014,Aditya Birla Sun Life Trustee Private Limited A/C - Aditya Birla Sun Life Large Cap Fund,Aditya Birla Fashion and Retail Ltd <-[4.12%]- Hindalco Industries Ltd <-[1.11%]- Aditya Birla Sun Life Trustee Private Limited A/C - Aditya Birla Sun Life Large Cap Fund,E0010>E0138>E0014
E0010,Aditya Birla Fashion and Retail Ltd,43,0.039552,2,no_recorded_owner,E0060,Birla Institute of Technology and Science,Aditya Birla Fashion and Retail Ltd <-[4.12%]- Hindalco Industries Ltd <-[0.96%]- Birla Institute of Technology and Science,E0010>E0138>E0060
E0010,Aditya Birla Fashion and Retail Ltd,44,0.039056,3,no_recorded_owner,E0057,Birla Group Holdings Private Limited,Aditya Birla Fashion and Retail Ltd <-[8.00%]- Grasim Industries Ltd <-[4.29%]- Hindalco Industries Ltd <-[11.38%]- Birla Group Holdings Private Limited,E0010>E0126>E0138>E0057
E0010,Aditya Birla Fashion and Retail Ltd,45,0.037437,3,no_recorded_owner,E0057,Birla Group Holdings Private Limited,Aditya Birla Fashion and Retail Ltd <-[4.12%]- Hindalco Industries Ltd <-[3.92%]- Grasim Industries Ltd <-[23.18%]- Birla Group Holdings Private Limited,E0010>E0138>E0126>E0057
E0010,Aditya Birla Fashion and Retail Ltd,46,0.030076,2,no_recorded_owner,E0380,TRUSTEE HOLDING SHARES UNDER THE SCHEME OF MERGER OF HIL/IGCL/IGFL ON BEHALF OF HINDALCO,Aditya Birla Fashion and Retail Ltd <-[4.12%]- Hindalco Industries Ltd <-[0.73%]- TRUSTEE HOLDING SHARES UNDER THE SCHEME OF MERGER OF HIL/IGCL/IGFL ON BEHALF OF HINDALCO,E0010>E0138>E0380
E0010,Aditya Birla Fashion and Retail Ltd,47,0.03,1,natural_person,E0038,Aryaman Vikram Birla,Aditya Birla Fashion and Retail Ltd <-[0.03%]- Aryaman Vikram Birla,E0010>E0038
E0010,Aditya Birla Fashion and Retail Ltd,48,0.0208,2,natural_person,E0186,Kumar Mangalam Birla,Aditya Birla Fashion and Retail Ltd <-[8.00%]- Grasim Industries Ltd <-[0.26%]- Kumar Mangalam Birla,E0010>E0126>E0186
E0010,Aditya Birla Fashion and Retail Ltd,49,0.02048,3,no_recorded_owner,E0129,GWALIOR WEBBING COMPANY PRIVATE LIMITED,Aditya Birla Fashion and Retail Ltd <-[8.00%]- Grasim Industries Ltd <-[4.46%]- Pilani Investment and Industries Corporation Ltd <-[5.74%]- GWALIOR WEBBING COMPANY PRIVATE LIMITED,E0010>E0126>E0292>E0129
E0010,Aditya Birla Fashion and Retail Ltd,50,0.019014,3,no_recorded_owner,E0057,Birla Group Holdings Private Limited,Aditya Birla Fashion and Retail Ltd <-[4.12%]- Hindalco Industries Ltd <-[1.33%]- Pilani Investment and Industries Corporation Ltd <-[34.70%]- Birla Group Holdings Private Limited,E0010>E0138>E0292>E0057
E0010,Aditya Birla Fashion and Retail Ltd,51,0.017716,2,no_recorded_owner,E0278,P.T. Indo Bharat Rayon,Aditya Birla Fashion and Retail Ltd <-[4.12%]- Hindalco Industries Ltd <-[0.43%]- P.T. Indo Bharat Rayon,E0010>E0138>E0278
E0010,Aditya Birla Fashion and Retail Ltd,52,0.016056,3,no_recorded_owner,E0294,PRAKASH EDUCATIONAL SOCIETY,Aditya Birla Fashion and Retail Ltd <-[8.00%]- Grasim Industries Ltd <-[4.46%]- Pilani Investment and Industries Corporation Ltd <-[4.50%]- PRAKASH EDUCATIONAL SOCIETY,E0010>E0126>E0292>E0294
E0010,Aditya Birla Fashion and Retail Ltd,53,0.015753,3,no_recorded_owner,E0201,Life Insurance Corporation Of India,Aditya Birla Fashion and Retail Ltd <-[8.00%]- Grasim Industries Ltd <-[4.29%]- Hindalco Industries Ltd <-[4.59%]- Life Insurance Corporation Of India,E0010>E0126>E0138>E0201
E0010,Aditya Birla Fashion and Retail Ltd,54,0.0152,2,no_recorded_owner,E0276,P T Sunrise Bumi Textiles,Aditya Birla Fashion and Retail Ltd <-[8.00%]- Grasim Industries Ltd <-[0.19%]- P T Sunrise Bumi Textiles,E0010>E0126>E0276
E0010,Aditya Birla Fashion and Retail Ltd,55,0.014346,3,no_recorded_owner,E0240,"Morgan Guaranty Trust Company Of New York, Asdepositary","Aditya Birla Fashion and Retail Ltd <-[8.00%]- Grasim Industries Ltd <-[4.29%]- Hindalco Industries Ltd <-[4.18%]- Morgan Guaranty Trust Company Of New York, Asdepositary",E0010>E0126>E0138>E0240
E0010,Aditya Birla Fashion and Retail Ltd,56,0.013453,3,circular,E0126,Grasim Industries Ltd,Aditya Birla Fashion and Retail Ltd <-[8.00%]- Grasim Industries Ltd <-[4.29%]- Hindalco Industries Ltd <-[3.92%]- Grasim Industries Ltd,E0010>E0126>E0138>E0126
E0010,Aditya Birla Fashion and Retail Ltd,57,0.011907,2,no_recorded_owner,E0056,BIRLA EDUCATIONAL INSTITUTION,Aditya Birla Fashion and Retail Ltd <-[5.67%]- Pilani Investment and Industries Corporation Ltd <-[0.21%]- BIRLA EDUCATIONAL INSTITUTION,E0010>E0292>E0056
E0010,Aditya Birla Fashion and Retail Ltd,58,0.010724,3,no_recorded_owner,E0154,IGH Holdings Private Limited,Aditya Birla Fashion and Retail Ltd <-[4.12%]- Hindalco Industries Ltd <-[3.92%]- Grasim Industries Ltd <-[6.64%]- IGH Holdings Private Limited,E0010>E0138>E0126>E0154
E0010,Aditya Birla Fashion and Retail Ltd,59,0.010643,3,no_recorded_owner,E0201,Life Insurance Corporation Of India,Aditya Birla Fashion and Retail Ltd <-[4.12%]- Hindalco Industries Ltd <-[3.92%]- Grasim Industries Ltd <-[6.59%]- Life Insurance Corporation Of India,E0010>E0138>E0126>E0201
E0010,Aditya Birla Fashion and Retail Ltd,60,0.01051,3,no_recorded_owner,E0280,Padmavati Investment Private Limited,Aditya Birla Fashion and Retail Ltd <-[4.12%]- Hindalco Industries Ltd <-[1.33%]- Pilani Investment and Industries Corporation Ltd <-[19.18%]- Padmavati Investment Private Limited,E0010>E0138>E0292>E0280
E0010,Aditya Birla Fashion and Retail Ltd,61,0.01,1,no_recorded_owner,E0007,ABNL Investment Limited,Aditya Birla Fashion and Retail Ltd <-[0.01%]- ABNL Investment Limited,E0010>E0007
E0010,Aditya Birla Fashion and Retail Ltd,62,0.01,1,no_recorded_owner,E0053,Birla Consultants Limited,Aditya Birla Fashion and Retail Ltd <-[0.01%]- Birla Consultants Limited,E0010>E0053
E0010,Aditya Birla Fashion and Retail Ltd,63,0.01,1,no_recorded_owner,E0058,Birla Industrial Finance India Limited,Aditya Birla Fashion and Retail Ltd <-[0.01%]- Birla Industrial Finance India Limited,E0010>E0058
E0011,Aditya Birla Lifestyle Brands Ltd,1,14.55,1,no_recorded_owner,E0057,Birla Group Holdings Private Limited,Aditya Birla Lifestyle Brands Ltd <-[14.55%]- Birla Group Holdings Private Limited,E0011>E0057
E0011,Aditya Birla Lifestyle Brands Ltd,2,11.18,1,no_recorded_owner,E0154,IGH Holdings Private Limited,Aditya Birla Lifestyle Brands Ltd <-[11.18%]- IGH Holdings Private Limited,E0011>E0154
E0011,Aditya Birla Lifestyle Brands Ltd,3,5.39,1,no_recorded_owner,E0064,Caladium Investment Pte. Ltd,Aditya Birla Lifestyle Brands Ltd <-[5.39%]- Caladium Investment Pte. Ltd,E0011>E0064
E0011,Aditya Birla Lifestyle Brands Ltd,4,5.34,1,no_recorded_owner,E0260,NIPPON LIFE INDIA TRUSTEE LTD-A/C NIPPON INDIA MULTI CAP FUND,Aditya Birla Lifestyle Brands Ltd <-[5.34%]- NIPPON LIFE INDIA TRUSTEE LTD-A/C NIPPON INDIA MULTI CAP FUND,E0011>E0260
E0011,Aditya Birla Lifestyle Brands Ltd,5,4.6,1,no_recorded_owner,E0303,Quant Mutual Fund - Quant Small Cap Fund,Aditya Birla Lifestyle Brands Ltd <-[4.60%]- Quant Mutual Fund - Quant Small Cap Fund,E0011>E0303
E0011,Aditya Birla Lifestyle Brands Ltd,6,4.29,1,no_recorded_owner,E0144,ICICI Prudential India Opportunities Fund,Aditya Birla Lifestyle Brands Ltd <-[4.29%]- ICICI Prudential India Opportunities Fund,E0011>E0144
E0011,Aditya Birla Lifestyle Brands Ltd,7,3.78,1,no_recorded_owner,E0325,SBI Life Insurance Co. Ltd,Aditya Birla Lifestyle Brands Ltd <-[3.78%]- SBI Life Insurance Co. Ltd,E0011>E0325
E0011,Aditya Birla Lifestyle Brands Ltd,8,2.95644,2,no_recorded_owner,E0057,Birla Group Holdings Private Limited,Aditya Birla Lifestyle Brands Ltd <-[8.52%]- Pilani Investment and Industries Corporation Ltd <-[34.70%]- Birla Group Holdings Private Limited,E0011>E0292>E0057
E0011,Aditya Birla Lifestyle Brands Ltd,9,2.47,1,no_recorded_owner,E0021,Amansa Holdings Private Limited,Aditya Birla Lifestyle Brands Ltd <-[2.47%]- Amansa Holdings Private Limited,E0011>E0021
E0011,Aditya Birla Lifestyle Brands Ltd,10,1.8544,2,no_recorded_owner,E0057,Birla Group Holdings Private Limited,Aditya Birla Lifestyle Brands Ltd <-[8.00%]- Grasim Industries Ltd <-[23.18%]- Birla Group Holdings Private Limited,E0011>E0126>E0057
E0011,Aditya Birla Lifestyle Brands Ltd,11,1.634136,2,no_recorded_owner,E0280,Padmavati Investment Private Limited,Aditya Birla Lifestyle Brands Ltd <-[8.52%]- Pilani Investment and Industries Corporation Ltd <-[19.18%]- Padmavati Investment Private Limited,E0011>E0292>E0280
E0011,Aditya Birla Lifestyle Brands Ltd,12,1.492704,2,no_recorded_owner,E0372,THE PUNJAB PRODUCE AND TRADING CO PVT LTD,Aditya Birla Lifestyle Brands Ltd <-[8.52%]- Pilani Investment and Industries Corporation Ltd <-[17.52%]- THE PUNJAB PRODUCE AND TRADING CO PVT LTD,E0011>E0292>E0372
E0011,Aditya Birla Lifestyle Brands Ltd,13,1.01,1,no_recorded_owner,E0286,Peanence Commercial Pvt Limited,Aditya Birla Lifestyle Brands Ltd <-[1.01%]- Peanence Commercial Pvt Limited,E0011>E0286
E0011,Aditya Birla Lifestyle Brands Ltd,14,0.641896,2,no_recorded_owner,E0154,IGH Holdings Private Limited,Aditya Birla Lifestyle Brands Ltd <-[4.12%]- Hindalco Industries Ltd <-[15.58%]- IGH Holdings Private Limited,E0011>E0138>E0154
E0011,Aditya Birla Lifestyle Brands Ltd,15,0.5312,2,no_recorded_owner,E0154,IGH Holdings Private Limited,Aditya Birla Lifestyle Brands Ltd <-[8.00%]- Grasim Industries Ltd <-[6.64%]- IGH Holdings Private Limited,E0011>E0126>E0154
E0011,Aditya Birla Lifestyle Brands Ltd,16,0.5272,2,no_recorded_owner,E0201,Life Insurance Corporation Of India,Aditya Birla Lifestyle Brands Ltd <-[8.00%]- Grasim Industries Ltd <-[6.59%]- Life Insurance Corporation Of India,E0011>E0126>E0201
E0011,Aditya Birla Lifestyle Brands Ltd,17,0.489048,2,no_recorded_owner,E0129,GWALIOR WEBBING COMPANY PRIVATE LIMITED,Aditya Birla Lifestyle Brands Ltd <-[8.52%]- Pilani Investment and Industries Corporation Ltd <-[5.74%]- GWALIOR WEBBING COMPANY PRIVATE LIMITED,E0011>E0292>E0129
E0011,Aditya Birla Lifestyle Brands Ltd,18,0.468856,2,no_recorded_owner,E0057,Birla Group Holdings Private Limited,Aditya Birla Lifestyle Brands Ltd <-[4.12%]- Hindalco Industries Ltd <-[11.38%]- Birla Group Holdings Private Limited,E0011>E0138>E0057
E0011,Aditya Birla Lifestyle Brands Ltd,19,0.3834,2,no_recorded_owner,E0294,PRAKASH EDUCATIONAL SOCIETY,Aditya Birla Lifestyle Brands Ltd <-[8.52%]- Pilani Investment and Industries Corporation Ltd <-[4.50%]- PRAKASH EDUCATIONAL SOCIETY,E0011>E0292>E0294
E0011,Aditya Birla Lifestyle Brands Ltd,20,0.2352,2,no_recorded_owner,E0278,P.T. Indo Bharat Rayon,Aditya Birla Lifestyle Brands Ltd <-[8.00%]- Grasim Industries Ltd <-[2.94%]- P.T. Indo Bharat Rayon,E0011>E0126>E0278
E0011,Aditya Birla Lifestyle Brands Ltd,21,0.2024,2,no_recorded_owner,E0077,"Citibank N.A. New York, NYADR Department","Aditya Birla Lifestyle Brands Ltd <-[8.00%]- Grasim Industries Ltd <-[2.53%]- Citibank N.A. New York, NYADR Department",E0011>E0126>E0077
E0011,Aditya Birla Lifestyle Brands Ltd,22,0.189108,2,no_recorded_owner,E0201,Life Insurance Corporation Of India,Aditya Birla Lifestyle Brands Ltd <-[4.12%]- Hindalco Industries Ltd <-[4.59%]- Life Insurance Corporation Of India,E0011>E0138>E0201
E0011,Aditya Birla Lifestyle Brands Ltd,23,0.172216,2,no_recorded_owner,E0240,"Morgan Guaranty Trust Company Of New York, Asdepositary","Aditya Birla Lifestyle Brands Ltd <-[4.12%]- Hindalco Industries Ltd <-[4.18%]- Morgan Guaranty Trust Company Of New York, Asdepositary",E0011>E0138>E0240
E0011,Aditya Birla Lifestyle Brands Ltd,24,0.128,2,no_recorded_owner,E0328,Sbi Nifty 50 Etf,Aditya Birla Lifestyle Brands Ltd <-[8.00%]- Grasim Industries Ltd <-[1.60%]- Sbi Nifty 50 Etf,E0011>E0126>E0328
E0011,Aditya Birla Lifestyle Brands Ltd,25,0.12381,3,no_recorded_owner,E0057,Birla Group Holdings Private Limited,Aditya Birla Lifestyle Brands Ltd <-[8.00%]- Grasim Industries Ltd <-[4.46%]- Pilani Investment and Industries Corporation Ltd <-[34.70%]- Birla Group Holdings Private Limited,E0011>E0126>E0292>E0057
E0011,Aditya Birla Lifestyle Brands Ltd,26,0.1168,2,no_recorded_owner,E0117,GAGANDEEP CREDIT CAPITAL PVT LTD,Aditya Birla Lifestyle Brands Ltd <-[8.00%]- Grasim Industries Ltd <-[1.46%]- GAGANDEEP CREDIT CAPITAL PVT LTD,E0011>E0126>E0117
E0011,Aditya Birla Lifestyle Brands Ltd,27,0.1152,2,no_recorded_owner,E0267,Nps Trust A/C Uti Pension Fund Limited-Scheme State Govt,Aditya Birla Lifestyle Brands Ltd <-[8.00%]- Grasim Industries Ltd <-[1.44%]- Nps Trust A/C Uti Pension Fund Limited-Scheme State Govt,E0011>E0126>E0267
E0011,Aditya Birla Lifestyle Brands Ltd,28,0.1144,2,no_recorded_owner,E0332,Shamyak Investment Private Limited,Aditya Birla Lifestyle Brands Ltd <-[8.00%]- Grasim Industries Ltd <-[1.43%]- Shamyak Investment Private Limited,E0011>E0126>E0332
E0011,Aditya Birla Lifestyle Brands Ltd,29,0.10918,2,no_recorded_owner,E0123,Governement of Singapore,Aditya Birla Lifestyle Brands Ltd <-[4.12%]- Hindalco Industries Ltd <-[2.65%]- Governement of Singapore,E0011>E0138>E0123
E0011,Aditya Birla Lifestyle Brands Ltd,30,0.103824,2,no_recorded_owner,E0270,NPS TRUST- A/C SBI PENSION FUND SCHEME - STATE GOVT,Aditya Birla Lifestyle Brands Ltd <-[4.12%]- Hindalco Industries Ltd <-[2.52%]- NPS TRUST- A/C SBI PENSION FUND SCHEME - STATE GOVT,E0011>E0138>E0270
E0011,Aditya Birla Lifestyle Brands Ltd,31,0.1,1,natural_person,E0186,Kumar Mangalam Birla,Aditya Birla Lifestyle Brands Ltd <-[0.10%]- Kumar Mangalam Birla,E0011>E0186
E0011,Aditya Birla Lifestyle Brands Ltd,32,0.094348,2,no_recorded_owner,E0328,Sbi Nifty 50 Etf,Aditya Birla Lifestyle Brands Ltd <-[4.12%]- Hindalco Industries Ltd <-[2.29%]- Sbi Nifty 50 Etf,E0011>E0138>E0328
E0011,Aditya Birla Lifestyle Brands Ltd,33,0.0936,2,no_recorded_owner,E0374,Theleme Master Fund Limited,Aditya Birla Lifestyle Brands Ltd <-[8.00%]- Grasim Industries Ltd <-[1.17%]- Theleme Master Fund Limited,E0011>E0126>E0374
E0011,Aditya Birla Lifestyle Brands Ltd,34,0.0808,2,no_recorded_owner,E0149,ICICI Prudential Nifty ETF,Aditya Birla Lifestyle Brands Ltd <-[8.00%]- Grasim Industries Ltd <-[1.01%]- ICICI Prudential Nifty ETF,E0011>E0126>E0149
E0011,Aditya Birla Lifestyle Brands Ltd,35,0.07,1,natural_person,E0307,Rajashree Birla,Aditya Birla Lifestyle Brands Ltd <-[0.07%]- Rajashree Birla,E0011>E0307
E0011,Aditya Birla Lifestyle Brands Ltd,36,0.068434,3,no_recorded_owner,E0280,Padmavati Investment Private Limited,Aditya Birla Lifestyle Brands Ltd <-[8.00%]- Grasim Industries Ltd <-[4.46%]- Pilani Investment and Industries Corporation Ltd <-[19.18%]- Padmavati Investment Private Limited,E0011>E0126>E0292>E0280
E0011,Aditya Birla Lifestyle Brands Ltd,37,0.062511,3,no_recorded_owner,E0372,THE PUNJAB PRODUCE AND TRADING CO PVT LTD,Aditya Birla Lifestyle Brands Ltd <-[8.00%]- Grasim Industries Ltd <-[4.46%]- Pilani Investment and Industries Corporation Ltd <-[17.52%]- THE PUNJAB PRODUCE AND TRADING CO PVT LTD,E0011>E0126>E0292>E0372
E0011,Aditya Birla Lifestyle Brands Ltd,38,0.056,2,no_recorded_owner,E0371,Thai Rayon Public Company Limited,Aditya Birla Lifestyle Brands Ltd <-[8.00%]- Grasim Industries Ltd <-[0.70%]- Thai Rayon Public Company Limited,E0011>E0126>E0371
E0011,Aditya Birla Lifestyle Brands Ltd,39,0.05562,2,no_recorded_owner,E0145,Icici Prudential Large & Mid Cap Fund,Aditya Birla Lifestyle Brands Ltd <-[4.12%]- Hindalco Industries Ltd <-[1.35%]- Icici Prudential Large & Mid Cap Fund,E0011>E0138>E0145
E0011,Aditya Birla Lifestyle Brands Ltd,40,0.053471,3,no_recorded_owner,E0154,IGH Holdings Private Limited,Aditya Birla Lifestyle Brands Ltd <-[8.00%]- Grasim Industries Ltd <-[4.29%]- Hindalco Industries Ltd <-[15.58%]- IGH Holdings Private Limited,E0011>E0126>E0138>E0154
E0011,Aditya Birla Lifestyle Brands Ltd,41,0.0528,2,no_recorded_owner,E0028,Anatole Investments Pte Ltd,Aditya Birla Lifestyle Brands Ltd <-[8.00%]- Grasim Industries Ltd <-[0.66%]- Anatole Investments Pte Ltd,E0011>E0126>E0028
E0011,Aditya Birla Lifestyle Brands Ltd,42,0.045732,2,no_recorded_owner,E0014,Aditya Birla Sun Life Trustee Private Limited A/C - Aditya Birla Sun Life Large Cap Fund,Aditya Birla Lifestyle Brands Ltd <-[4.12%]- Hindalco Industries Ltd <-[1.11%]- Aditya Birla Sun Life Trustee Private Limited A/C - Aditya Birla Sun Life Large Cap Fund,E0011>E0138>E0014
E0011,Aditya Birla Lifestyle Brands Ltd,43,0.039552,2,no_recorded_owner,E0060,Birla Institute of Technology and Science,Aditya Birla Lifestyle Brands Ltd <-[4.12%]- Hindalco Industries Ltd <-[0.96%]- Birla Institute of Technology and Science,E0011>E0138>E0060
E0011,Aditya Birla Lifestyle Brands Ltd,44,0.039056,3,no_recorded_owner,E0057,Birla Group Holdings Private Limited,Aditya Birla Lifestyle Brands Ltd <-[8.00%]- Grasim Industries Ltd <-[4.29%]- Hindalco Industries Ltd <-[11.38%]- Birla Group Holdings Private Limited,E0011>E0126>E0138>E0057
E0011,Aditya Birla Lifestyle Brands Ltd,45,0.037437,3,no_recorded_owner,E0057,Birla Group Holdings Private Limited,Aditya Birla Lifestyle Brands Ltd <-[4.12%]- Hindalco Industries Ltd <-[3.92%]- Grasim Industries Ltd <-[23.18%]- Birla Group Holdings Private Limited,E0011>E0138>E0126>E0057
E0011,Aditya Birla Lifestyle Brands Ltd,46,0.030076,2,no_recorded_owner,E0380,TRUSTEE HOLDING SHARES UNDER THE SCHEME OF MERGER OF HIL/IGCL/IGFL ON BEHALF OF HINDALCO,Aditya Birla Lifestyle Brands Ltd <-[4.12%]- Hindalco Industries Ltd <-[0.73%]- TRUSTEE HOLDING SHARES UNDER THE SCHEME OF MERGER OF HIL/IGCL/IGFL ON BEHALF OF HINDALCO,E0011>E0138>E0380
E0011,Aditya Birla Lifestyle Brands Ltd,47,0.0208,2,natural_person,E0186,Kumar Mangalam Birla,Aditya Birla Lifestyle Brands Ltd <-[8.00%]- Grasim Industries Ltd <-[0.26%]- Kumar Mangalam Birla,E0011>E0126>E0186
E0011,Aditya Birla Lifestyle Brands Ltd,48,0.02048,3,no_recorded_owner,E0129,GWALIOR WEBBING COMPANY PRIVATE LIMITED,Aditya Birla Lifestyle Brands Ltd <-[8.00%]- Grasim Industries Ltd <-[4.46%]- Pilani Investment and Industries Corporation Ltd <-[5.74%]- GWALIOR WEBBING COMPANY PRIVATE LIMITED,E0011>E0126>E0292>E0129
E0011,Aditya Birla Lifestyle Brands Ltd,49,0.02,1,natural_person,E0038,Aryaman Vikram Birla,Aditya Birla Lifestyle Brands Ltd <-[0.02%]- Aryaman Vikram Birla,E0011>E0038
E0011,Aditya Birla Lifestyle Brands Ltd,50,0.019014,3,no_recorded_owner,E0057,Birla Group Holdings Private Limited,Aditya Birla Lifestyle Brands Ltd <-[4.12%]- Hindalco Industries Ltd <-[1.33%]- Pilani Investment and Industries Corporation Ltd <-[34.70%]- Birla Group Holdings Private Limited,E0011>E0138>E0292>E0057
E0011,Aditya Birla Lifestyle Brands Ltd,51,0.017892,2,no_recorded_owner,E0056,BIRLA EDUCATIONAL INSTITUTION,Aditya Birla Lifestyle Brands Ltd <-[8.52%]- Pilani Investment and Industries Corporation Ltd <-[0.21%]- BIRLA EDUCATIONAL INSTITUTION,E0011>E0292>E0056
E0011,Aditya Birla Lifestyle Brands Ltd,52,0.017716,2,no_recorded_owner,E0278,P.T. Indo Bharat Rayon,Aditya Birla Lifestyle Brands Ltd <-[4.12%]- Hindalco Industries Ltd <-[0.43%]- P.T. Indo Bharat Rayon,E0011>E0138>E0278
E0011,Aditya Birla Lifestyle Brands Ltd,53,0.016056,3,no_recorded_owner,E0294,PRAKASH EDUCATIONAL SOCIETY,Aditya Birla Lifestyle Brands Ltd <-[8.00%]- Grasim Industries Ltd <-[4.46%]- Pilani Investment and Industries Corporation Ltd <-[4.50%]- PRAKASH EDUCATIONAL SOCIETY,E0011>E0126>E0292>E0294
E0011,Aditya Birla Lifestyle Brands Ltd,54,0.015753,3,no_recorded_owner,E0201,Life Insurance Corporation Of India,Aditya Birla Lifestyle Brands Ltd <-[8.00%]- Grasim Industries Ltd <-[4.29%]- Hindalco Industries Ltd <-[4.59%]- Life Insurance Corporation Of India,E0011>E0126>E0138>E0201
E0011,Aditya Birla Lifestyle Brands Ltd,55,0.0152,2,no_recorded_owner,E0276,P T Sunrise Bumi Textiles,Aditya Birla Lifestyle Brands Ltd <-[8.00%]- Grasim Industries Ltd <-[0.19%]- P T Sunrise Bumi Textiles,E0011>E0126>E0276
E0011,Aditya Birla Lifestyle Brands Ltd,56,0.014346,3,no_recorded_owner,E0240,"Morgan Guaranty Trust Company Of New York, Asdepositary","Aditya Birla Lifestyle Brands Ltd <-[8.00%]- Grasim Industries Ltd <-[4.29%]- Hindalco Industries Ltd <-[4.18%]- Morgan Guaranty Trust Company Of New York, Asdepositary",E0011>E0126>E0138>E0240
E0011,Aditya Birla Lifestyle Brands Ltd,57,0.013453,3,circular,E0126,Grasim Industries Ltd,Aditya Birla Lifestyle Brands Ltd <-[8.00%]- Grasim Industries Ltd <-[4.29%]- Hindalco Industries Ltd <-[3.92%]- Grasim Industries Ltd,E0011>E0126>E0138>E0126
E0011,Aditya Birla Lifestyle Brands Ltd,58,0.010724,3,no_recorded_owner,E0154,IGH Holdings Private Limited,Aditya Birla Lifestyle Brands Ltd <-[4.12%]- Hindalco Industries Ltd <-[3.92%]- Grasim Industries Ltd <-[6.64%]- IGH Holdings Private Limited,E0011>E0138>E0126>E0154
E0011,Aditya Birla Lifestyle Brands Ltd,59,0.010643,3,no_recorded_owner,E0201,Life Insurance Corporation Of India,Aditya Birla Lifestyle Brands Ltd <-[4.12%]- Hindalco Industries Ltd <-[3.92%]- Grasim Industries Ltd <-[6.59%]- Life Insurance Corporation Of India,E0011>E0138>E0126>E0201
E0011,Aditya Birla Lifestyle Brands Ltd,60,0.01051,3,no_recorded_owner,E0280,Padmavati Investment Private Limited,Aditya Birla Lifestyle Brands Ltd <-[4.12%]- Hindalco Industries Ltd <-[1.33%]- Pilani Investment and Industries Corporation Ltd <-[19.18%]- Padmavati Investment Private Limited,E0011>E0138>E0292>E0280
E0011,Aditya Birla Lifestyle Brands Ltd,61,0.01,1,no_recorded_owner,E0007,ABNL Investment Limited,Aditya Birla Lifestyle Brands Ltd <-[0.01%]- ABNL Investment Limited,E0011>E0007
E0011,Aditya Birla Lifestyle Brands Ltd,62,0.01,1,no_recorded_owner,E0053,Birla Consultants Limited,Aditya Birla Lifestyle Brands Ltd <-[0.01%]- Birla Consultants Limited,E0011>E0053
E0011,Aditya Birla Lifestyle Brands Ltd,63,0.01,1,no_recorded_owner,E0058,Birla Industrial Finance India Limited,Aditya Birla Lifestyle Brands Ltd <-[0.01%]- Birla Industrial Finance India Limited,E0011>E0058
E0012,Aditya Birla Real Estate Ltd,1,11.55163,2,no_recorded_owner,E0057,Birla Group Holdings Private Limited,Aditya Birla Real Estate Ltd <-[33.29%]- Pilani Investment and Industries Corporation Ltd <-[34.70%]- Birla Group Holdings Private Limited,E0012>E0292>E0057
E0012,Aditya Birla Real Estate Ltd,2,9.98,1,no_recorded_owner,E0154,IGH Holdings Private Limited,Aditya Birla Real Estate Ltd <-[9.98%]- IGH Holdings Private Limited,E0012>E0154
E0012,Aditya Birla Real Estate Ltd,3,6.77,1,no_recorded_owner,E0057,Birla Group Holdings Private Limited,Aditya Birla Real Estate Ltd <-[6.77%]- Birla Group Holdings Private Limited,E0012>E0057
E0012,Aditya Birla Real Estate Ltd,4,6.385022,2,no_recorded_owner,E0280,Padmavati Investment Private Limited,Aditya Birla Real Estate Ltd <-[33.29%]- Pilani Investment and Industries Corporation Ltd <-[19.18%]- Padmavati Investment Private Limited,E0012>E0292>E0280
E0012,Aditya Birla Real Estate Ltd,5,5.832408,2,no_recorded_owner,E0372,THE PUNJAB PRODUCE AND TRADING CO PVT LTD,Aditya Birla Real Estate Ltd <-[33.29%]- Pilani Investment and Industries Corporation Ltd <-[17.52%]- THE PUNJAB PRODUCE AND TRADING CO PVT LTD,E0012>E0292>E0372
E0012,Aditya Birla Real Estate Ltd,6,2.93,1,no_recorded_owner,E0066,CANARA ROBECO MUTUAL FUND A/C CANARA ROBECO LARGE AND MID CAP FUND,Aditya Birla Real Estate Ltd <-[2.93%]- CANARA ROBECO MUTUAL FUND A/C CANARA ROBECO LARGE AND MID CAP FUND,E0012>E0066
E0012,Aditya Birla Real Estate Ltd,7,2.57,1,no_recorded_owner,E0159,INVESCO INDIA FOCUSED FUND,Aditya Birla Real Estate Ltd <-[2.57%]- INVESCO INDIA FOCUSED FUND,E0012>E0159
E0012,Aditya Birla Real Estate Ltd,8,2.11,1,no_recorded_owner,E0013,Aditya Birla Sun Life Trustee Private Limited A/C - Aditya Birla Sun Life Elss Tax Saver Fund,Aditya Birla Real Estate Ltd <-[2.11%]- Aditya Birla Sun Life Trustee Private Limited A/C - Aditya Birla Sun Life Elss Tax Saver Fund,E0012>E0013
E0012,Aditya Birla Real Estate Ltd,9,1.97,1,no_recorded_owner,E0050,Bandhan Small Cap Fund,Aditya Birla Real Estate Ltd <-[1.97%]- Bandhan Small Cap Fund,E0012>E0050
E0012,Aditya Birla Real Estate Ltd,10,1.910846,2,no_recorded_owner,E0129,GWALIOR WEBBING COMPANY PRIVATE LIMITED,Aditya Birla Real Estate Ltd <-[33.29%]- Pilani Investment and Industries Corporation Ltd <-[5.74%]- GWALIOR WEBBING COMPANY PRIVATE LIMITED,E0012>E0292>E0129
E0012,Aditya Birla Real Estate Ltd,11,1.63,1,no_recorded_owner,E0262,Nippon Life India Trustee Ltd-A/C Nippon India Small Cap Fund,Aditya Birla Real Estate Ltd <-[1.63%]- Nippon Life India Trustee Ltd-A/C Nippon India Small Cap Fund,E0012>E0262
E0012,Aditya Birla Real Estate Ltd,12,1.62,1,no_recorded_owner,E0054,Birla Corporation Limited,Aditya Birla Real Estate Ltd <-[1.62%]- Birla Corporation Limited,E0012>E0054
E0012,Aditya Birla Real Estate Ltd,13,1.52,1,natural_person,E0140,HITESH SATISHCHANDRA DOSHI,Aditya Birla Real Estate Ltd <-[1.52%]- HITESH SATISHCHANDRA DOSHI,E0012>E0140
E0012,Aditya Birla Real Estate Ltd,14,1.49805,2,no_recorded_owner,E0294,PRAKASH EDUCATIONAL SOCIETY,Aditya Birla Real Estate Ltd <-[33.29%]- Pilani Investment and Industries Corporation Ltd <-[4.50%]- PRAKASH EDUCATIONAL SOCIETY,E0012>E0292>E0294
E0012,Aditya Birla Real Estate Ltd,15,1.4,1,no_recorded_owner,E0121,Goldman Sachs Funds - Goldman Sachs India Equity Portfolio,Aditya Birla Real Estate Ltd <-[1.40%]- Goldman Sachs Funds - Goldman Sachs India Equity Portfolio,E0012>E0121
E0012,Aditya Birla Real Estate Ltd,16,1.0,1,no_recorded_owner,E0142,Hsbc Mutual Fund - Hsbc Value Fund,Aditya Birla Real Estate Ltd <-[1.00%]- Hsbc Mutual Fund - Hsbc Value Fund,E0012>E0142
E0012,Aditya Birla Real Estate Ltd,17,0.11,1,no_recorded_owner,E0294,PRAKASH EDUCATIONAL SOCIETY,Aditya Birla Real Estate Ltd <-[0.11%]- PRAKASH EDUCATIONAL SOCIETY,E0012>E0294
E0012,Aditya Birla Real Estate Ltd,18,0.069909,2,no_recorded_owner,E0056,BIRLA EDUCATIONAL INSTITUTION,Aditya Birla Real Estate Ltd <-[33.29%]- Pilani Investment and Industries Corporation Ltd <-[0.21%]- BIRLA EDUCATIONAL INSTITUTION,E0012>E0292>E0056
E0012,Aditya Birla Real Estate Ltd,19,0.04,1,no_recorded_owner,E0056,BIRLA EDUCATIONAL INSTITUTION,Aditya Birla Real Estate Ltd <-[0.04%]- BIRLA EDUCATIONAL INSTITUTION,E0012>E0056
E0012,Aditya Birla Real Estate Ltd,20,0.029961,2,no_recorded_owner,E0110,ESSEL MINING & INDUSTRIES LTD,Aditya Birla Real Estate Ltd <-[33.29%]- Pilani Investment and Industries Corporation Ltd <-[0.09%]- ESSEL MINING & INDUSTRIES LTD,E0012>E0292>E0110
E0012,Aditya Birla Real Estate Ltd,21,0.01,1,no_recorded_owner,E0280,Padmavati Investment Private Limited,Aditya Birla Real Estate Ltd <-[0.01%]- Padmavati Investment Private Limited,E0012>E0280
E0040,Automobile Corporation of Goa Ltd-$,1,19.660572,2,no_recorded_owner,E0365,Tata Sons Private Limited,Automobile Corporation of Goa Ltd-$ <-[48.98%]- Tata Motors Ltd <-[40.14%]- Tata Sons Private Limited,E0040>E0361>E0365
E0040,Automobile Corporation of Goa Ltd-$,2,6.66,1,no_recorded_owner,E0107,Edc Limited,Automobile Corporation of Goa Ltd-$ <-[6.66%]- Edc Limited,E0040>E0107
E0040,Automobile Corporation of Goa Ltd-$,3,4.13,1,natural_person,E0036,Arun Nahar,Automobile Corporation of Goa Ltd-$ <-[4.13%]- Arun Nahar,E0040>E0036
E0040,Automobile Corporation of Goa Ltd-$,4,2.13,1,no_recorded_owner,E0163,Investor Education And Protection Fund Authority Ministry Of Corporate Affairs,Automobile Corporation of Goa Ltd-$ <-[2.13%]- Investor Education And Protection Fund Authority Ministry Of Corporate Affairs,E0040>E0163
E0040,Automobile Corporation of Goa Ltd-$,5,2.101242,2,no_recorded_owner,E0201,Life Insurance Corporation Of India,Automobile Corporation of Goa Ltd-$ <-[48.98%]- Tata Motors Ltd <-[4.29%]- Life Insurance Corporation Of India,E0040>E0361>E0201
E0040,Automobile Corporation of Goa Ltd-$,6,1.748586,2,no_recorded_owner,E0152,Icici Prudential Value Fund,Automobile Corporation of Goa Ltd-$ <-[48.98%]- Tata Motors Ltd <-[3.57%]- Icici Prudential Value Fund,E0040>E0361>E0152
E0040,Automobile Corporation of Goa Ltd-$,7,1.351848,2,no_recorded_owner,E0324,SBI Large Cap Fund,Automobile Corporation of Goa Ltd-$ <-[48.98%]- Tata Motors Ltd <-[2.76%]- SBI Large Cap Fund,E0040>E0361>E0324
E0040,Automobile Corporation of Goa Ltd-$,8,1.25,1,no_recorded_owner,E0305,Rachna Credit Capital Private Limited,Automobile Corporation of Goa Ltd-$ <-[1.25%]- Rachna Credit Capital Private Limited,E0040>E0305
E0040,Automobile Corporation of Goa Ltd-$,9,1.21,1,natural_person,E0282,Pankaj Rakyan,Automobile Corporation of Goa Ltd-$ <-[1.21%]- Pankaj Rakyan,E0040>E0282
E0040,Automobile Corporation of Goa Ltd-$,10,1.08,1,natural_person,E0093,Diana Dhun Ratnagar,Automobile Corporation of Goa Ltd-$ <-[1.08%]- Diana Dhun Ratnagar,E0040>E0093
E0040,Automobile Corporation of Goa Ltd-$,11,1.06,1,natural_person,E0091,Dhanesh S Shah,Automobile Corporation of Goa Ltd-$ <-[1.06%]- Dhanesh S Shah,E0040>E0091
E0040,Automobile Corporation of Goa Ltd-$,12,0.960008,2,no_recorded_owner,E0358,Tata Industries Limited,Automobile Corporation of Goa Ltd-$ <-[48.98%]- Tata Motors Ltd <-[1.96%]- Tata Industries Limited,E0040>E0361>E0358
E0040,Automobile Corporation of Goa Ltd-$,13,0.646536,2,natural_person,E0314,Rekha Jhunjhunwala,Automobile Corporation of Goa Ltd-$ <-[48.98%]- Tata Motors Ltd <-[1.32%]- Rekha Jhunjhunwala,E0040>E0361>E0314
E0040,Automobile Corporation of Goa Ltd-$,14,0.61225,2,no_recorded_owner,E0137,HDFC Trustee Company Ltd./HDFC Large Cap Fund,Automobile Corporation of Goa Ltd-$ <-[48.98%]- Tata Motors Ltd <-[1.25%]- HDFC Trustee Company Ltd./HDFC Large Cap Fund,E0040>E0361>E0137
E0040,Automobile Corporation of Goa Ltd-$,15,0.499596,2,no_recorded_owner,E0123,Governement of Singapore,Automobile Corporation of Goa Ltd-$ <-[48.98%]- Tata Motors Ltd <-[1.02%]- Governement of Singapore,E0040>E0361>E0123
E0040,Automobile Corporation of Goa Ltd-$,16,0.100669,3,no_recorded_owner,E0365,Tata Sons Private Limited,Automobile Corporation of Goa Ltd-$ <-[48.98%]- Tata Motors Ltd <-[0.30%]- Tata Investment Corporation Ltd <-[68.51%]- Tata Sons Private Limited,E0040>E0361>E0360>E0365
E0040,Automobile Corporation of Goa Ltd-$,17,0.044082,2,no_recorded_owner,E0112,Ewart Investments Limited,Automobile Corporation of Goa Ltd-$ <-[48.98%]- Tata Motors Ltd <-[0.09%]- Ewart Investments Limited,E0040>E0361>E0112
E0040,Automobile Corporation of Goa Ltd-$,18,0.02449,2,below_threshold,E0351,Tata Chemicals Ltd,Automobile Corporation of Goa Ltd-$ <-[48.98%]- Tata Motors Ltd <-[0.05%]- Tata Chemicals Ltd,E0040>E0361>E0351
E0041,Automotive Stampings and Assemblies Ltd,1,75.0,1,no_recorded_owner,E0349,Tata AutoComp Systems Limited,Automotive Stampings and Assemblies Ltd <-[75.00%]- Tata AutoComp Systems Limited,E0041>E0349
E0051,Benares Hotels Ltd,1,17.662398,2,no_recorded_owner,E0365,Tata Sons Private Limited,Benares Hotels Ltd <-[49.53%]- Indian Hotels Company Ltd <-[35.66%]- Tata Sons Private Limited,E0051>E0157>E0365
E0051,Benares Hotels Ltd,2,4.16,1,no_recorded_owner,E0290,Piem Hotels Limited,Benares Hotels Ltd <-[4.16%]- Piem Hotels Limited,E0051>E0290
E0051,Benares Hotels Ltd,3,2.87,1,natural_person,E0015,Aditya Deorah,Benares Hotels Ltd <-[2.87%]- Aditya Deorah,E0051>E0015
E0051,Benares Hotels Ltd,4,2.37,1,no_recorded_owner,E0163,Investor Education And Protection Fund Authority Ministry Of Corporate Affairs,Benares Hotels Ltd <-[2.37%]- Investor Education And Protection Fund Authority Ministry Of Corporate Affairs,E0051>E0163
E0051,Benares Hotels Ltd,5,2.347722,2,no_recorded_owner,E0270,NPS TRUST- A/C SBI PENSION FUND SCHEME - STATE GOVT,Benares Hotels Ltd <-[49.53%]- Indian Hotels Company Ltd <-[4.74%]- NPS TRUST- A/C SBI PENSION FUND SCHEME - STATE GOVT,E0051>E0157>E0270
E0051,Benares Hotels Ltd,6,2.31,1,no_recorded_owner,E0020,All India Kashiraj Trust,Benares Hotels Ltd <-[2.31%]- All India Kashiraj Trust,E0051>E0020
E0051,Benares Hotels Ltd,7,1.85,1,natural_person,E0026,Anant Narain Singh,Benares Hotels Ltd <-[1.85%]- Anant Narain Singh,E0051>E0026
E0051,Benares Hotels Ltd,8,1.55,1,natural_person,E0401,Vinodchandra Mansukhlal Parekh,Benares Hotels Ltd <-[1.55%]- Vinodchandra Mansukhlal Parekh,E0051>E0401
E0051,Benares Hotels Ltd,9,1.54,1,natural_person,E0061,Brajraj Singh,Benares Hotels Ltd <-[1.54%]- Brajraj Singh,E0051>E0061
E0051,Benares Hotels Ltd,10,1.45,1,natural_person,E0033,Arjun Ramani,Benares Hotels Ltd <-[1.45%]- Arjun Ramani,E0051>E0033
E0051,Benares Hotels Ltd,11,1.38,1,natural_person,E0334,Shrivarad Narayan Singh,Benares Hotels Ltd <-[1.38%]- Shrivarad Narayan Singh,E0051>E0334
E0051,Benares Hotels Ltd,12,1.35,1,natural_person,E0231,Maharaj Kumari Hari Priya,Benares Hotels Ltd <-[1.35%]- Maharaj Kumari Hari Priya,E0051>E0231
E0051,Benares Hotels Ltd,13,1.307592,2,no_recorded_owner,E0201,Life Insurance Corporation Of India,Benares Hotels Ltd <-[49.53%]- Indian Hotels Company Ltd <-[2.64%]- Life Insurance Corporation Of India,E0051>E0157>E0201
E0051,Benares Hotels Ltd,14,1.253109,2,no_recorded_owner,E0260,NIPPON LIFE INDIA TRUSTEE LTD-A/C NIPPON INDIA MULTI CAP FUND,Benares Hotels Ltd <-[49.53%]- Indian Hotels Company Ltd <-[2.53%]- NIPPON LIFE INDIA TRUSTEE LTD-A/C NIPPON INDIA MULTI CAP FUND,E0051>E0157>E0260
E0051,Benares Hotels Ltd,15,1.23,1,natural_person,E0306,Raghubirsingh R Gohil,Benares Hotels Ltd <-[1.23%]- Raghubirsingh R Gohil,E0051>E0306
E0051,Benares Hotels Ltd,16,1.168908,2,no_recorded_owner,E0066,CANARA ROBECO MUTUAL FUND A/C CANARA ROBECO LARGE AND MID CAP FUND,Benares Hotels Ltd <-[49.53%]- Indian Hotels Company Ltd <-[2.36%]- CANARA ROBECO MUTUAL FUND A/C CANARA ROBECO LARGE AND MID CAP FUND,E0051>E0157>E0066
E0051,Benares Hotels Ltd,17,1.08966,2,no_recorded_owner,E0045,AXIS MUTUAL FUND TRUSTEE LIMITED A/C AXIS MUTUAL FUND A/C AXIS MIDCAP FUND,Benares Hotels Ltd <-[49.53%]- Indian Hotels Company Ltd <-[2.20%]- AXIS MUTUAL FUND TRUSTEE LIMITED A/C AXIS MUTUAL FUND A/C AXIS MIDCAP FUND,E0051>E0157>E0045
E0051,Benares Hotels Ltd,18,0.97,1,natural_person,E0233,Maharaja Kumari Krishna Priya,Benares Hotels Ltd <-[0.97%]- Maharaja Kumari Krishna Priya,E0051>E0233
E0051,Benares Hotels Ltd,19,0.747903,2,no_recorded_owner,E0134,HDFC MUTUAL FUND - HDFC MID-CAP FUND,Benares Hotels Ltd <-[49.53%]- Indian Hotels Company Ltd <-[1.51%]- HDFC MUTUAL FUND - HDFC MID-CAP FUND,E0051>E0157>E0134
E0051,Benares Hotels Ltd,20,0.74295,2,no_recorded_owner,E0143,Icici Prudential Balanced Advantage Fund,Benares Hotels Ltd <-[49.53%]- Indian Hotels Company Ltd <-[1.50%]- Icici Prudential Balanced Advantage Fund,E0051>E0157>E0143
E0051,Benares Hotels Ltd,21,0.55,1,natural_person,E0025,Anamika Kunwar,Benares Hotels Ltd <-[0.55%]- Anamika Kunwar,E0051>E0025
E0051,Benares Hotels Ltd,22,0.4953,2,natural_person,E0314,Rekha Jhunjhunwala,Benares Hotels Ltd <-[49.53%]- Indian Hotels Company Ltd <-[1.00%]- Rekha Jhunjhunwala,E0051>E0157>E0314
E0051,Benares Hotels Ltd,23,0.427556,3,no_recorded_owner,E0365,Tata Sons Private Limited,Benares Hotels Ltd <-[49.53%]- Indian Hotels Company Ltd <-[1.26%]- Tata Investment Corporation Ltd <-[68.51%]- Tata Sons Private Limited,E0051>E0157>E0360>E0365
E0051,Benares Hotels Ltd,24,0.39,1,natural_person,E0232,Maharaj Kumari Vishnupriya,Benares Hotels Ltd <-[0.39%]- Maharaj Kumari Vishnupriya,E0051>E0232
E0051,Benares Hotels Ltd,25,0.131141,3,no_recorded_owner,E0365,Tata Sons Private Limited,Benares Hotels Ltd <-[49.53%]- Indian Hotels Company Ltd <-[0.83%]- Tata Chemicals Ltd <-[31.90%]- Tata Sons Private Limited,E0051>E0157>E0351>E0365
E0051,Benares Hotels Ltd,26,0.08,1,no_recorded_owner,E0156,Imlak Varanasi Developments Private Limited,Benares Hotels Ltd <-[0.08%]- Imlak Varanasi Developments Private Limited,E0051>E0156
E0051,Benares Hotels Ltd,27,0.074295,2,no_recorded_owner,E0112,Ewart Investments Limited,Benares Hotels Ltd <-[49.53%]- Indian Hotels Company Ltd <-[0.15%]- Ewart Investments Limited,E0051>E0157>E0112
E0051,Benares Hotels Ltd,28,0.039624,2,no_recorded_owner,E0345,TAJ MADURAI LIMITED,Benares Hotels Ltd <-[49.53%]- Indian Hotels Company Ltd <-[0.08%]- TAJ MADURAI LIMITED,E0051>E0157>E0345
E0051,Benares Hotels Ltd,29,0.037986,3,no_recorded_owner,E0202,Life Insurance Corporation Of India - P & Gs Fund,Benares Hotels Ltd <-[49.53%]- Indian Hotels Company Ltd <-[0.83%]- Tata Chemicals Ltd <-[9.24%]- Life Insurance Corporation Of India - P & Gs Fund,E0051>E0157>E0351>E0202
E0051,Benares Hotels Ltd,30,0.029718,2,below_threshold,E0274,Oriental Hotels Ltd,Benares Hotels Ltd <-[49.53%]- Indian Hotels Company Ltd <-[0.06%]- Oriental Hotels Ltd,E0051>E0157>E0274
E0051,Benares Hotels Ltd,31,0.024765,2,no_recorded_owner,E0358,Tata Industries Limited,Benares Hotels Ltd <-[49.53%]- Indian Hotels Company Ltd <-[0.05%]- Tata Industries Limited,E0051>E0157>E0358
E0051,Benares Hotels Ltd,32,0.016814,4,no_recorded_owner,E0365,Tata Sons Private Limited,Benares Hotels Ltd <-[49.53%]- Indian Hotels Company Ltd <-[0.83%]- Tata Chemicals Ltd <-[5.97%]- Tata Investment Corporation Ltd <-[68.51%]- Tata Sons Private Limited,E0051>E0157>E0351>E0360>E0365
E0051,Benares Hotels Ltd,33,0.016567,3,no_recorded_owner,E0152,Icici Prudential Value Fund,Benares Hotels Ltd <-[49.53%]- Indian Hotels Company Ltd <-[0.83%]- Tata Chemicals Ltd <-[4.03%]- Icici Prudential Value Fund,E0051>E0157>E0351>E0152
E0051,Benares Hotels Ltd,34,0.011141,3,no_recorded_owner,E0175,Kotak Flexicap Fund,Benares Hotels Ltd <-[49.53%]- Indian Hotels Company Ltd <-[0.83%]- Tata Chemicals Ltd <-[2.71%]- Kotak Flexicap Fund,E0051>E0157>E0351>E0175
E0051,Benares Hotels Ltd,35,0.01,1,no_recorded_owner,E0264,Northern India Hotels Limited,Benares Hotels Ltd <-[0.01%]- Northern India Hotels Limited,E0051>E0264
E0068,Carborundum Universal Ltd,1,29.43,1,no_recorded_owner,E0023,AMBADI INVESTMENTS LIMITED,Carborundum Universal Ltd <-[29.43%]- AMBADI INVESTMENTS LIMITED,E0068>E0023
E0068,Carborundum Universal Ltd,2,9.66,1,no_recorded_owner,E0326,SBI MIDCAP FUND,Carborundum Universal Ltd <-[9.66%]- SBI MIDCAP FUND,E0068>E0326
E0068,Carborundum Universal Ltd,3,5.16,1,no_recorded_owner,E0261,NIPPON LIFE INDIA TRUSTEE LTD-A/C NIPPON INDIA NIF,Carborundum Universal Ltd <-[5.16%]- NIPPON LIFE INDIA TRUSTEE LTD-A/C NIPPON INDIA NIF,E0068>E0261
E0068,Carborundum Universal Ltd,4,2.33,1,no_recorded_owner,E0183,KOTAK SMALL CAP FUND,Carborundum Universal Ltd <-[2.33%]- KOTAK SMALL CAP FUND,E0068>E0183
E0068,Carborundum Universal Ltd,5,2.21,1,no_recorded_owner,E0147,ICICI PRUDENTIAL MUTUAL FUND - ICICI PRUDENTIAL,Carborundum Universal Ltd <-[2.21%]- ICICI PRUDENTIAL MUTUAL FUND - ICICI PRUDENTIAL,E0068>E0147
E0068,Carborundum Universal Ltd,6,2.05,1,no_recorded_owner,E0176,KOTAK FUNDS - INDIA MIDCAP FUND,Carborundum Universal Ltd <-[2.05%]- KOTAK FUNDS - INDIA MIDCAP FUND,E0068>E0176
E0068,Carborundum Universal Ltd,7,2.0,1,no_recorded_owner,E0248,MURUGAPPA EDUCATIONAL AND MEDICAL FOUNDATION,Carborundum Universal Ltd <-[2.00%]- MURUGAPPA EDUCATIONAL AND MEDICAL FOUNDATION,E0068>E0248
E0068,Carborundum Universal Ltd,8,1.7,1,no_recorded_owner,E0131,HDFC LARGE AND MID CAP FUND,Carborundum Universal Ltd <-[1.70%]- HDFC LARGE AND MID CAP FUND,E0068>E0131
E0068,Carborundum Universal Ltd,9,1.52,1,no_recorded_owner,E0357,TATA ETHICAL FUND,Carborundum Universal Ltd <-[1.52%]- TATA ETHICAL FUND,E0068>E0357
E0068,Carborundum Universal Ltd,10,1.51,1,no_recorded_owner,E0158,INVESCO INDIA BALANCED ADVANTAGE FUND,Carborundum Universal Ltd <-[1.51%]- INVESCO INDIA BALANCED ADVANTAGE FUND,E0068>E0158
E0068,Carborundum Universal Ltd,11,1.36,1,no_recorded_owner,E0044,AXIS MUTUAL FUND TRUSTEE LIMITED A/C AXIS MUTUAL FUND,Carborundum Universal Ltd <-[1.36%]- AXIS MUTUAL FUND TRUSTEE LIMITED A/C AXIS MUTUAL FUND,E0068>E0044
E0068,Carborundum Universal Ltd,12,0.76,1,no_recorded_owner,E0341,SOUTHERN ENERGY DEVELOPMENT CORPORATION LTD,Carborundum Universal Ltd <-[0.76%]- SOUTHERN ENERGY DEVELOPMENT CORPORATION LTD,E0068>E0341
E0068,Carborundum Universal Ltd,13,0.58,1,no_recorded_owner,E0229,M.M.MUTHIAH RESEARCH FOUNDATION,Carborundum Universal Ltd <-[0.58%]- M.M.MUTHIAH RESEARCH FOUNDATION,E0068>E0229
E0068,Carborundum Universal Ltd,14,0.54,1,natural_person,E0304,R.MUTHATHA,Carborundum Universal Ltd <-[0.54%]- R.MUTHATHA,E0068>E0304
E0068,Carborundum Universal Ltd,15,0.53,1,natural_person,E0208,M A M ARUNACHALAM,Carborundum Universal Ltd <-[0.53%]- M A M ARUNACHALAM,E0068>E0208
E0068,Carborundum Universal Ltd,16,0.41,1,natural_person,E0228,M.A.ALAGAPPAN,Carborundum Universal Ltd <-[0.41%]- M.A.ALAGAPPAN,E0068>E0228
E0068,Carborundum Universal Ltd,17,0.38,1,natural_person,E0005,A VENKATACHALAM,Carborundum Universal Ltd <-[0.38%]- A VENKATACHALAM,E0068>E0005
E0068,Carborundum Universal Ltd,18,0.25,1,natural_person,E0034,ARUN ALAGAPPAN,Carborundum Universal Ltd <-[0.25%]- ARUN ALAGAPPAN,E0068>E0034
E0068,Carborundum Universal Ltd,19,0.25,1,natural_person,E0235,MEENAKSHI MURUGAPPAN,Carborundum Universal Ltd <-[0.25%]- MEENAKSHI MURUGAPPAN,E0068>E0235
E0068,Carborundum Universal Ltd,20,0.22,1,natural_person,E0388,V NARAYANAN,Carborundum Universal Ltd <-[0.22%]- V NARAYANAN,E0068>E0388
E0068,Carborundum Universal Ltd,21,0.21,1,natural_person,E0387,V ARUNACHALAM,Carborundum Universal Ltd <-[0.21%]- V ARUNACHALAM,E0068>E0387
E0068,Carborundum Universal Ltd,22,0.2,1,no_recorded_owner,E0190,Lakshmi Ramaswamy Family Trust,Carborundum Universal Ltd <-[0.20%]- Lakshmi Ramaswamy Family Trust,E0068>E0190
E0068,Carborundum Universal Ltd,23,0.2,1,no_recorded_owner,E0321,Saraswathi Trust,Carborundum Universal Ltd <-[0.20%]- Saraswathi Trust,E0068>E0321
E0068,Carborundum Universal Ltd,24,0.18,1,no_recorded_owner,E0035,Arun Murugappan Children's Trust,Carborundum Universal Ltd <-[0.18%]- Arun Murugappan Children's Trust,E0068>E0035
E0068,Carborundum Universal Ltd,25,0.18,1,no_recorded_owner,E0205,M A Alagappan Grand Children Trust,Carborundum Universal Ltd <-[0.18%]- M A Alagappan Grand Children Trust,E0068>E0205
E0068,Carborundum Universal Ltd,26,0.18,1,natural_person,E0213,M M MURUGAPPAN,Carborundum Universal Ltd <-[0.18%]- M M MURUGAPPAN,E0068>E0213
E0068,Carborundum Universal Ltd,27,0.18,1,no_recorded_owner,E0216,M M Muthiah Family Trust,Carborundum Universal Ltd <-[0.18%]- M M Muthiah Family Trust,E0068>E0216
E0068,Carborundum Universal Ltd,28,0.18,1,natural_person,E0217,M M Muthiah HUF,Carborundum Universal Ltd <-[0.18%]- M M Muthiah HUF,E0068>E0217
E0068,Carborundum Universal Ltd,29,0.18,1,no_recorded_owner,E0218,M M Veerappan Family Trust,Carborundum Universal Ltd <-[0.18%]- M M Veerappan Family Trust,E0068>E0218
E0068,Carborundum Universal Ltd,30,0.16,1,natural_person,E0024,AMM Arunachalam HUF,Carborundum Universal Ltd <-[0.16%]- AMM Arunachalam HUF,E0068>E0024
E0068,Carborundum Universal Ltd,31,0.16,1,no_recorded_owner,E0230,M.M.MUTHIAH SONS PRIVATE LTD,Carborundum Universal Ltd <-[0.16%]- M.M.MUTHIAH SONS PRIVATE LTD,E0068>E0230
E0068,Carborundum Universal Ltd,32,0.15,1,no_recorded_owner,E0331,Shambho Trust,Carborundum Universal Ltd <-[0.15%]- Shambho Trust,E0068>E0331
E0068,Carborundum Universal Ltd,33,0.14,1,no_recorded_owner,E0221,M V Muthiah Family Trust,Carborundum Universal Ltd <-[0.14%]- M V Muthiah Family Trust,E0068>E0221
E0068,Carborundum Universal Ltd,34,0.14,1,no_recorded_owner,E0226,M V Subramanian Family Trust,Carborundum Universal Ltd <-[0.14%]- M V Subramanian Family Trust,E0068>E0226
E0068,Carborundum Universal Ltd,35,0.14,1,natural_person,E0393,VALLI ANNAMALAI,Carborundum Universal Ltd <-[0.14%]- VALLI ANNAMALAI,E0068>E0393
E0068,Carborundum Universal Ltd,36,0.12,1,no_recorded_owner,E0220,M M Venkatachalam Family Trust,Carborundum Universal Ltd <-[0.12%]- M M Venkatachalam Family Trust,E0068>E0220
E0068,Carborundum Universal Ltd,37,0.11,1,no_recorded_owner,E0206,M A ALAGAPPAN HOLDINGS PRIVATE LIMITED,Carborundum Universal Ltd <-[0.11%]- M A ALAGAPPAN HOLDINGS PRIVATE LIMITED,E0068>E0206
E0068,Carborundum Universal Ltd,38,0.1,1,natural_person,E0037,ARUN VENKATACHALAM,Carborundum Universal Ltd <-[0.10%]- ARUN VENKATACHALAM,E0068>E0037
E0068,Carborundum Universal Ltd,39,0.1,1,no_recorded_owner,E0192,Lakshmi Venkatachalam Family Trust,Carborundum Universal Ltd <-[0.10%]- Lakshmi Venkatachalam Family Trust,E0068>E0192
E0068,Carborundum Universal Ltd,40,0.1,1,natural_person,E0207,M A ALAGAPPAN HUF,Carborundum Universal Ltd <-[0.10%]- M A ALAGAPPAN HUF,E0068>E0207
E0068,Carborundum Universal Ltd,41,0.08,1,no_recorded_owner,E0031,AR LAKSHMI ACHI TRUST,Carborundum Universal Ltd <-[0.08%]- AR LAKSHMI ACHI TRUST,E0068>E0031
E0068,Carborundum Universal Ltd,42,0.08,1,no_recorded_owner,E0210,M A MURUGAPPAN HOLDINGS LLP,Carborundum Universal Ltd <-[0.08%]- M A MURUGAPPAN HOLDINGS LLP,E0068>E0210
E0068,Carborundum Universal Ltd,43,0.06,1,natural_person,E0193,LALITHA VELLAYAN,Carborundum Universal Ltd <-[0.06%]- LALITHA VELLAYAN,E0068>E0193
E0068,Carborundum Universal Ltd,44,0.05,1,natural_person,E0211,M A Murugappan HUF,Carborundum Universal Ltd <-[0.05%]- M A Murugappan HUF,E0068>E0211
E0068,Carborundum Universal Ltd,45,0.05,1,natural_person,E0237,MEYYAMMAI VENKATACHALAM,Carborundum Universal Ltd <-[0.05%]- MEYYAMMAI VENKATACHALAM,E0068>E0237
E0068,Carborundum Universal Ltd,46,0.04,1,natural_person,E0225,M V SUBBIAH HUF,Carborundum Universal Ltd <-[0.04%]- M V SUBBIAH HUF,E0068>E0225
E0068,Carborundum Universal Ltd,47,0.03,1,natural_person,E0395,VALLIAMMAI MURUGAPPAN,Carborundum Universal Ltd <-[0.03%]- VALLIAMMAI MURUGAPPAN,E0068>E0395
E0068,Carborundum Universal Ltd,48,0.01,1,natural_person,E0003,A M MEYYAMMAI,Carborundum Universal Ltd <-[0.01%]- A M MEYYAMMAI,E0068>E0003
E0068,Carborundum Universal Ltd,49,0.01,1,natural_person,E0215,M M MURUGAPPAN HUF,Carborundum Universal Ltd <-[0.01%]- M M MURUGAPPAN HUF,E0068>E0215
E0068,Carborundum Universal Ltd,50,0.01,1,natural_person,E0392,VALLI ALAGAPPAN,Carborundum Universal Ltd <-[0.01%]- VALLI ALAGAPPAN,E0068>E0392
E0070,Century Enka Ltd,1,16.63,1,no_recorded_owner,E0057,Birla Group Holdings Private Limited,Century Enka Ltd <-[16.63%]- Birla Group Holdings Private Limited,E0070>E0057
E0070,Century Enka Ltd,2,7.87,1,no_recorded_owner,E0302,Quant Mutual Fund - Quant Multi Cap Fund,Century Enka Ltd <-[7.87%]- Quant Mutual Fund - Quant Multi Cap Fund,E0070>E0302
E0070,Century Enka Ltd,3,3.39,1,natural_person,E0139,Hitesh Ramji Javeri,Century Enka Ltd <-[3.39%]- Hitesh Ramji Javeri,E0070>E0139
E0070,Century Enka Ltd,4,2.52,1,natural_person,E0130,Harsha Hitesh Javeri,Century Enka Ltd <-[2.52%]- Harsha Hitesh Javeri,E0070>E0130
E0070,Century Enka Ltd,5,2.27,1,no_recorded_owner,E0405,Zen Securities Ltd,Century Enka Ltd <-[2.27%]- Zen Securities Ltd,E0070>E0405
E0070,Century Enka Ltd,6,2.06,1,no_recorded_owner,E0194,Larsin Enterprises Corp,Century Enka Ltd <-[2.06%]- Larsin Enterprises Corp,E0070>E0194
E0070,Century Enka Ltd,7,2.06,1,no_recorded_owner,E0234,Malingos International Holdings Limited,Century Enka Ltd <-[2.06%]- Malingos International Holdings Limited,E0070>E0234
E0070,Century Enka Ltd,8,1.97,1,no_recorded_owner,E0151,Icici Prudential Smallcap Fund,Century Enka Ltd <-[1.97%]- Icici Prudential Smallcap Fund,E0070>E0151
E0070,Century Enka Ltd,9,1.54,1,no_recorded_owner,E0163,Investor Education And Protection Fund Authority Ministry Of Corporate Affairs,Century Enka Ltd <-[1.54%]- Investor Education And Protection Fund Authority Ministry Of Corporate Affairs,E0070>E0163
E0070,Century Enka Ltd,10,1.28,1,natural_person,E0311,Ramesh Chimanlal Shah,Century Enka Ltd <-[1.28%]- Ramesh Chimanlal Shah,E0070>E0311
E0070,Century Enka Ltd,11,1.27,1,no_recorded_owner,E0294,PRAKASH EDUCATIONAL SOCIETY,Century Enka Ltd <-[1.27%]- PRAKASH EDUCATIONAL SOCIETY,E0070>E0294
E0070,Century Enka Ltd,12,1.14,1,no_recorded_owner,E0115,French Wilbert Ltd,Century Enka Ltd <-[1.14%]- French Wilbert Ltd,E0070>E0115
E0070,Century Enka Ltd,13,0.669995,3,no_recorded_owner,E0057,Birla Group Holdings Private Limited,Century Enka Ltd <-[5.80%]- Aditya Birla Real Estate Ltd <-[33.29%]- Pilani Investment and Industries Corporation Ltd <-[34.70%]- Birla Group Holdings Private Limited,E0070>E0012>E0292>E0057
E0070,Century Enka Ltd,14,0.57884,2,no_recorded_owner,E0154,IGH Holdings Private Limited,Century Enka Ltd <-[5.80%]- Aditya Birla Real Estate Ltd <-[9.98%]- IGH Holdings Private Limited,E0070>E0012>E0154
E0070,Century Enka Ltd,15,0.39266,2,no_recorded_owner,E0057,Birla Group Holdings Private Limited,Century Enka Ltd <-[5.80%]- Aditya Birla Real Estate Ltd <-[6.77%]- Birla Group Holdings Private Limited,E0070>E0012>E0057
E0070,Century Enka Ltd,16,0.370331,3,no_recorded_owner,E0280,Padmavati Investment Private Limited,Century Enka Ltd <-[5.80%]- Aditya Birla Real Estate Ltd <-[33.29%]- Pilani Investment and Industries Corporation Ltd <-[19.18%]- Padmavati Investment Private Limited,E0070>E0012>E0292>E0280
E0070,Century Enka Ltd,17,0.34,1,no_recorded_owner,E0055,BIRLA EDUCATION TRUST,Century Enka Ltd <-[0.34%]- BIRLA EDUCATION TRUST,E0070>E0055
E0070,Century Enka Ltd,18,0.33828,3,no_recorded_owner,E0372,THE PUNJAB PRODUCE AND TRADING CO PVT LTD,Century Enka Ltd <-[5.80%]- Aditya Birla Real Estate Ltd <-[33.29%]- Pilani Investment and Industries Corporation Ltd <-[17.52%]- THE PUNJAB PRODUCE AND TRADING CO PVT LTD,E0070>E0012>E0292>E0372
E0070,Century Enka Ltd,19,0.16994,2,no_recorded_owner,E0066,CANARA ROBECO MUTUAL FUND A/C CANARA ROBECO LARGE AND MID CAP FUND,Century Enka Ltd <-[5.80%]- Aditya Birla Real Estate Ltd <-[2.93%]- CANARA ROBECO MUTUAL FUND A/C CANARA ROBECO LARGE AND MID CAP FUND,E0070>E0012>E0066
E0070,Century Enka Ltd,20,0.14906,2,no_recorded_owner,E0159,INVESCO INDIA FOCUSED FUND,Century Enka Ltd <-[5.80%]- Aditya Birla Real Estate Ltd <-[2.57%]- INVESCO INDIA FOCUSED FUND,E0070>E0012>E0159
E0070,Century Enka Ltd,21,0.14,1,natural_person,E0016,Aditya Vikram Kumarmangalam Birla Huf,Century Enka Ltd <-[0.14%]- Aditya Vikram Kumarmangalam Birla Huf,E0070>E0016
E0070,Century Enka Ltd,22,0.13,1,no_recorded_owner,E0280,Padmavati Investment Private Limited,Century Enka Ltd <-[0.13%]- Padmavati Investment Private Limited,E0070>E0280
E0070,Century Enka Ltd,23,0.12238,2,no_recorded_owner,E0013,Aditya Birla Sun Life Trustee Private Limited A/C - Aditya Birla Sun Life Elss Tax Saver Fund,Century Enka Ltd <-[5.80%]- Aditya Birla Real Estate Ltd <-[2.11%]- Aditya Birla Sun Life Trustee Private Limited A/C - Aditya Birla Sun Life Elss Tax Saver Fund,E0070>E0012>E0013
E0070,Century Enka Ltd,24,0.12,1,natural_person,E0307,Rajashree Birla,Century Enka Ltd <-[0.12%]- Rajashree Birla,E0070>E0307
E0070,Century Enka Ltd,25,0.11451,2,no_recorded_owner,E0057,Birla Group Holdings Private Limited,Century Enka Ltd <-[0.33%]- Pilani Investment and Industries Corporation Ltd <-[34.70%]- Birla Group Holdings Private Limited,E0070>E0292>E0057
E0070,Century Enka Ltd,26,0.11426,2,no_recorded_owner,E0050,Bandhan Small Cap Fund,Century Enka Ltd <-[5.80%]- Aditya Birla Real Estate Ltd <-[1.97%]- Bandhan Small Cap Fund,E0070>E0012>E0050
E0070,Century Enka Ltd,27,0.110829,3,no_recorded_owner,E0129,GWALIOR WEBBING COMPANY PRIVATE LIMITED,Century Enka Ltd <-[5.80%]- Aditya Birla Real Estate Ltd <-[33.29%]- Pilani Investment and Industries Corporation Ltd <-[5.74%]- GWALIOR WEBBING COMPANY PRIVATE LIMITED,E0070>E0012>E0292>E0129
E0070,Century Enka Ltd,28,0.09454,2,no_recorded_owner,E0262,Nippon Life India Trustee Ltd-A/C Nippon India Small Cap Fund,Century Enka Ltd <-[5.80%]- Aditya Birla Real Estate Ltd <-[1.63%]- Nippon Life India Trustee Ltd-A/C Nippon India Small Cap Fund,E0070>E0012>E0262
E0070,Century Enka Ltd,29,0.09396,2,no_recorded_owner,E0054,Birla Corporation Limited,Century Enka Ltd <-[5.80%]- Aditya Birla Real Estate Ltd <-[1.62%]- Birla Corporation Limited,E0070>E0012>E0054
E0070,Century Enka Ltd,30,0.08816,2,natural_person,E0140,HITESH SATISHCHANDRA DOSHI,Century Enka Ltd <-[5.80%]- Aditya Birla Real Estate Ltd <-[1.52%]- HITESH SATISHCHANDRA DOSHI,E0070>E0012>E0140
E0070,Century Enka Ltd,31,0.086887,3,no_recorded_owner,E0294,PRAKASH EDUCATIONAL SOCIETY,Century Enka Ltd <-[5.80%]- Aditya Birla Real Estate Ltd <-[33.29%]- Pilani Investment and Industries Corporation Ltd <-[4.50%]- PRAKASH EDUCATIONAL SOCIETY,E0070>E0012>E0292>E0294
E0070,Century Enka Ltd,32,0.0812,2,no_recorded_owner,E0121,Goldman Sachs Funds - Goldman Sachs India Equity Portfolio,Century Enka Ltd <-[5.80%]- Aditya Birla Real Estate Ltd <-[1.40%]- Goldman Sachs Funds - Goldman Sachs India Equity Portfolio,E0070>E0012>E0121
E0070,Century Enka Ltd,33,0.07,1,no_recorded_owner,E0047,B. K. Birla Foundation,Century Enka Ltd <-[0.07%]- B. K. Birla Foundation,E0070>E0047
E0070,Century Enka Ltd,34,0.063294,2,no_recorded_owner,E0280,Padmavati Investment Private Limited,Century Enka Ltd <-[0.33%]- Pilani Investment and Industries Corporation Ltd <-[19.18%]- Padmavati Investment Private Limited,E0070>E0292>E0280
E0070,Century Enka Ltd,35,0.058,2,no_recorded_owner,E0142,Hsbc Mutual Fund - Hsbc Value Fund,Century Enka Ltd <-[5.80%]- Aditya Birla Real Estate Ltd <-[1.00%]- Hsbc Mutual Fund - Hsbc Value Fund,E0070>E0012>E0142
E0070,Century Enka Ltd,36,0.057816,2,no_recorded_owner,E0372,THE PUNJAB PRODUCE AND TRADING CO PVT LTD,Century Enka Ltd <-[0.33%]- Pilani Investment and Industries Corporation Ltd <-[17.52%]- THE PUNJAB PRODUCE AND TRADING CO PVT LTD,E0070>E0292>E0372
E0070,Century Enka Ltd,37,0.04,1,natural_person,E0398,Vasavadatta Bajaj,Century Enka Ltd <-[0.04%]- Vasavadatta Bajaj,E0070>E0398
E0070,Century Enka Ltd,38,0.018942,2,no_recorded_owner,E0129,GWALIOR WEBBING COMPANY PRIVATE LIMITED,Century Enka Ltd <-[0.33%]- Pilani Investment and Industries Corporation Ltd <-[5.74%]- GWALIOR WEBBING COMPANY PRIVATE LIMITED,E0070>E0292>E0129
E0070,Century Enka Ltd,39,0.01485,2,no_recorded_owner,E0294,PRAKASH EDUCATIONAL SOCIETY,Century Enka Ltd <-[0.33%]- Pilani Investment and Industries Corporation Ltd <-[4.50%]- PRAKASH EDUCATIONAL SOCIETY,E0070>E0292>E0294
E0071,CG Power and Industrial Solutions Ltd,1,20.056127,2,no_recorded_owner,E0023,AMBADI INVESTMENTS LIMITED,CG Power and Industrial Solutions Ltd <-[56.29%]- Tube Investments of India Ltd <-[35.63%]- AMBADI INVESTMENTS LIMITED,E0071>E0381>E0023
E0071,CG Power and Industrial Solutions Ltd,2,3.51,1,no_recorded_owner,E0270,NPS TRUST- A/C SBI PENSION FUND SCHEME - STATE GOVT,CG Power and Industrial Solutions Ltd <-[3.51%]- NPS TRUST- A/C SBI PENSION FUND SCHEME - STATE GOVT,E0071>E0270
E0071,CG Power and Industrial Solutions Ltd,3,2.426099,2,no_recorded_owner,E0339,"SMALLCAP WORLD FUND, INC","CG Power and Industrial Solutions Ltd <-[56.29%]- Tube Investments of India Ltd <-[4.31%]- SMALLCAP WORLD FUND, INC",E0071>E0381>E0339
E0071,CG Power and Industrial Solutions Ltd,4,2.161536,2,no_recorded_owner,E0260,NIPPON LIFE INDIA TRUSTEE LTD-A/C NIPPON INDIA MULTI CAP FUND,CG Power and Industrial Solutions Ltd <-[56.29%]- Tube Investments of India Ltd <-[3.84%]- NIPPON LIFE INDIA TRUSTEE LTD-A/C NIPPON INDIA MULTI CAP FUND,E0071>E0381>E0260
E0071,CG Power and Industrial Solutions Ltd,5,1.62,1,no_recorded_owner,E0241,MOTILAL OSWAL LARGE AND MIDCAP FUND,CG Power and Industrial Solutions Ltd <-[1.62%]- MOTILAL OSWAL LARGE AND MIDCAP FUND,E0071>E0241
E0071,CG Power and Industrial Solutions Ltd,6,1.57,1,no_recorded_owner,E0042,AXIS ELSS TAX SAVER FUND,CG Power and Industrial Solutions Ltd <-[1.57%]- AXIS ELSS TAX SAVER FUND,E0071>E0042
E0071,CG Power and Industrial Solutions Ltd,7,1.289041,2,no_recorded_owner,E0243,MOTILAL OSWAL NIFTY MIDCAP 100 ETF,CG Power and Industrial Solutions Ltd <-[56.29%]- Tube Investments of India Ltd <-[2.29%]- MOTILAL OSWAL NIFTY MIDCAP 100 ETF,E0071>E0381>E0243
E0071,CG Power and Industrial Solutions Ltd,8,1.1,1,no_recorded_owner,E0124,GOVERNMENT PENSION FUND GLOBAL,CG Power and Industrial Solutions Ltd <-[1.10%]- GOVERNMENT PENSION FUND GLOBAL,E0071>E0124
E0071,CG Power and Industrial Solutions Ltd,9,1.1,1,no_recorded_owner,E0260,NIPPON LIFE INDIA TRUSTEE LTD-A/C NIPPON INDIA MULTI CAP FUND,CG Power and Industrial Solutions Ltd <-[1.10%]- NIPPON LIFE INDIA TRUSTEE LTD-A/C NIPPON INDIA MULTI CAP FUND,E0071>E0260
E0071,CG Power and Industrial Solutions Ltd,10,1.041365,2,no_recorded_owner,E0201,Life Insurance Corporation Of India,CG Power and Industrial Solutions Ltd <-[56.29%]- Tube Investments of India Ltd <-[1.85%]- Life Insurance Corporation Of India,E0071>E0381>E0201
E0071,CG Power and Industrial Solutions Ltd,11,0.664222,2,no_recorded_owner,E0102,DSP FLEXI CAP FUND,CG Power and Industrial Solutions Ltd <-[56.29%]- Tube Investments of India Ltd <-[1.18%]- DSP FLEXI CAP FUND,E0071>E0381>E0102
E0071,CG Power and Industrial Solutions Ltd,12,0.652964,2,no_recorded_owner,E0113,FRANKLIN ASIAN EQUITY FUND,CG Power and Industrial Solutions Ltd <-[56.29%]- Tube Investments of India Ltd <-[1.16%]- FRANKLIN ASIAN EQUITY FUND,E0071>E0381>E0113
E0071,CG Power and Industrial Solutions Ltd,13,0.613561,2,no_recorded_owner,E0132,HDFC LIFE INSURANCE COMPANY LIMITED,CG Power and Industrial Solutions Ltd <-[56.29%]- Tube Investments of India Ltd <-[1.09%]- HDFC LIFE INSURANCE COMPANY LIMITED,E0071>E0381>E0132
E0071,CG Power and Industrial Solutions Ltd,14,0.613561,2,no_recorded_owner,E0386,UTI NIFTY500 SHARIAH INDEX FUND,CG Power and Industrial Solutions Ltd <-[56.29%]- Tube Investments of India Ltd <-[1.09%]- UTI NIFTY500 SHARIAH INDEX FUND,E0071>E0381>E0386
E0071,CG Power and Industrial Solutions Ltd,15,0.574158,2,no_recorded_owner,E0268,NPS TRUST- A/C HDFC PENSION FUND MANAGEMENT LIMITE,CG Power and Industrial Solutions Ltd <-[56.29%]- Tube Investments of India Ltd <-[1.02%]- NPS TRUST- A/C HDFC PENSION FUND MANAGEMENT LIMITE,E0071>E0381>E0268
E0071,CG Power and Industrial Solutions Ltd,16,0.247676,2,natural_person,E0208,M A M ARUNACHALAM,CG Power and Industrial Solutions Ltd <-[56.29%]- Tube Investments of India Ltd <-[0.44%]- M A M ARUNACHALAM,E0071>E0381>E0208
E0071,CG Power and Industrial Solutions Ltd,17,0.219531,2,natural_person,E0034,ARUN ALAGAPPAN,CG Power and Industrial Solutions Ltd <-[56.29%]- Tube Investments of India Ltd <-[0.39%]- ARUN ALAGAPPAN,E0071>E0381>E0034
E0071,CG Power and Industrial Solutions Ltd,18,0.213902,2,no_recorded_owner,E0248,MURUGAPPA EDUCATIONAL AND MEDICAL FOUNDATION,CG Power and Industrial Solutions Ltd <-[56.29%]- Tube Investments of India Ltd <-[0.38%]- MURUGAPPA EDUCATIONAL AND MEDICAL FOUNDATION,E0071>E0381>E0248
E0071,CG Power and Industrial Solutions Ltd,19,0.213902,2,natural_person,E0387,V ARUNACHALAM,CG Power and Industrial Solutions Ltd <-[56.29%]- Tube Investments of India Ltd <-[0.38%]- V ARUNACHALAM,E0071>E0381>E0387
E0071,CG Power and Industrial Solutions Ltd,20,0.208273,2,natural_person,E0228,M.A.ALAGAPPAN,CG Power and Industrial Solutions Ltd <-[56.29%]- Tube Investments of India Ltd <-[0.37%]- M.A.ALAGAPPAN,E0071>E0381>E0228
E0071,CG Power and Industrial Solutions Ltd,21,0.202644,2,no_recorded_owner,E0190,Lakshmi Ramaswamy Family Trust,CG Power and Industrial Solutions Ltd <-[56.29%]- Tube Investments of India Ltd <-[0.36%]- Lakshmi Ramaswamy Family Trust,E0071>E0381>E0190
E0071,CG Power and Industrial Solutions Ltd,22,0.197015,2,natural_person,E0388,V NARAYANAN,CG Power and Industrial Solutions Ltd <-[56.29%]- Tube Investments of India Ltd <-[0.35%]- V NARAYANAN,E0071>E0381>E0388
E0071,CG Power and Industrial Solutions Ltd,23,0.16887,2,natural_person,E0005,A VENKATACHALAM,CG Power and Industrial Solutions Ltd <-[56.29%]- Tube Investments of India Ltd <-[0.30%]- A VENKATACHALAM,E0071>E0381>E0005
E0071,CG Power and Industrial Solutions Ltd,24,0.163241,2,natural_person,E0188,LAKSHMI CHOCKALINGAM,CG Power and Industrial Solutions Ltd <-[56.29%]- Tube Investments of India Ltd <-[0.29%]- LAKSHMI CHOCKALINGAM,E0071>E0381>E0188
E0071,CG Power and Industrial Solutions Ltd,25,0.163241,2,no_recorded_owner,E0331,Shambho Trust,CG Power and Industrial Solutions Ltd <-[56.29%]- Tube Investments of India Ltd <-[0.29%]- Shambho Trust,E0071>E0381>E0331
E0071,CG Power and Industrial Solutions Ltd,26,0.157612,2,no_recorded_owner,E0210,M A MURUGAPPAN HOLDINGS LLP,CG Power and Industrial Solutions Ltd <-[56.29%]- Tube Investments of India Ltd <-[0.28%]- M A MURUGAPPAN HOLDINGS LLP,E0071>E0381>E0210
E0071,CG Power and Industrial Solutions Ltd,27,0.157612,2,no_recorded_owner,E0321,Saraswathi Trust,CG Power and Industrial Solutions Ltd <-[56.29%]- Tube Investments of India Ltd <-[0.28%]- Saraswathi Trust,E0071>E0381>E0321
E0071,CG Power and Industrial Solutions Ltd,28,0.146354,2,no_recorded_owner,E0236,Meenakshi Murugappan Family Trust,CG Power and Industrial Solutions Ltd <-[56.29%]- Tube Investments of India Ltd <-[0.26%]- Meenakshi Murugappan Family Trust,E0071>E0381>E0236
E0071,CG Power and Industrial Solutions Ltd,29,0.140725,2,no_recorded_owner,E0216,M M Muthiah Family Trust,CG Power and Industrial Solutions Ltd <-[56.29%]- Tube Investments of India Ltd <-[0.25%]- M M Muthiah Family Trust,E0071>E0381>E0216
E0071,CG Power and Industrial Solutions Ltd,30,0.135096,2,no_recorded_owner,E0218,M M Veerappan Family Trust,CG Power and Industrial Solutions Ltd <-[56.29%]- Tube Investments of India Ltd <-[0.24%]- M M Veerappan Family Trust,E0071>E0381>E0218
E0071,CG Power and Industrial Solutions Ltd,31,0.135096,2,no_recorded_owner,E0221,M V Muthiah Family Trust,CG Power and Industrial Solutions Ltd <-[56.29%]- Tube Investments of India Ltd <-[0.24%]- M V Muthiah Family Trust,E0071>E0381>E0221
E0071,CG Power and Industrial Solutions Ltd,32,0.135096,2,no_recorded_owner,E0226,M V Subramanian Family Trust,CG Power and Industrial Solutions Ltd <-[56.29%]- Tube Investments of India Ltd <-[0.24%]- M V Subramanian Family Trust,E0071>E0381>E0226
E0071,CG Power and Industrial Solutions Ltd,33,0.129467,2,natural_person,E0037,ARUN VENKATACHALAM,CG Power and Industrial Solutions Ltd <-[56.29%]- Tube Investments of India Ltd <-[0.23%]- ARUN VENKATACHALAM,E0071>E0381>E0037
E0071,CG Power and Industrial Solutions Ltd,34,0.129467,2,no_recorded_owner,E0206,M A ALAGAPPAN HOLDINGS PRIVATE LIMITED,CG Power and Industrial Solutions Ltd <-[56.29%]- Tube Investments of India Ltd <-[0.23%]- M A ALAGAPPAN HOLDINGS PRIVATE LIMITED,E0071>E0381>E0206
E0071,CG Power and Industrial Solutions Ltd,35,0.11258,2,no_recorded_owner,E0031,AR LAKSHMI ACHI TRUST,CG Power and Industrial Solutions Ltd <-[56.29%]- Tube Investments of India Ltd <-[0.20%]- AR LAKSHMI ACHI TRUST,E0071>E0381>E0031
E0071,CG Power and Industrial Solutions Ltd,36,0.11258,2,no_recorded_owner,E0220,M M Venkatachalam Family Trust,CG Power and Industrial Solutions Ltd <-[56.29%]- Tube Investments of India Ltd <-[0.20%]- M M Venkatachalam Family Trust,E0071>E0381>E0220
E0071,CG Power and Industrial Solutions Ltd,37,0.106951,2,natural_person,E0237,MEYYAMMAI VENKATACHALAM,CG Power and Industrial Solutions Ltd <-[56.29%]- Tube Investments of India Ltd <-[0.19%]- MEYYAMMAI VENKATACHALAM,E0071>E0381>E0237
E0071,CG Power and Industrial Solutions Ltd,38,0.106951,2,natural_person,E0393,VALLI ANNAMALAI,CG Power and Industrial Solutions Ltd <-[56.29%]- Tube Investments of India Ltd <-[0.19%]- VALLI ANNAMALAI,E0071>E0381>E0393
E0071,CG Power and Industrial Solutions Ltd,39,0.101322,2,natural_person,E0215,M M MURUGAPPAN HUF,CG Power and Industrial Solutions Ltd <-[56.29%]- Tube Investments of India Ltd <-[0.18%]- M M MURUGAPPAN HUF,E0071>E0381>E0215
E0071,CG Power and Industrial Solutions Ltd,40,0.095693,2,no_recorded_owner,E0192,Lakshmi Venkatachalam Family Trust,CG Power and Industrial Solutions Ltd <-[56.29%]- Tube Investments of India Ltd <-[0.17%]- Lakshmi Venkatachalam Family Trust,E0071>E0381>E0192
E0071,CG Power and Industrial Solutions Ltd,41,0.095693,2,natural_person,E0304,R.MUTHATHA,CG Power and Industrial Solutions Ltd <-[56.29%]- Tube Investments of India Ltd <-[0.17%]- R.MUTHATHA,E0071>E0381>E0304
E0071,CG Power and Industrial Solutions Ltd,42,0.084435,2,no_recorded_owner,E0229,M.M.MUTHIAH RESEARCH FOUNDATION,CG Power and Industrial Solutions Ltd <-[56.29%]- Tube Investments of India Ltd <-[0.15%]- M.M.MUTHIAH RESEARCH FOUNDATION,E0071>E0381>E0229
E0071,CG Power and Industrial Solutions Ltd,43,0.078806,2,natural_person,E0217,M M Muthiah HUF,CG Power and Industrial Solutions Ltd <-[56.29%]- Tube Investments of India Ltd <-[0.14%]- M M Muthiah HUF,E0071>E0381>E0217
E0071,CG Power and Industrial Solutions Ltd,44,0.067548,2,natural_person,E0336,SIGAPI ARUNACHALAM,CG Power and Industrial Solutions Ltd <-[56.29%]- Tube Investments of India Ltd <-[0.12%]- SIGAPI ARUNACHALAM,E0071>E0381>E0336
E0071,CG Power and Industrial Solutions Ltd,45,0.061919,2,no_recorded_owner,E0035,Arun Murugappan Children's Trust,CG Power and Industrial Solutions Ltd <-[56.29%]- Tube Investments of India Ltd <-[0.11%]- Arun Murugappan Children's Trust,E0071>E0381>E0035
E0071,CG Power and Industrial Solutions Ltd,46,0.061919,2,no_recorded_owner,E0205,M A Alagappan Grand Children Trust,CG Power and Industrial Solutions Ltd <-[56.29%]- Tube Investments of India Ltd <-[0.11%]- M A Alagappan Grand Children Trust,E0071>E0381>E0205
E0071,CG Power and Industrial Solutions Ltd,47,0.061919,2,no_recorded_owner,E0249,Murugappan Arunachalam Children Trust,CG Power and Industrial Solutions Ltd <-[56.29%]- Tube Investments of India Ltd <-[0.11%]- Murugappan Arunachalam Children Trust,E0071>E0381>E0249
E0071,CG Power and Industrial Solutions Ltd,48,0.05629,2,no_recorded_owner,E0214,M M Murugappan Family Trust,CG Power and Industrial Solutions Ltd <-[56.29%]- Tube Investments of India Ltd <-[0.10%]- M M Murugappan Family Trust,E0071>E0381>E0214
E0071,CG Power and Industrial Solutions Ltd,49,0.050661,2,natural_person,E0213,M M MURUGAPPAN,CG Power and Industrial Solutions Ltd <-[56.29%]- Tube Investments of India Ltd <-[0.09%]- M M MURUGAPPAN,E0071>E0381>E0213
E0071,CG Power and Industrial Solutions Ltd,50,0.050661,2,natural_person,E0225,M V SUBBIAH HUF,CG Power and Industrial Solutions Ltd <-[56.29%]- Tube Investments of India Ltd <-[0.09%]- M V SUBBIAH HUF,E0071>E0381>E0225
E0071,CG Power and Industrial Solutions Ltd,51,0.045032,2,natural_person,E0211,M A Murugappan HUF,CG Power and Industrial Solutions Ltd <-[56.29%]- Tube Investments of India Ltd <-[0.08%]- M A Murugappan HUF,E0071>E0381>E0211
E0071,CG Power and Industrial Solutions Ltd,52,0.039403,2,natural_person,E0207,M A ALAGAPPAN HUF,CG Power and Industrial Solutions Ltd <-[56.29%]- Tube Investments of India Ltd <-[0.07%]- M A ALAGAPPAN HUF,E0071>E0381>E0207
E0071,CG Power and Industrial Solutions Ltd,53,0.039403,2,natural_person,E0224,M V SUBBIAH,CG Power and Industrial Solutions Ltd <-[56.29%]- Tube Investments of India Ltd <-[0.07%]- M V SUBBIAH,E0071>E0381>E0224
E0071,CG Power and Industrial Solutions Ltd,54,0.022516,2,natural_person,E0003,A M MEYYAMMAI,CG Power and Industrial Solutions Ltd <-[56.29%]- Tube Investments of India Ltd <-[0.04%]- A M MEYYAMMAI,E0071>E0381>E0003
E0071,CG Power and Industrial Solutions Ltd,55,0.02,1,no_recorded_owner,E0210,M A MURUGAPPAN HOLDINGS LLP,CG Power and Industrial Solutions Ltd <-[0.02%]- M A MURUGAPPAN HOLDINGS LLP,E0071>E0210
E0071,CG Power and Industrial Solutions Ltd,56,0.011258,2,no_recorded_owner,E0002,A M M VELLAYAN SONS P LTD,CG Power and Industrial Solutions Ltd <-[56.29%]- Tube Investments of India Ltd <-[0.02%]- A M M VELLAYAN SONS P LTD,E0071>E0381>E0002
E0071,CG Power and Industrial Solutions Ltd,57,0.011258,2,natural_person,E0222,M V SEETHA SUBBIAH,CG Power and Industrial Solutions Ltd <-[56.29%]- Tube Investments of India Ltd <-[0.02%]- M V SEETHA SUBBIAH,E0071>E0381>E0222
E0071,CG Power and Industrial Solutions Ltd,58,0.01,1,no_recorded_owner,E0035,Arun Murugappan Children's Trust,CG Power and Industrial Solutions Ltd <-[0.01%]- Arun Murugappan Children's Trust,E0071>E0035
E0071,CG Power and Industrial Solutions Ltd,59,0.01,1,natural_person,E0208,M A M ARUNACHALAM,CG Power and Industrial Solutions Ltd <-[0.01%]- M A M ARUNACHALAM,E0071>E0208
E0071,CG Power and Industrial Solutions Ltd,60,0.01,1,natural_person,E0209,M A M ARUNACHALAM HUF,CG Power and Industrial Solutions Ltd <-[0.01%]- M A M ARUNACHALAM HUF,E0071>E0209
E0071,CG Power and Industrial Solutions Ltd,61,0.01,1,natural_person,E0228,M.A.ALAGAPPAN,CG Power and Industrial Solutions Ltd <-[0.01%]- M.A.ALAGAPPAN,E0071>E0228
E0075,Cholamandalam Financial Holdings Ltd,1,37.69,1,no_recorded_owner,E0023,AMBADI INVESTMENTS LIMITED,Cholamandalam Financial Holdings Ltd <-[37.69%]- AMBADI INVESTMENTS LIMITED,E0075>E0023
E0075,Cholamandalam Financial Holdings Ltd,2,4.78,1,no_recorded_owner,E0261,NIPPON LIFE INDIA TRUSTEE LTD-A/C NIPPON INDIA NIF,Cholamandalam Financial Holdings Ltd <-[4.78%]- NIPPON LIFE INDIA TRUSTEE LTD-A/C NIPPON INDIA NIF,E0075>E0261
E0075,Cholamandalam Financial Holdings Ltd,3,4.12,1,no_recorded_owner,E0323,SBI LARGE & MIDCAP FUND,Cholamandalam Financial Holdings Ltd <-[4.12%]- SBI LARGE & MIDCAP FUND,E0075>E0323
E0075,Cholamandalam Financial Holdings Ltd,4,3.01,1,no_recorded_owner,E0049,BANDHAN MULTI CAP FUND,Cholamandalam Financial Holdings Ltd <-[3.01%]- BANDHAN MULTI CAP FUND,E0075>E0049
E0075,Cholamandalam Financial Holdings Ltd,5,2.13,1,no_recorded_owner,E0043,AXIS MUTUAL FUND TRUSTEE LIMITED A/C AXIS MUTUAL F,Cholamandalam Financial Holdings Ltd <-[2.13%]- AXIS MUTUAL FUND TRUSTEE LIMITED A/C AXIS MUTUAL F,E0075>E0043
E0075,Cholamandalam Financial Holdings Ltd,6,2.13,1,no_recorded_owner,E0133,HDFC MUTUAL FUND - HDFC BSE 500 ETF,Cholamandalam Financial Holdings Ltd <-[2.13%]- HDFC MUTUAL FUND - HDFC BSE 500 ETF,E0075>E0133
E0075,Cholamandalam Financial Holdings Ltd,7,1.18,1,no_recorded_owner,E0160,INVESCO INDIA MIDCAP FUND,Cholamandalam Financial Holdings Ltd <-[1.18%]- INVESCO INDIA MIDCAP FUND,E0075>E0160
E0075,Cholamandalam Financial Holdings Ltd,8,1.17,1,no_recorded_owner,E0065,CANARA ROBECO MUTUAL FUND A/C CANARA ROBECO EQUITY,Cholamandalam Financial Holdings Ltd <-[1.17%]- CANARA ROBECO MUTUAL FUND A/C CANARA ROBECO EQUITY,E0075>E0065
E0075,Cholamandalam Financial Holdings Ltd,9,1.01,1,no_recorded_owner,E0288,PI OPPORTUNITIES AIF V LLP,Cholamandalam Financial Holdings Ltd <-[1.01%]- PI OPPORTUNITIES AIF V LLP,E0075>E0288
E0075,Cholamandalam Financial Holdings Ltd,10,0.45,1,natural_person,E0208,M A M ARUNACHALAM,Cholamandalam Financial Holdings Ltd <-[0.45%]- M A M ARUNACHALAM,E0075>E0208
E0075,Cholamandalam Financial Holdings Ltd,11,0.4,1,no_recorded_owner,E0190,Lakshmi Ramaswamy Family Trust,Cholamandalam Financial Holdings Ltd <-[0.40%]- Lakshmi Ramaswamy Family Trust,E0075>E0190
E0075,Cholamandalam Financial Holdings Ltd,12,0.4,1,natural_person,E0387,V ARUNACHALAM,Cholamandalam Financial Holdings Ltd <-[0.40%]- V ARUNACHALAM,E0075>E0387
E0075,Cholamandalam Financial Holdings Ltd,13,0.39,1,natural_person,E0034,ARUN ALAGAPPAN,Cholamandalam Financial Holdings Ltd <-[0.39%]- ARUN ALAGAPPAN,E0075>E0034
E0075,Cholamandalam Financial Holdings Ltd,14,0.39,1,no_recorded_owner,E0248,MURUGAPPA EDUCATIONAL AND MEDICAL FOUNDATION,Cholamandalam Financial Holdings Ltd <-[0.39%]- MURUGAPPA EDUCATIONAL AND MEDICAL FOUNDATION,E0075>E0248
E0075,Cholamandalam Financial Holdings Ltd,15,0.38,1,natural_person,E0228,M.A.ALAGAPPAN,Cholamandalam Financial Holdings Ltd <-[0.38%]- M.A.ALAGAPPAN,E0075>E0228
E0075,Cholamandalam Financial Holdings Ltd,16,0.37,1,natural_person,E0388,V NARAYANAN,Cholamandalam Financial Holdings Ltd <-[0.37%]- V NARAYANAN,E0075>E0388
E0075,Cholamandalam Financial Holdings Ltd,17,0.31,1,natural_person,E0005,A VENKATACHALAM,Cholamandalam Financial Holdings Ltd <-[0.31%]- A VENKATACHALAM,E0075>E0005
E0075,Cholamandalam Financial Holdings Ltd,18,0.29,1,natural_person,E0188,LAKSHMI CHOCKALINGAM,Cholamandalam Financial Holdings Ltd <-[0.29%]- LAKSHMI CHOCKALINGAM,E0075>E0188
E0075,Cholamandalam Financial Holdings Ltd,19,0.29,1,no_recorded_owner,E0210,M A MURUGAPPAN HOLDINGS LLP,Cholamandalam Financial Holdings Ltd <-[0.29%]- M A MURUGAPPAN HOLDINGS LLP,E0075>E0210
E0075,Cholamandalam Financial Holdings Ltd,20,0.29,1,no_recorded_owner,E0331,Shambho Trust,Cholamandalam Financial Holdings Ltd <-[0.29%]- Shambho Trust,E0075>E0331
E0075,Cholamandalam Financial Holdings Ltd,21,0.28,1,no_recorded_owner,E0206,M A ALAGAPPAN HOLDINGS PRIVATE LIMITED,Cholamandalam Financial Holdings Ltd <-[0.28%]- M A ALAGAPPAN HOLDINGS PRIVATE LIMITED,E0075>E0206
E0075,Cholamandalam Financial Holdings Ltd,22,0.27,1,no_recorded_owner,E0236,Meenakshi Murugappan Family Trust,Cholamandalam Financial Holdings Ltd <-[0.27%]- Meenakshi Murugappan Family Trust,E0075>E0236
E0075,Cholamandalam Financial Holdings Ltd,23,0.27,1,no_recorded_owner,E0321,Saraswathi Trust,Cholamandalam Financial Holdings Ltd <-[0.27%]- Saraswathi Trust,E0075>E0321
E0075,Cholamandalam Financial Holdings Ltd,24,0.25,1,no_recorded_owner,E0216,M M Muthiah Family Trust,Cholamandalam Financial Holdings Ltd <-[0.25%]- M M Muthiah Family Trust,E0075>E0216
E0075,Cholamandalam Financial Holdings Ltd,25,0.25,1,no_recorded_owner,E0218,M M Veerappan Family Trust,Cholamandalam Financial Holdings Ltd <-[0.25%]- M M Veerappan Family Trust,E0075>E0218
E0075,Cholamandalam Financial Holdings Ltd,26,0.24,1,natural_person,E0037,ARUN VENKATACHALAM,Cholamandalam Financial Holdings Ltd <-[0.24%]- ARUN VENKATACHALAM,E0075>E0037
E0075,Cholamandalam Financial Holdings Ltd,27,0.24,1,no_recorded_owner,E0221,M V Muthiah Family Trust,Cholamandalam Financial Holdings Ltd <-[0.24%]- M V Muthiah Family Trust,E0075>E0221
E0075,Cholamandalam Financial Holdings Ltd,28,0.24,1,no_recorded_owner,E0226,M V Subramanian Family Trust,Cholamandalam Financial Holdings Ltd <-[0.24%]- M V Subramanian Family Trust,E0075>E0226
E0075,Cholamandalam Financial Holdings Ltd,29,0.22,1,no_recorded_owner,E0220,M M Venkatachalam Family Trust,Cholamandalam Financial Holdings Ltd <-[0.22%]- M M Venkatachalam Family Trust,E0075>E0220
E0075,Cholamandalam Financial Holdings Ltd,30,0.21,1,no_recorded_owner,E0031,AR LAKSHMI ACHI TRUST,Cholamandalam Financial Holdings Ltd <-[0.21%]- AR LAKSHMI ACHI TRUST,E0075>E0031
E0075,Cholamandalam Financial Holdings Ltd,31,0.2,1,no_recorded_owner,E0192,Lakshmi Venkatachalam Family Trust,Cholamandalam Financial Holdings Ltd <-[0.20%]- Lakshmi Venkatachalam Family Trust,E0075>E0192
E0075,Cholamandalam Financial Holdings Ltd,32,0.19,1,natural_person,E0215,M M MURUGAPPAN HUF,Cholamandalam Financial Holdings Ltd <-[0.19%]- M M MURUGAPPAN HUF,E0075>E0215
E0075,Cholamandalam Financial Holdings Ltd,33,0.19,1,natural_person,E0237,MEYYAMMAI VENKATACHALAM,Cholamandalam Financial Holdings Ltd <-[0.19%]- MEYYAMMAI VENKATACHALAM,E0075>E0237
E0075,Cholamandalam Financial Holdings Ltd,34,0.19,1,natural_person,E0393,VALLI ANNAMALAI,Cholamandalam Financial Holdings Ltd <-[0.19%]- VALLI ANNAMALAI,E0075>E0393
E0075,Cholamandalam Financial Holdings Ltd,35,0.18,1,natural_person,E0250,Muthatha Ramanathan,Cholamandalam Financial Holdings Ltd <-[0.18%]- Muthatha Ramanathan,E0075>E0250
E0075,Cholamandalam Financial Holdings Ltd,36,0.15,1,natural_person,E0217,M M Muthiah HUF,Cholamandalam Financial Holdings Ltd <-[0.15%]- M M Muthiah HUF,E0075>E0217
E0075,Cholamandalam Financial Holdings Ltd,37,0.15,1,no_recorded_owner,E0229,M.M.MUTHIAH RESEARCH FOUNDATION,Cholamandalam Financial Holdings Ltd <-[0.15%]- M.M.MUTHIAH RESEARCH FOUNDATION,E0075>E0229
E0075,Cholamandalam Financial Holdings Ltd,38,0.12,1,no_recorded_owner,E0035,Arun Murugappan Children's Trust,Cholamandalam Financial Holdings Ltd <-[0.12%]- Arun Murugappan Children's Trust,E0075>E0035
E0075,Cholamandalam Financial Holdings Ltd,39,0.12,1,no_recorded_owner,E0205,M A Alagappan Grand Children Trust,Cholamandalam Financial Holdings Ltd <-[0.12%]- M A Alagappan Grand Children Trust,E0075>E0205
E0075,Cholamandalam Financial Holdings Ltd,40,0.12,1,no_recorded_owner,E0214,M M Murugappan Family Trust,Cholamandalam Financial Holdings Ltd <-[0.12%]- M M Murugappan Family Trust,E0075>E0214
E0075,Cholamandalam Financial Holdings Ltd,41,0.12,1,natural_person,E0336,SIGAPI ARUNACHALAM,Cholamandalam Financial Holdings Ltd <-[0.12%]- SIGAPI ARUNACHALAM,E0075>E0336
E0075,Cholamandalam Financial Holdings Ltd,42,0.11,1,natural_person,E0213,M M MURUGAPPAN,Cholamandalam Financial Holdings Ltd <-[0.11%]- M M MURUGAPPAN,E0075>E0213
E0075,Cholamandalam Financial Holdings Ltd,43,0.11,1,no_recorded_owner,E0249,Murugappan Arunachalam Children Trust,Cholamandalam Financial Holdings Ltd <-[0.11%]- Murugappan Arunachalam Children Trust,E0075>E0249
E0075,Cholamandalam Financial Holdings Ltd,44,0.09,1,natural_person,E0225,M V SUBBIAH HUF,Cholamandalam Financial Holdings Ltd <-[0.09%]- M V SUBBIAH HUF,E0075>E0225
E0075,Cholamandalam Financial Holdings Ltd,45,0.08,1,natural_person,E0209,M A M ARUNACHALAM HUF,Cholamandalam Financial Holdings Ltd <-[0.08%]- M A M ARUNACHALAM HUF,E0075>E0209
E0075,Cholamandalam Financial Holdings Ltd,46,0.07,1,natural_person,E0207,M A ALAGAPPAN HUF,Cholamandalam Financial Holdings Ltd <-[0.07%]- M A ALAGAPPAN HUF,E0075>E0207
E0075,Cholamandalam Financial Holdings Ltd,47,0.05,1,natural_person,E0003,A M MEYYAMMAI,Cholamandalam Financial Holdings Ltd <-[0.05%]- A M MEYYAMMAI,E0075>E0003
E0075,Cholamandalam Financial Holdings Ltd,48,0.02,1,no_recorded_owner,E0002,A M M VELLAYAN SONS P LTD,Cholamandalam Financial Holdings Ltd <-[0.02%]- A M M VELLAYAN SONS P LTD,E0075>E0002
E0075,Cholamandalam Financial Holdings Ltd,49,0.01,1,natural_person,E0092,DHRUV M ARUNACHALAM,Cholamandalam Financial Holdings Ltd <-[0.01%]- DHRUV M ARUNACHALAM,E0075>E0092
E0075,Cholamandalam Financial Holdings Ltd,50,0.01,1,no_recorded_owner,E0223,M V Seetha Subbiah Benefit Trust,Cholamandalam Financial Holdings Ltd <-[0.01%]- M V Seetha Subbiah Benefit Trust,E0075>E0223
E0075,Cholamandalam Financial Holdings Ltd,51,0.01,1,natural_person,E0296,PRANAV ALAGAPPAN,Cholamandalam Financial Holdings Ltd <-[0.01%]- PRANAV ALAGAPPAN,E0075>E0296
E0075,Cholamandalam Financial Holdings Ltd,52,0.01,1,no_recorded_owner,E0394,Valli Subbiah Benefit Trust,Cholamandalam Financial Holdings Ltd <-[0.01%]- Valli Subbiah Benefit Trust,E0075>E0394
E0075,Cholamandalam Financial Holdings Ltd,53,0.01,1,natural_person,E0395,VALLIAMMAI MURUGAPPAN,Cholamandalam Financial Holdings Ltd <-[0.01%]- VALLIAMMAI MURUGAPPAN,E0075>E0395
E0076,Cholamandalam Investment and Finance Company Ltd,1,16.485606,2,no_recorded_owner,E0023,AMBADI INVESTMENTS LIMITED,Cholamandalam Investment and Finance Company Ltd <-[43.74%]- Cholamandalam Financial Holdings Ltd <-[37.69%]- AMBADI INVESTMENTS LIMITED,E0076>E0075>E0023
E0076,Cholamandalam Investment and Finance Company Ltd,2,3.96,1,no_recorded_owner,E0023,AMBADI INVESTMENTS LIMITED,Cholamandalam Investment and Finance Company Ltd <-[3.96%]- AMBADI INVESTMENTS LIMITED,E0076>E0023
E0076,Cholamandalam Investment and Finance Company Ltd,3,2.77,1,no_recorded_owner,E0265,NPS TRUST A/C,Cholamandalam Investment and Finance Company Ltd <-[2.77%]- NPS TRUST A/C,E0076>E0265
E0076,Cholamandalam Investment and Finance Company Ltd,4,2.090772,2,no_recorded_owner,E0261,NIPPON LIFE INDIA TRUSTEE LTD-A/C NIPPON INDIA NIF,Cholamandalam Investment and Finance Company Ltd <-[43.74%]- Cholamandalam Financial Holdings Ltd <-[4.78%]- NIPPON LIFE INDIA TRUSTEE LTD-A/C NIPPON INDIA NIF,E0076>E0075>E0261
E0076,Cholamandalam Investment and Finance Company Ltd,5,2.01,1,no_recorded_owner,E0329,SBI NIFTY 500 INDEX FUND A/C,Cholamandalam Investment and Finance Company Ltd <-[2.01%]- SBI NIFTY 500 INDEX FUND A/C,E0076>E0329
E0076,Cholamandalam Investment and Finance Company Ltd,6,1.98,1,no_recorded_owner,E0046,AXIS MUTUAL FUND TRUSTEE LTD. A/C,Cholamandalam Investment and Finance Company Ltd <-[1.98%]- AXIS MUTUAL FUND TRUSTEE LTD. A/C,E0076>E0046
E0076,Cholamandalam Investment and Finance Company Ltd,7,1.802088,2,no_recorded_owner,E0323,SBI LARGE & MIDCAP FUND,Cholamandalam Investment and Finance Company Ltd <-[43.74%]- Cholamandalam Financial Holdings Ltd <-[4.12%]- SBI LARGE & MIDCAP FUND,E0076>E0075>E0323
E0076,Cholamandalam Investment and Finance Company Ltd,8,1.39,1,no_recorded_owner,E0177,KOTAK MAHINDRA TRUSTEE CO LTD A/C,Cholamandalam Investment and Finance Company Ltd <-[1.39%]- KOTAK MAHINDRA TRUSTEE CO LTD A/C,E0076>E0177
E0076,Cholamandalam Investment and Finance Company Ltd,9,1.38,1,no_recorded_owner,E0124,GOVERNMENT PENSION FUND GLOBAL,Cholamandalam Investment and Finance Company Ltd <-[1.38%]- GOVERNMENT PENSION FUND GLOBAL,E0076>E0124
E0076,Cholamandalam Investment and Finance Company Ltd,10,1.316574,2,no_recorded_owner,E0049,BANDHAN MULTI CAP FUND,Cholamandalam Investment and Finance Company Ltd <-[43.74%]- Cholamandalam Financial Holdings Ltd <-[3.01%]- BANDHAN MULTI CAP FUND,E0076>E0075>E0049
E0076,Cholamandalam Investment and Finance Company Ltd,11,1.28,1,no_recorded_owner,E0148,ICICI PRUDENTIAL MUTUAL FUND A/C,Cholamandalam Investment and Finance Company Ltd <-[1.28%]- ICICI PRUDENTIAL MUTUAL FUND A/C,E0076>E0148
E0076,Cholamandalam Investment and Finance Company Ltd,12,1.22,1,no_recorded_owner,E0136,HDFC TRUSTEE COMPANY LTD A/C,Cholamandalam Investment and Finance Company Ltd <-[1.22%]- HDFC TRUSTEE COMPANY LTD A/C,E0076>E0136
E0076,Cholamandalam Investment and Finance Company Ltd,13,1.06,1,no_recorded_owner,E0159,INVESCO INDIA FOCUSED FUND,Cholamandalam Investment and Finance Company Ltd <-[1.06%]- INVESCO INDIA FOCUSED FUND,E0076>E0159
E0076,Cholamandalam Investment and Finance Company Ltd,14,0.931662,2,no_recorded_owner,E0043,AXIS MUTUAL FUND TRUSTEE LIMITED A/C AXIS MUTUAL F,Cholamandalam Investment and Finance Company Ltd <-[43.74%]- Cholamandalam Financial Holdings Ltd <-[2.13%]- AXIS MUTUAL FUND TRUSTEE LIMITED A/C AXIS MUTUAL F,E0076>E0075>E0043
E0076,Cholamandalam Investment and Finance Company Ltd,15,0.931662,2,no_recorded_owner,E0133,HDFC MUTUAL FUND - HDFC BSE 500 ETF,Cholamandalam Investment and Finance Company Ltd <-[43.74%]- Cholamandalam Financial Holdings Ltd <-[2.13%]- HDFC MUTUAL FUND - HDFC BSE 500 ETF,E0076>E0075>E0133
E0076,Cholamandalam Investment and Finance Company Ltd,16,0.516132,2,no_recorded_owner,E0160,INVESCO INDIA MIDCAP FUND,Cholamandalam Investment and Finance Company Ltd <-[43.74%]- Cholamandalam Financial Holdings Ltd <-[1.18%]- INVESCO INDIA MIDCAP FUND,E0076>E0075>E0160
E0076,Cholamandalam Investment and Finance Company Ltd,17,0.511758,2,no_recorded_owner,E0065,CANARA ROBECO MUTUAL FUND A/C CANARA ROBECO EQUITY,Cholamandalam Investment and Finance Company Ltd <-[43.74%]- Cholamandalam Financial Holdings Ltd <-[1.17%]- CANARA ROBECO MUTUAL FUND A/C CANARA ROBECO EQUITY,E0076>E0075>E0065
E0076,Cholamandalam Investment and Finance Company Ltd,18,0.441774,2,no_recorded_owner,E0288,PI OPPORTUNITIES AIF V LLP,Cholamandalam Investment and Finance Company Ltd <-[43.74%]- Cholamandalam Financial Holdings Ltd <-[1.01%]- PI OPPORTUNITIES AIF V LLP,E0076>E0075>E0288
E0076,Cholamandalam Investment and Finance Company Ltd,19,0.29,1,natural_person,E0228,M.A.ALAGAPPAN,Cholamandalam Investment and Finance Company Ltd <-[0.29%]- M.A.ALAGAPPAN,E0076>E0228
E0076,Cholamandalam Investment and Finance Company Ltd,20,0.19683,2,natural_person,E0208,M A M ARUNACHALAM,Cholamandalam Investment and Finance Company Ltd <-[43.74%]- Cholamandalam Financial Holdings Ltd <-[0.45%]- M A M ARUNACHALAM,E0076>E0075>E0208
E0076,Cholamandalam Investment and Finance Company Ltd,21,0.17496,2,no_recorded_owner,E0190,Lakshmi Ramaswamy Family Trust,Cholamandalam Investment and Finance Company Ltd <-[43.74%]- Cholamandalam Financial Holdings Ltd <-[0.40%]- Lakshmi Ramaswamy Family Trust,E0076>E0075>E0190
E0076,Cholamandalam Investment and Finance Company Ltd,22,0.17496,2,natural_person,E0387,V ARUNACHALAM,Cholamandalam Investment and Finance Company Ltd <-[43.74%]- Cholamandalam Financial Holdings Ltd <-[0.40%]- V ARUNACHALAM,E0076>E0075>E0387
E0076,Cholamandalam Investment and Finance Company Ltd,23,0.170586,2,natural_person,E0034,ARUN ALAGAPPAN,Cholamandalam Investment and Finance Company Ltd <-[43.74%]- Cholamandalam Financial Holdings Ltd <-[0.39%]- ARUN ALAGAPPAN,E0076>E0075>E0034
E0076,Cholamandalam Investment and Finance Company Ltd,24,0.170586,2,no_recorded_owner,E0248,MURUGAPPA EDUCATIONAL AND MEDICAL FOUNDATION,Cholamandalam Investment and Finance Company Ltd <-[43.74%]- Cholamandalam Financial Holdings Ltd <-[0.39%]- MURUGAPPA EDUCATIONAL AND MEDICAL FOUNDATION,E0076>E0075>E0248
E0076,Cholamandalam Investment and Finance Company Ltd,25,0.166212,2,natural_person,E0228,M.A.ALAGAPPAN,Cholamandalam Investment and Finance Company Ltd <-[43.74%]- Cholamandalam Financial Holdings Ltd <-[0.38%]- M.A.ALAGAPPAN,E0076>E0075>E0228
E0076,Cholamandalam Investment and Finance Company Ltd,26,0.161838,2,natural_person,E0388,V NARAYANAN,Cholamandalam Investment and Finance Company Ltd <-[43.74%]- Cholamandalam Financial Holdings Ltd <-[0.37%]- V NARAYANAN,E0076>E0075>E0388
E0076,Cholamandalam Investment and Finance Company Ltd,27,0.16,1,no_recorded_owner,E0331,Shambho Trust,Cholamandalam Investment and Finance Company Ltd <-[0.16%]- Shambho Trust,E0076>E0331
E0076,Cholamandalam Investment and Finance Company Ltd,28,0.135594,2,natural_person,E0005,A VENKATACHALAM,Cholamandalam Investment and Finance Company Ltd <-[43.74%]- Cholamandalam Financial Holdings Ltd <-[0.31%]- A VENKATACHALAM,E0076>E0075>E0005
E0076,Cholamandalam Investment and Finance Company Ltd,29,0.126846,2,natural_person,E0188,LAKSHMI CHOCKALINGAM,Cholamandalam Investment and Finance Company Ltd <-[43.74%]- Cholamandalam Financial Holdings Ltd <-[0.29%]- LAKSHMI CHOCKALINGAM,E0076>E0075>E0188
E0076,Cholamandalam Investment and Finance Company Ltd,30,0.126846,2,no_recorded_owner,E0210,M A MURUGAPPAN HOLDINGS LLP,Cholamandalam Investment and Finance Company Ltd <-[43.74%]- Cholamandalam Financial Holdings Ltd <-[0.29%]- M A MURUGAPPAN HOLDINGS LLP,E0076>E0075>E0210
E0076,Cholamandalam Investment and Finance Company Ltd,31,0.126846,2,no_recorded_owner,E0331,Shambho Trust,Cholamandalam Investment and Finance Company Ltd <-[43.74%]- Cholamandalam Financial Holdings Ltd <-[0.29%]- Shambho Trust,E0076>E0075>E0331
E0076,Cholamandalam Investment and Finance Company Ltd,32,0.122472,2,no_recorded_owner,E0206,M A ALAGAPPAN HOLDINGS PRIVATE LIMITED,Cholamandalam Investment and Finance Company Ltd <-[43.74%]- Cholamandalam Financial Holdings Ltd <-[0.28%]- M A ALAGAPPAN HOLDINGS PRIVATE LIMITED,E0076>E0075>E0206
E0076,Cholamandalam Investment and Finance Company Ltd,33,0.118098,2,no_recorded_owner,E0236,Meenakshi Murugappan Family Trust,Cholamandalam Investment and Finance Company Ltd <-[43.74%]- Cholamandalam Financial Holdings Ltd <-[0.27%]- Meenakshi Murugappan Family Trust,E0076>E0075>E0236
E0076,Cholamandalam Investment and Finance Company Ltd,34,0.118098,2,no_recorded_owner,E0321,Saraswathi Trust,Cholamandalam Investment and Finance Company Ltd <-[43.74%]- Cholamandalam Financial Holdings Ltd <-[0.27%]- Saraswathi Trust,E0076>E0075>E0321
E0076,Cholamandalam Investment and Finance Company Ltd,35,0.10935,2,no_recorded_owner,E0216,M M Muthiah Family Trust,Cholamandalam Investment and Finance Company Ltd <-[43.74%]- Cholamandalam Financial Holdings Ltd <-[0.25%]- M M Muthiah Family Trust,E0076>E0075>E0216
E0076,Cholamandalam Investment and Finance Company Ltd,36,0.10935,2,no_recorded_owner,E0218,M M Veerappan Family Trust,Cholamandalam Investment and Finance Company Ltd <-[43.74%]- Cholamandalam Financial Holdings Ltd <-[0.25%]- M M Veerappan Family Trust,E0076>E0075>E0218
E0076,Cholamandalam Investment and Finance Company Ltd,37,0.104976,2,natural_person,E0037,ARUN VENKATACHALAM,Cholamandalam Investment and Finance Company Ltd <-[43.74%]- Cholamandalam Financial Holdings Ltd <-[0.24%]- ARUN VENKATACHALAM,E0076>E0075>E0037
E0076,Cholamandalam Investment and Finance Company Ltd,38,0.104976,2,no_recorded_owner,E0221,M V Muthiah Family Trust,Cholamandalam Investment and Finance Company Ltd <-[43.74%]- Cholamandalam Financial Holdings Ltd <-[0.24%]- M V Muthiah Family Trust,E0076>E0075>E0221
E0076,Cholamandalam Investment and Finance Company Ltd,39,0.104976,2,no_recorded_owner,E0226,M V Subramanian Family Trust,Cholamandalam Investment and Finance Company Ltd <-[43.74%]- Cholamandalam Financial Holdings Ltd <-[0.24%]- M V Subramanian Family Trust,E0076>E0075>E0226
E0076,Cholamandalam Investment and Finance Company Ltd,40,0.1,1,natural_person,E0034,ARUN ALAGAPPAN,Cholamandalam Investment and Finance Company Ltd <-[0.10%]- ARUN ALAGAPPAN,E0076>E0034
E0076,Cholamandalam Investment and Finance Company Ltd,41,0.096228,2,no_recorded_owner,E0220,M M Venkatachalam Family Trust,Cholamandalam Investment and Finance Company Ltd <-[43.74%]- Cholamandalam Financial Holdings Ltd <-[0.22%]- M M Venkatachalam Family Trust,E0076>E0075>E0220
E0076,Cholamandalam Investment and Finance Company Ltd,42,0.091854,2,no_recorded_owner,E0031,AR LAKSHMI ACHI TRUST,Cholamandalam Investment and Finance Company Ltd <-[43.74%]- Cholamandalam Financial Holdings Ltd <-[0.21%]- AR LAKSHMI ACHI TRUST,E0076>E0075>E0031
E0076,Cholamandalam Investment and Finance Company Ltd,43,0.09,1,no_recorded_owner,E0321,Saraswathi Trust,Cholamandalam Investment and Finance Company Ltd <-[0.09%]- Saraswathi Trust,E0076>E0321
E0076,Cholamandalam Investment and Finance Company Ltd,44,0.08748,2,no_recorded_owner,E0192,Lakshmi Venkatachalam Family Trust,Cholamandalam Investment and Finance Company Ltd <-[43.74%]- Cholamandalam Financial Holdings Ltd <-[0.20%]- Lakshmi Venkatachalam Family Trust,E0076>E0075>E0192
E0076,Cholamandalam Investment and Finance Company Ltd,45,0.083106,2,natural_person,E0215,M M MURUGAPPAN HUF,Cholamandalam Investment and Finance Company Ltd <-[43.74%]- Cholamandalam Financial Holdings Ltd <-[0.19%]- M M MURUGAPPAN HUF,E0076>E0075>E0215
E0076,Cholamandalam Investment and Finance Company Ltd,46,0.083106,2,natural_person,E0237,MEYYAMMAI VENKATACHALAM,Cholamandalam Investment and Finance Company Ltd <-[43.74%]- Cholamandalam Financial Holdings Ltd <-[0.19%]- MEYYAMMAI VENKATACHALAM,E0076>E0075>E0237
E0076,Cholamandalam Investment and Finance Company Ltd,47,0.083106,2,natural_person,E0393,VALLI ANNAMALAI,Cholamandalam Investment and Finance Company Ltd <-[43.74%]- Cholamandalam Financial Holdings Ltd <-[0.19%]- VALLI ANNAMALAI,E0076>E0075>E0393
E0076,Cholamandalam Investment and Finance Company Ltd,48,0.078732,2,natural_person,E0250,Muthatha Ramanathan,Cholamandalam Investment and Finance Company Ltd <-[43.74%]- Cholamandalam Financial Holdings Ltd <-[0.18%]- Muthatha Ramanathan,E0076>E0075>E0250
E0076,Cholamandalam Investment and Finance Company Ltd,49,0.06561,2,natural_person,E0217,M M Muthiah HUF,Cholamandalam Investment and Finance Company Ltd <-[43.74%]- Cholamandalam Financial Holdings Ltd <-[0.15%]- M M Muthiah HUF,E0076>E0075>E0217
E0076,Cholamandalam Investment and Finance Company Ltd,50,0.06561,2,no_recorded_owner,E0229,M.M.MUTHIAH RESEARCH FOUNDATION,Cholamandalam Investment and Finance Company Ltd <-[43.74%]- Cholamandalam Financial Holdings Ltd <-[0.15%]- M.M.MUTHIAH RESEARCH FOUNDATION,E0076>E0075>E0229
E0076,Cholamandalam Investment and Finance Company Ltd,51,0.06,1,natural_person,E0005,A VENKATACHALAM,Cholamandalam Investment and Finance Company Ltd <-[0.06%]- A VENKATACHALAM,E0076>E0005
E0076,Cholamandalam Investment and Finance Company Ltd,52,0.06,1,no_recorded_owner,E0031,AR LAKSHMI ACHI TRUST,Cholamandalam Investment and Finance Company Ltd <-[0.06%]- AR LAKSHMI ACHI TRUST,E0076>E0031
E0076,Cholamandalam Investment and Finance Company Ltd,53,0.06,1,no_recorded_owner,E0190,Lakshmi Ramaswamy Family Trust,Cholamandalam Investment and Finance Company Ltd <-[0.06%]- Lakshmi Ramaswamy Family Trust,E0076>E0190
E0076,Cholamandalam Investment and Finance Company Ltd,54,0.052488,2,no_recorded_owner,E0035,Arun Murugappan Children's Trust,Cholamandalam Investment and Finance Company Ltd <-[43.74%]- Cholamandalam Financial Holdings Ltd <-[0.12%]- Arun Murugappan Children's Trust,E0076>E0075>E0035
E0076,Cholamandalam Investment and Finance Company Ltd,55,0.052488,2,no_recorded_owner,E0205,M A Alagappan Grand Children Trust,Cholamandalam Investment and Finance Company Ltd <-[43.74%]- Cholamandalam Financial Holdings Ltd <-[0.12%]- M A Alagappan Grand Children Trust,E0076>E0075>E0205
E0076,Cholamandalam Investment and Finance Company Ltd,56,0.052488,2,no_recorded_owner,E0214,M M Murugappan Family Trust,Cholamandalam Investment and Finance Company Ltd <-[43.74%]- Cholamandalam Financial Holdings Ltd <-[0.12%]- M M Murugappan Family Trust,E0076>E0075>E0214
E0076,Cholamandalam Investment and Finance Company Ltd,57,0.052488,2,natural_person,E0336,SIGAPI ARUNACHALAM,Cholamandalam Investment and Finance Company Ltd <-[43.74%]- Cholamandalam Financial Holdings Ltd <-[0.12%]- SIGAPI ARUNACHALAM,E0076>E0075>E0336
E0076,Cholamandalam Investment and Finance Company Ltd,58,0.05,1,natural_person,E0037,ARUN VENKATACHALAM,Cholamandalam Investment and Finance Company Ltd <-[0.05%]- ARUN VENKATACHALAM,E0076>E0037
E0076,Cholamandalam Investment and Finance Company Ltd,59,0.05,1,natural_person,E0387,V ARUNACHALAM,Cholamandalam Investment and Finance Company Ltd <-[0.05%]- V ARUNACHALAM,E0076>E0387
E0076,Cholamandalam Investment and Finance Company Ltd,60,0.05,1,natural_person,E0388,V NARAYANAN,Cholamandalam Investment and Finance Company Ltd <-[0.05%]- V NARAYANAN,E0076>E0388
E0076,Cholamandalam Investment and Finance Company Ltd,61,0.048114,2,natural_person,E0213,M M MURUGAPPAN,Cholamandalam Investment and Finance Company Ltd <-[43.74%]- Cholamandalam Financial Holdings Ltd <-[0.11%]- M M MURUGAPPAN,E0076>E0075>E0213
E0076,Cholamandalam Investment and Finance Company Ltd,62,0.048114,2,no_recorded_owner,E0249,Murugappan Arunachalam Children Trust,Cholamandalam Investment and Finance Company Ltd <-[43.74%]- Cholamandalam Financial Holdings Ltd <-[0.11%]- Murugappan Arunachalam Children Trust,E0076>E0075>E0249
E0076,Cholamandalam Investment and Finance Company Ltd,63,0.04,1,no_recorded_owner,E0170,Kadamane Estates Company,Cholamandalam Investment and Finance Company Ltd <-[0.04%]- Kadamane Estates Company,E0076>E0170
E0076,Cholamandalam Investment and Finance Company Ltd,64,0.04,1,natural_person,E0296,PRANAV ALAGAPPAN,Cholamandalam Investment and Finance Company Ltd <-[0.04%]- PRANAV ALAGAPPAN,E0076>E0296
E0076,Cholamandalam Investment and Finance Company Ltd,65,0.039366,2,natural_person,E0225,M V SUBBIAH HUF,Cholamandalam Investment and Finance Company Ltd <-[43.74%]- Cholamandalam Financial Holdings Ltd <-[0.09%]- M V SUBBIAH HUF,E0076>E0075>E0225
E0076,Cholamandalam Investment and Finance Company Ltd,66,0.034992,2,natural_person,E0209,M A M ARUNACHALAM HUF,Cholamandalam Investment and Finance Company Ltd <-[43.74%]- Cholamandalam Financial Holdings Ltd <-[0.08%]- M A M ARUNACHALAM HUF,E0076>E0075>E0209
E0076,Cholamandalam Investment and Finance Company Ltd,67,0.030618,2,natural_person,E0207,M A ALAGAPPAN HUF,Cholamandalam Investment and Finance Company Ltd <-[43.74%]- Cholamandalam Financial Holdings Ltd <-[0.07%]- M A ALAGAPPAN HUF,E0076>E0075>E0207
E0076,Cholamandalam Investment and Finance Company Ltd,68,0.03,1,no_recorded_owner,E0022,Ambadi Enterprises Ltd,Cholamandalam Investment and Finance Company Ltd <-[0.03%]- Ambadi Enterprises Ltd,E0076>E0022
E0076,Cholamandalam Investment and Finance Company Ltd,69,0.03,1,no_recorded_owner,E0221,M V Muthiah Family Trust,Cholamandalam Investment and Finance Company Ltd <-[0.03%]- M V Muthiah Family Trust,E0076>E0221
E0076,Cholamandalam Investment and Finance Company Ltd,70,0.03,1,no_recorded_owner,E0223,M V Seetha Subbiah Benefit Trust,Cholamandalam Investment and Finance Company Ltd <-[0.03%]- M V Seetha Subbiah Benefit Trust,E0076>E0223
E0076,Cholamandalam Investment and Finance Company Ltd,71,0.03,1,no_recorded_owner,E0226,M V Subramanian Family Trust,Cholamandalam Investment and Finance Company Ltd <-[0.03%]- M V Subramanian Family Trust,E0076>E0226
E0076,Cholamandalam Investment and Finance Company Ltd,72,0.03,1,natural_person,E0393,VALLI ANNAMALAI,Cholamandalam Investment and Finance Company Ltd <-[0.03%]- VALLI ANNAMALAI,E0076>E0393
E0076,Cholamandalam Investment and Finance Company Ltd,73,0.02187,2,natural_person,E0003,A M MEYYAMMAI,Cholamandalam Investment and Finance Company Ltd <-[43.74%]- Cholamandalam Financial Holdings Ltd <-[0.05%]- A M MEYYAMMAI,E0076>E0075>E0003
E0076,Cholamandalam Investment and Finance Company Ltd,74,0.02,1,no_recorded_owner,E0035,Arun Murugappan Children's Trust,Cholamandalam Investment and Finance Company Ltd <-[0.02%]- Arun Murugappan Children's Trust,E0076>E0035
E0076,Cholamandalam Investment and Finance Company Ltd,75,0.02,1,no_recorded_owner,E0169,K S Shambhavi Trust,Cholamandalam Investment and Finance Company Ltd <-[0.02%]- K S Shambhavi Trust,E0076>E0169
E0076,Cholamandalam Investment and Finance Company Ltd,76,0.02,1,natural_person,E0193,LALITHA VELLAYAN,Cholamandalam Investment and Finance Company Ltd <-[0.02%]- LALITHA VELLAYAN,E0076>E0193
E0076,Cholamandalam Investment and Finance Company Ltd,77,0.02,1,no_recorded_owner,E0205,M A Alagappan Grand Children Trust,Cholamandalam Investment and Finance Company Ltd <-[0.02%]- M A Alagappan Grand Children Trust,E0076>E0205
E0076,Cholamandalam Investment and Finance Company Ltd,78,0.02,1,natural_person,E0208,M A M ARUNACHALAM,Cholamandalam Investment and Finance Company Ltd <-[0.02%]- M A M ARUNACHALAM,E0076>E0208
E0076,Cholamandalam Investment and Finance Company Ltd,79,0.02,1,no_recorded_owner,E0214,M M Murugappan Family Trust,Cholamandalam Investment and Finance Company Ltd <-[0.02%]- M M Murugappan Family Trust,E0076>E0214
E0076,Cholamandalam Investment and Finance Company Ltd,80,0.02,1,no_recorded_owner,E0229,M.M.MUTHIAH RESEARCH FOUNDATION,Cholamandalam Investment and Finance Company Ltd <-[0.02%]- M.M.MUTHIAH RESEARCH FOUNDATION,E0076>E0229
E0076,Cholamandalam Investment and Finance Company Ltd,81,0.02,1,no_recorded_owner,E0389,V S Bhairavi Trust,Cholamandalam Investment and Finance Company Ltd <-[0.02%]- V S Bhairavi Trust,E0076>E0389
E0076,Cholamandalam Investment and Finance Company Ltd,82,0.02,1,no_recorded_owner,E0394,Valli Subbiah Benefit Trust,Cholamandalam Investment and Finance Company Ltd <-[0.02%]- Valli Subbiah Benefit Trust,E0076>E0394
E0076,Cholamandalam Investment and Finance Company Ltd,83,0.01,1,natural_person,E0006,A.KEERTIKA UNNAMALAI,Cholamandalam Investment and Finance Company Ltd <-[0.01%]- A.KEERTIKA UNNAMALAI,E0076>E0006
E0076,Cholamandalam Investment and Finance Company Ltd,84,0.01,1,natural_person,E0092,DHRUV M ARUNACHALAM,Cholamandalam Investment and Finance Company Ltd <-[0.01%]- DHRUV M ARUNACHALAM,E0076>E0092
E0076,Cholamandalam Investment and Finance Company Ltd,85,0.01,1,natural_person,E0171,KANIKA SUBBIAH,Cholamandalam Investment and Finance Company Ltd <-[0.01%]- KANIKA SUBBIAH,E0076>E0171
E0076,Cholamandalam Investment and Finance Company Ltd,86,0.01,1,natural_person,E0188,LAKSHMI CHOCKALINGAM,Cholamandalam Investment and Finance Company Ltd <-[0.01%]- LAKSHMI CHOCKALINGAM,E0076>E0188
E0076,Cholamandalam Investment and Finance Company Ltd,87,0.01,1,no_recorded_owner,E0206,M A ALAGAPPAN HOLDINGS PRIVATE LIMITED,Cholamandalam Investment and Finance Company Ltd <-[0.01%]- M A ALAGAPPAN HOLDINGS PRIVATE LIMITED,E0076>E0206
E0076,Cholamandalam Investment and Finance Company Ltd,88,0.01,1,no_recorded_owner,E0210,M A MURUGAPPAN HOLDINGS LLP,Cholamandalam Investment and Finance Company Ltd <-[0.01%]- M A MURUGAPPAN HOLDINGS LLP,E0076>E0210
E0076,Cholamandalam Investment and Finance Company Ltd,89,0.01,1,no_recorded_owner,E0216,M M Muthiah Family Trust,Cholamandalam Investment and Finance Company Ltd <-[0.01%]- M M Muthiah Family Trust,E0076>E0216
E0076,Cholamandalam Investment and Finance Company Ltd,90,0.01,1,no_recorded_owner,E0218,M M Veerappan Family Trust,Cholamandalam Investment and Finance Company Ltd <-[0.01%]- M M Veerappan Family Trust,E0076>E0218
E0076,Cholamandalam Investment and Finance Company Ltd,91,0.01,1,natural_person,E0237,MEYYAMMAI VENKATACHALAM,Cholamandalam Investment and Finance Company Ltd <-[0.01%]- MEYYAMMAI VENKATACHALAM,E0076>E0237
E0076,Cholamandalam Investment and Finance Company Ltd,92,0.01,1,no_recorded_owner,E0249,Murugappan Arunachalam Children Trust,Cholamandalam Investment and Finance Company Ltd <-[0.01%]- Murugappan Arunachalam Children Trust,E0076>E0249
E0076,Cholamandalam Investment and Finance Company Ltd,93,0.01,1,natural_person,E0304,R.MUTHATHA,Cholamandalam Investment and Finance Company Ltd <-[0.01%]- R.MUTHATHA,E0076>E0304
E0076,Cholamandalam Investment and Finance Company Ltd,94,0.01,1,natural_person,E0336,SIGAPI ARUNACHALAM,Cholamandalam Investment and Finance Company Ltd <-[0.01%]- SIGAPI ARUNACHALAM,E0076>E0336
E0076,Cholamandalam Investment and Finance Company Ltd,95,0.01,1,natural_person,E0399,VEDHIKA MEYYAMMAI ARUNACHALAM,Cholamandalam Investment and Finance Company Ltd <-[0.01%]- VEDHIKA MEYYAMMAI ARUNACHALAM,E0076>E0399
E0078,Coromandel International Ltd,1,21.253792,2,no_recorded_owner,E0023,AMBADI INVESTMENTS LIMITED,Coromandel International Ltd <-[55.58%]- EID Parry India Ltd <-[38.24%]- AMBADI INVESTMENTS LIMITED,E0078>E0108>E0023
E0078,Coromandel International Ltd,2,4.02,1,no_recorded_owner,E0180,KOTAK MAHINDRA TRUSTEE CO LTD A/C KOTAK NIFTY CHEM,Coromandel International Ltd <-[4.02%]- KOTAK MAHINDRA TRUSTEE CO LTD A/C KOTAK NIFTY CHEM,E0078>E0180
E0078,Coromandel International Ltd,3,3.951738,2,no_recorded_owner,E0329,SBI NIFTY 500 INDEX FUND A/C,Coromandel International Ltd <-[55.58%]- EID Parry India Ltd <-[7.11%]- SBI NIFTY 500 INDEX FUND A/C,E0078>E0108>E0329
E0078,Coromandel International Ltd,4,3.273662,2,no_recorded_owner,E0283,PARAG PARIKH FLEXI CAP FUND,Coromandel International Ltd <-[55.58%]- EID Parry India Ltd <-[5.89%]- PARAG PARIKH FLEXI CAP FUND,E0078>E0108>E0283
E0078,Coromandel International Ltd,5,2.53,1,no_recorded_owner,E0104,DSP NIFTY 500 INDEX FUND,Coromandel International Ltd <-[2.53%]- DSP NIFTY 500 INDEX FUND,E0078>E0104
E0078,Coromandel International Ltd,6,1.87,1,no_recorded_owner,E0131,HDFC LARGE AND MID CAP FUND,Coromandel International Ltd <-[1.87%]- HDFC LARGE AND MID CAP FUND,E0078>E0131
E0078,Coromandel International Ltd,7,1.63,1,no_recorded_owner,E0127,GROUPE CHIMIQUE TUNISIEN,Coromandel International Ltd <-[1.63%]- GROUPE CHIMIQUE TUNISIEN,E0078>E0127
E0078,Coromandel International Ltd,8,1.6,1,no_recorded_owner,E0042,AXIS ELSS TAX SAVER FUND,Coromandel International Ltd <-[1.60%]- AXIS ELSS TAX SAVER FUND,E0078>E0042
E0078,Coromandel International Ltd,9,1.43,1,no_recorded_owner,E0161,INVESTOR EDUCATION & PROTECTION FUND,Coromandel International Ltd <-[1.43%]- INVESTOR EDUCATION & PROTECTION FUND,E0078>E0161
E0078,Coromandel International Ltd,10,1.406174,2,natural_person,E0125,GOVINDLAL M PARIKH,Coromandel International Ltd <-[55.58%]- EID Parry India Ltd <-[2.53%]- GOVINDLAL M PARIKH,E0078>E0108>E0125
E0078,Coromandel International Ltd,11,1.33,1,no_recorded_owner,E0266,NPS TRUST A/C UTI PENSION FUND LIMITED-SCHEME CENT,Coromandel International Ltd <-[1.33%]- NPS TRUST A/C UTI PENSION FUND LIMITED-SCHEME CENT,E0078>E0266
E0078,Coromandel International Ltd,12,1.31,1,no_recorded_owner,E0199,LICI MARKET PLUS 1 GROWTH FUND,Coromandel International Ltd <-[1.31%]- LICI MARKET PLUS 1 GROWTH FUND,E0078>E0199
E0078,Coromandel International Ltd,13,1.228318,2,natural_person,E0140,HITESH SATISHCHANDRA DOSHI,Coromandel International Ltd <-[55.58%]- EID Parry India Ltd <-[2.21%]- HITESH SATISHCHANDRA DOSHI,E0078>E0108>E0140
E0078,Coromandel International Ltd,14,0.63917,2,no_recorded_owner,E0067,CANARA ROBECO MUTUAL FUND A/C GAD,Coromandel International Ltd <-[55.58%]- EID Parry India Ltd <-[1.15%]- CANARA ROBECO MUTUAL FUND A/C GAD,E0078>E0108>E0067
E0078,Coromandel International Ltd,15,0.144508,2,natural_person,E0388,V NARAYANAN,Coromandel International Ltd <-[55.58%]- EID Parry India Ltd <-[0.26%]- V NARAYANAN,E0078>E0108>E0388
E0078,Coromandel International Ltd,16,0.13895,2,natural_person,E0387,V ARUNACHALAM,Coromandel International Ltd <-[55.58%]- EID Parry India Ltd <-[0.25%]- V ARUNACHALAM,E0078>E0108>E0387
E0078,Coromandel International Ltd,17,0.127834,2,natural_person,E0005,A VENKATACHALAM,Coromandel International Ltd <-[55.58%]- EID Parry India Ltd <-[0.23%]- A VENKATACHALAM,E0078>E0108>E0005
E0078,Coromandel International Ltd,18,0.127834,2,natural_person,E0034,ARUN ALAGAPPAN,Coromandel International Ltd <-[55.58%]- EID Parry India Ltd <-[0.23%]- ARUN ALAGAPPAN,E0078>E0108>E0034
E0078,Coromandel International Ltd,19,0.11116,2,natural_person,E0037,ARUN VENKATACHALAM,Coromandel International Ltd <-[55.58%]- EID Parry India Ltd <-[0.20%]- ARUN VENKATACHALAM,E0078>E0108>E0037
E0078,Coromandel International Ltd,20,0.100044,2,no_recorded_owner,E0190,Lakshmi Ramaswamy Family Trust,Coromandel International Ltd <-[55.58%]- EID Parry India Ltd <-[0.18%]- Lakshmi Ramaswamy Family Trust,E0078>E0108>E0190
E0078,Coromandel International Ltd,21,0.07,1,no_recorded_owner,E0216,M M Muthiah Family Trust,Coromandel International Ltd <-[0.07%]- M M Muthiah Family Trust,E0078>E0216
E0078,Coromandel International Ltd,22,0.07,1,no_recorded_owner,E0218,M M Veerappan Family Trust,Coromandel International Ltd <-[0.07%]- M M Veerappan Family Trust,E0078>E0218
E0078,Coromandel International Ltd,23,0.07,1,natural_person,E0387,V ARUNACHALAM,Coromandel International Ltd <-[0.07%]- V ARUNACHALAM,E0078>E0387
E0078,Coromandel International Ltd,24,0.07,1,natural_person,E0388,V NARAYANAN,Coromandel International Ltd <-[0.07%]- V NARAYANAN,E0078>E0388
E0078,Coromandel International Ltd,25,0.066696,2,natural_person,E0228,M.A.ALAGAPPAN,Coromandel International Ltd <-[55.58%]- EID Parry India Ltd <-[0.12%]- M.A.ALAGAPPAN,E0078>E0108>E0228
E0078,Coromandel International Ltd,26,0.066696,2,no_recorded_owner,E0331,Shambho Trust,Coromandel International Ltd <-[55.58%]- EID Parry India Ltd <-[0.12%]- Shambho Trust,E0078>E0108>E0331
E0078,Coromandel International Ltd,27,0.061138,2,no_recorded_owner,E0216,M M Muthiah Family Trust,Coromandel International Ltd <-[55.58%]- EID Parry India Ltd <-[0.11%]- M M Muthiah Family Trust,E0078>E0108>E0216
E0078,Coromandel International Ltd,28,0.061138,2,no_recorded_owner,E0218,M M Veerappan Family Trust,Coromandel International Ltd <-[55.58%]- EID Parry India Ltd <-[0.11%]- M M Veerappan Family Trust,E0078>E0108>E0218
E0078,Coromandel International Ltd,29,0.061138,2,natural_person,E0237,MEYYAMMAI VENKATACHALAM,Coromandel International Ltd <-[55.58%]- EID Parry India Ltd <-[0.11%]- MEYYAMMAI VENKATACHALAM,E0078>E0108>E0237
E0078,Coromandel International Ltd,30,0.05558,2,natural_person,E0336,SIGAPI ARUNACHALAM,Coromandel International Ltd <-[55.58%]- EID Parry India Ltd <-[0.10%]- SIGAPI ARUNACHALAM,E0078>E0108>E0336
E0078,Coromandel International Ltd,31,0.050022,2,no_recorded_owner,E0321,Saraswathi Trust,Coromandel International Ltd <-[55.58%]- EID Parry India Ltd <-[0.09%]- Saraswathi Trust,E0078>E0108>E0321
E0078,Coromandel International Ltd,32,0.05,1,natural_person,E0037,ARUN VENKATACHALAM,Coromandel International Ltd <-[0.05%]- ARUN VENKATACHALAM,E0078>E0037
E0078,Coromandel International Ltd,33,0.044464,2,no_recorded_owner,E0221,M V Muthiah Family Trust,Coromandel International Ltd <-[55.58%]- EID Parry India Ltd <-[0.08%]- M V Muthiah Family Trust,E0078>E0108>E0221
E0078,Coromandel International Ltd,34,0.044464,2,no_recorded_owner,E0226,M V Subramanian Family Trust,Coromandel International Ltd <-[55.58%]- EID Parry India Ltd <-[0.08%]- M V Subramanian Family Trust,E0078>E0108>E0226
E0078,Coromandel International Ltd,35,0.044464,2,no_recorded_owner,E0236,Meenakshi Murugappan Family Trust,Coromandel International Ltd <-[55.58%]- EID Parry India Ltd <-[0.08%]- Meenakshi Murugappan Family Trust,E0078>E0108>E0236
E0078,Coromandel International Ltd,36,0.044464,2,natural_person,E0393,VALLI ANNAMALAI,Coromandel International Ltd <-[55.58%]- EID Parry India Ltd <-[0.08%]- VALLI ANNAMALAI,E0078>E0108>E0393
E0078,Coromandel International Ltd,37,0.04,1,natural_person,E0005,A VENKATACHALAM,Coromandel International Ltd <-[0.04%]- A VENKATACHALAM,E0078>E0005
E0078,Coromandel International Ltd,38,0.04,1,natural_person,E0034,ARUN ALAGAPPAN,Coromandel International Ltd <-[0.04%]- ARUN ALAGAPPAN,E0078>E0034
E0078,Coromandel International Ltd,39,0.04,1,no_recorded_owner,E0190,Lakshmi Ramaswamy Family Trust,Coromandel International Ltd <-[0.04%]- Lakshmi Ramaswamy Family Trust,E0078>E0190
E0078,Coromandel International Ltd,40,0.04,1,natural_person,E0193,LALITHA VELLAYAN,Coromandel International Ltd <-[0.04%]- LALITHA VELLAYAN,E0078>E0193
E0078,Coromandel International Ltd,41,0.04,1,natural_person,E0208,M A M ARUNACHALAM,Coromandel International Ltd <-[0.04%]- M A M ARUNACHALAM,E0078>E0208
E0078,Coromandel International Ltd,42,0.04,1,no_recorded_owner,E0321,Saraswathi Trust,Coromandel International Ltd <-[0.04%]- Saraswathi Trust,E0078>E0321
E0078,Coromandel International Ltd,43,0.038906,2,no_recorded_owner,E0192,Lakshmi Venkatachalam Family Trust,Coromandel International Ltd <-[55.58%]- EID Parry India Ltd <-[0.07%]- Lakshmi Venkatachalam Family Trust,E0078>E0108>E0192
E0078,Coromandel International Ltd,44,0.038906,2,no_recorded_owner,E0210,M A MURUGAPPAN HOLDINGS LLP,Coromandel International Ltd <-[55.58%]- EID Parry India Ltd <-[0.07%]- M A MURUGAPPAN HOLDINGS LLP,E0078>E0108>E0210
E0078,Coromandel International Ltd,45,0.038906,2,no_recorded_owner,E0220,M M Venkatachalam Family Trust,Coromandel International Ltd <-[55.58%]- EID Parry India Ltd <-[0.07%]- M M Venkatachalam Family Trust,E0078>E0108>E0220
E0078,Coromandel International Ltd,46,0.033348,2,no_recorded_owner,E0206,M A ALAGAPPAN HOLDINGS PRIVATE LIMITED,Coromandel International Ltd <-[55.58%]- EID Parry India Ltd <-[0.06%]- M A ALAGAPPAN HOLDINGS PRIVATE LIMITED,E0078>E0108>E0206
E0078,Coromandel International Ltd,47,0.03,1,natural_person,E0237,MEYYAMMAI VENKATACHALAM,Coromandel International Ltd <-[0.03%]- MEYYAMMAI VENKATACHALAM,E0078>E0237
E0078,Coromandel International Ltd,48,0.02779,2,no_recorded_owner,E0031,AR LAKSHMI ACHI TRUST,Coromandel International Ltd <-[55.58%]- EID Parry India Ltd <-[0.05%]- AR LAKSHMI ACHI TRUST,E0078>E0108>E0031
E0078,Coromandel International Ltd,49,0.02779,2,natural_person,E0208,M A M ARUNACHALAM,Coromandel International Ltd <-[55.58%]- EID Parry India Ltd <-[0.05%]- M A M ARUNACHALAM,E0078>E0108>E0208
E0078,Coromandel International Ltd,50,0.022232,2,natural_person,E0188,LAKSHMI CHOCKALINGAM,Coromandel International Ltd <-[55.58%]- EID Parry India Ltd <-[0.04%]- LAKSHMI CHOCKALINGAM,E0078>E0108>E0188
E0078,Coromandel International Ltd,51,0.02,1,no_recorded_owner,E0221,M V Muthiah Family Trust,Coromandel International Ltd <-[0.02%]- M V Muthiah Family Trust,E0078>E0221
E0078,Coromandel International Ltd,52,0.02,1,no_recorded_owner,E0226,M V Subramanian Family Trust,Coromandel International Ltd <-[0.02%]- M V Subramanian Family Trust,E0078>E0226
E0078,Coromandel International Ltd,53,0.02,1,natural_person,E0336,SIGAPI ARUNACHALAM,Coromandel International Ltd <-[0.02%]- SIGAPI ARUNACHALAM,E0078>E0336
E0078,Coromandel International Ltd,54,0.02,1,natural_person,E0393,VALLI ANNAMALAI,Coromandel International Ltd <-[0.02%]- VALLI ANNAMALAI,E0078>E0393
E0078,Coromandel International Ltd,55,0.011116,2,no_recorded_owner,E0035,Arun Murugappan Children's Trust,Coromandel International Ltd <-[55.58%]- EID Parry India Ltd <-[0.02%]- Arun Murugappan Children's Trust,E0078>E0108>E0035
E0078,Coromandel International Ltd,56,0.011116,2,no_recorded_owner,E0205,M A Alagappan Grand Children Trust,Coromandel International Ltd <-[55.58%]- EID Parry India Ltd <-[0.02%]- M A Alagappan Grand Children Trust,E0078>E0108>E0205
E0078,Coromandel International Ltd,57,0.011116,2,natural_person,E0213,M M MURUGAPPAN,Coromandel International Ltd <-[55.58%]- EID Parry India Ltd <-[0.02%]- M M MURUGAPPAN,E0078>E0108>E0213
E0078,Coromandel International Ltd,58,0.011116,2,natural_person,E0304,R.MUTHATHA,Coromandel International Ltd <-[55.58%]- EID Parry India Ltd <-[0.02%]- R.MUTHATHA,E0078>E0108>E0304
E0078,Coromandel International Ltd,59,0.01,1,no_recorded_owner,E0031,AR LAKSHMI ACHI TRUST,Coromandel International Ltd <-[0.01%]- AR LAKSHMI ACHI TRUST,E0078>E0031
E0078,Coromandel International Ltd,60,0.01,1,no_recorded_owner,E0035,Arun Murugappan Children's Trust,Coromandel International Ltd <-[0.01%]- Arun Murugappan Children's Trust,E0078>E0035
E0078,Coromandel International Ltd,61,0.01,1,natural_person,E0188,LAKSHMI CHOCKALINGAM,Coromandel International Ltd <-[0.01%]- LAKSHMI CHOCKALINGAM,E0078>E0188
E0078,Coromandel International Ltd,62,0.01,1,no_recorded_owner,E0205,M A Alagappan Grand Children Trust,Coromandel International Ltd <-[0.01%]- M A Alagappan Grand Children Trust,E0078>E0205
E0078,Coromandel International Ltd,63,0.01,1,no_recorded_owner,E0220,M M Venkatachalam Family Trust,Coromandel International Ltd <-[0.01%]- M M Venkatachalam Family Trust,E0078>E0220
E0078,Coromandel International Ltd,64,0.01,1,natural_person,E0228,M.A.ALAGAPPAN,Coromandel International Ltd <-[0.01%]- M.A.ALAGAPPAN,E0078>E0228
E0078,Coromandel International Ltd,65,0.01,1,no_recorded_owner,E0331,Shambho Trust,Coromandel International Ltd <-[0.01%]- Shambho Trust,E0078>E0331
E0108,EID Parry India Ltd,1,38.24,1,no_recorded_owner,E0023,AMBADI INVESTMENTS LIMITED,EID Parry India Ltd <-[38.24%]- AMBADI INVESTMENTS LIMITED,E0108>E0023
E0108,EID Parry India Ltd,2,7.11,1,no_recorded_owner,E0329,SBI NIFTY 500 INDEX FUND A/C,EID Parry India Ltd <-[7.11%]- SBI NIFTY 500 INDEX FUND A/C,E0108>E0329
E0108,EID Parry India Ltd,3,5.89,1,no_recorded_owner,E0283,PARAG PARIKH FLEXI CAP FUND,EID Parry India Ltd <-[5.89%]- PARAG PARIKH FLEXI CAP FUND,E0108>E0283
E0108,EID Parry India Ltd,4,2.53,1,natural_person,E0125,GOVINDLAL M PARIKH,EID Parry India Ltd <-[2.53%]- GOVINDLAL M PARIKH,E0108>E0125
E0108,EID Parry India Ltd,5,2.21,1,natural_person,E0140,HITESH SATISHCHANDRA DOSHI,EID Parry India Ltd <-[2.21%]- HITESH SATISHCHANDRA DOSHI,E0108>E0140
E0108,EID Parry India Ltd,6,1.15,1,no_recorded_owner,E0067,CANARA ROBECO MUTUAL FUND A/C GAD,EID Parry India Ltd <-[1.15%]- CANARA ROBECO MUTUAL FUND A/C GAD,E0108>E0067
E0108,EID Parry India Ltd,7,0.26,1,natural_person,E0388,V NARAYANAN,EID Parry India Ltd <-[0.26%]- V NARAYANAN,E0108>E0388
E0108,EID Parry India Ltd,8,0.25,1,natural_person,E0387,V ARUNACHALAM,EID Parry India Ltd <-[0.25%]- V ARUNACHALAM,E0108>E0387
E0108,EID Parry India Ltd,9,0.23,1,natural_person,E0005,A VENKATACHALAM,EID Parry India Ltd <-[0.23%]- A VENKATACHALAM,E0108>E0005
E0108,EID Parry India Ltd,10,0.23,1,natural_person,E0034,ARUN ALAGAPPAN,EID Parry India Ltd <-[0.23%]- ARUN ALAGAPPAN,E0108>E0034
E0108,EID Parry India Ltd,11,0.2,1,natural_person,E0037,ARUN VENKATACHALAM,EID Parry India Ltd <-[0.20%]- ARUN VENKATACHALAM,E0108>E0037
E0108,EID Parry India Ltd,12,0.18,1,no_recorded_owner,E0190,Lakshmi Ramaswamy Family Trust,EID Parry India Ltd <-[0.18%]- Lakshmi Ramaswamy Family Trust,E0108>E0190
E0108,EID Parry India Ltd,13,0.12,1,natural_person,E0228,M.A.ALAGAPPAN,EID Parry India Ltd <-[0.12%]- M.A.ALAGAPPAN,E0108>E0228
E0108,EID Parry India Ltd,14,0.12,1,no_recorded_owner,E0331,Shambho Trust,EID Parry India Ltd <-[0.12%]- Shambho Trust,E0108>E0331
E0108,EID Parry India Ltd,15,0.11,1,no_recorded_owner,E0216,M M Muthiah Family Trust,EID Parry India Ltd <-[0.11%]- M M Muthiah Family Trust,E0108>E0216
E0108,EID Parry India Ltd,16,0.11,1,no_recorded_owner,E0218,M M Veerappan Family Trust,EID Parry India Ltd <-[0.11%]- M M Veerappan Family Trust,E0108>E0218
E0108,EID Parry India Ltd,17,0.11,1,natural_person,E0237,MEYYAMMAI VENKATACHALAM,EID Parry India Ltd <-[0.11%]- MEYYAMMAI VENKATACHALAM,E0108>E0237
E0108,EID Parry India Ltd,18,0.1,1,natural_person,E0336,SIGAPI ARUNACHALAM,EID Parry India Ltd <-[0.10%]- SIGAPI ARUNACHALAM,E0108>E0336
E0108,EID Parry India Ltd,19,0.09,1,no_recorded_owner,E0321,Saraswathi Trust,EID Parry India Ltd <-[0.09%]- Saraswathi Trust,E0108>E0321
E0108,EID Parry India Ltd,20,0.08,1,no_recorded_owner,E0221,M V Muthiah Family Trust,EID Parry India Ltd <-[0.08%]- M V Muthiah Family Trust,E0108>E0221
E0108,EID Parry India Ltd,21,0.08,1,no_recorded_owner,E0226,M V Subramanian Family Trust,EID Parry India Ltd <-[0.08%]- M V Subramanian Family Trust,E0108>E0226
E0108,EID Parry India Ltd,22,0.08,1,no_recorded_owner,E0236,Meenakshi Murugappan Family Trust,EID Parry India Ltd <-[0.08%]- Meenakshi Murugappan Family Trust,E0108>E0236
E0108,EID Parry India Ltd,23,0.08,1,natural_person,E0393,VALLI ANNAMALAI,EID Parry India Ltd <-[0.08%]- VALLI ANNAMALAI,E0108>E0393
E0108,EID Parry India Ltd,24,0.07,1,no_recorded_owner,E0192,Lakshmi Venkatachalam Family Trust,EID Parry India Ltd <-[0.07%]- Lakshmi Venkatachalam Family Trust,E0108>E0192
E0108,EID Parry India Ltd,25,0.07,1,no_recorded_owner,E0210,M A MURUGAPPAN HOLDINGS LLP,EID Parry India Ltd <-[0.07%]- M A MURUGAPPAN HOLDINGS LLP,E0108>E0210
E0108,EID Parry India Ltd,26,0.07,1,no_recorded_owner,E0220,M M Venkatachalam Family Trust,EID Parry India Ltd <-[0.07%]- M M Venkatachalam Family Trust,E0108>E0220
E0108,EID Parry India Ltd,27,0.06,1,no_recorded_owner,E0206,M A ALAGAPPAN HOLDINGS PRIVATE LIMITED,EID Parry India Ltd <-[0.06%]- M A ALAGAPPAN HOLDINGS PRIVATE LIMITED,E0108>E0206
E0108,EID Parry India Ltd,28,0.05,1,no_recorded_owner,E0031,AR LAKSHMI ACHI TRUST,EID Parry India Ltd <-[0.05%]- AR LAKSHMI ACHI TRUST,E0108>E0031
E0108,EID Parry India Ltd,29,0.05,1,natural_person,E0208,M A M ARUNACHALAM,EID Parry India Ltd <-[0.05%]- M A M ARUNACHALAM,E0108>E0208
E0108,EID Parry India Ltd,30,0.04,1,natural_person,E0188,LAKSHMI CHOCKALINGAM,EID Parry India Ltd <-[0.04%]- LAKSHMI CHOCKALINGAM,E0108>E0188
E0108,EID Parry India Ltd,31,0.02,1,no_recorded_owner,E0035,Arun Murugappan Children's Trust,EID Parry India Ltd <-[0.02%]- Arun Murugappan Children's Trust,E0108>E0035
E0108,EID Parry India Ltd,32,0.02,1,no_recorded_owner,E0205,M A Alagappan Grand Children Trust,EID Parry India Ltd <-[0.02%]- M A Alagappan Grand Children Trust,E0108>E0205
E0108,EID Parry India Ltd,33,0.02,1,natural_person,E0213,M M MURUGAPPAN,EID Parry India Ltd <-[0.02%]- M M MURUGAPPAN,E0108>E0213
E0108,EID Parry India Ltd,34,0.02,1,natural_person,E0304,R.MUTHATHA,EID Parry India Ltd <-[0.02%]- R.MUTHATHA,E0108>E0304
E0108,EID Parry India Ltd,35,0.01,1,no_recorded_owner,E0002,A M M VELLAYAN SONS P LTD,EID Parry India Ltd <-[0.01%]- A M M VELLAYAN SONS P LTD,E0108>E0002
E0108,EID Parry India Ltd,36,0.01,1,natural_person,E0003,A M MEYYAMMAI,EID Parry India Ltd <-[0.01%]- A M MEYYAMMAI,E0108>E0003
E0108,EID Parry India Ltd,37,0.01,1,natural_person,E0092,DHRUV M ARUNACHALAM,EID Parry India Ltd <-[0.01%]- DHRUV M ARUNACHALAM,E0108>E0092
E0108,EID Parry India Ltd,38,0.01,1,no_recorded_owner,E0170,Kadamane Estates Company,EID Parry India Ltd <-[0.01%]- Kadamane Estates Company,E0108>E0170
E0108,EID Parry India Ltd,39,0.01,1,natural_person,E0193,LALITHA VELLAYAN,EID Parry India Ltd <-[0.01%]- LALITHA VELLAYAN,E0108>E0193
E0108,EID Parry India Ltd,40,0.01,1,no_recorded_owner,E0214,M M Murugappan Family Trust,EID Parry India Ltd <-[0.01%]- M M Murugappan Family Trust,E0108>E0214
E0108,EID Parry India Ltd,41,0.01,1,natural_person,E0215,M M MURUGAPPAN HUF,EID Parry India Ltd <-[0.01%]- M M MURUGAPPAN HUF,E0108>E0215
E0108,EID Parry India Ltd,42,0.01,1,natural_person,E0296,PRANAV ALAGAPPAN,EID Parry India Ltd <-[0.01%]- PRANAV ALAGAPPAN,E0108>E0296
E0108,EID Parry India Ltd,43,0.01,1,natural_person,E0340,SOLACHI RAMANATHAN,EID Parry India Ltd <-[0.01%]- SOLACHI RAMANATHAN,E0108>E0340
E0108,EID Parry India Ltd,44,0.01,1,natural_person,E0395,VALLIAMMAI MURUGAPPAN,EID Parry India Ltd <-[0.01%]- VALLIAMMAI MURUGAPPAN,E0108>E0395
E0126,Grasim Industries Ltd,1,23.18,1,no_recorded_owner,E0057,Birla Group Holdings Private Limited,Grasim Industries Ltd <-[23.18%]- Birla Group Holdings Private Limited,E0126>E0057
E0126,Grasim Industries Ltd,2,6.64,1,no_recorded_owner,E0154,IGH Holdings Private Limited,Grasim Industries Ltd <-[6.64%]- IGH Holdings Private Limited,E0126>E0154
E0126,Grasim Industries Ltd,3,6.59,1,no_recorded_owner,E0201,Life Insurance Corporation Of India,Grasim Industries Ltd <-[6.59%]- Life Insurance Corporation Of India,E0126>E0201
E0126,Grasim Industries Ltd,4,2.94,1,no_recorded_owner,E0278,P.T. Indo Bharat Rayon,Grasim Industries Ltd <-[2.94%]- P.T. Indo Bharat Rayon,E0126>E0278
E0126,Grasim Industries Ltd,5,2.53,1,no_recorded_owner,E0077,"Citibank N.A. New York, NYADR Department","Grasim Industries Ltd <-[2.53%]- Citibank N.A. New York, NYADR Department",E0126>E0077
E0126,Grasim Industries Ltd,6,1.6,1,no_recorded_owner,E0328,Sbi Nifty 50 Etf,Grasim Industries Ltd <-[1.60%]- Sbi Nifty 50 Etf,E0126>E0328
E0126,Grasim Industries Ltd,7,1.54762,2,no_recorded_owner,E0057,Birla Group Holdings Private Limited,Grasim Industries Ltd <-[4.46%]- Pilani Investment and Industries Corporation Ltd <-[34.70%]- Birla Group Holdings Private Limited,E0126>E0292>E0057
E0126,Grasim Industries Ltd,8,1.46,1,no_recorded_owner,E0117,GAGANDEEP CREDIT CAPITAL PVT LTD,Grasim Industries Ltd <-[1.46%]- GAGANDEEP CREDIT CAPITAL PVT LTD,E0126>E0117
E0126,Grasim Industries Ltd,9,1.44,1,no_recorded_owner,E0267,Nps Trust A/C Uti Pension Fund Limited-Scheme State Govt,Grasim Industries Ltd <-[1.44%]- Nps Trust A/C Uti Pension Fund Limited-Scheme State Govt,E0126>E0267
E0126,Grasim Industries Ltd,10,1.43,1,no_recorded_owner,E0332,Shamyak Investment Private Limited,Grasim Industries Ltd <-[1.43%]- Shamyak Investment Private Limited,E0126>E0332
E0126,Grasim Industries Ltd,11,1.17,1,no_recorded_owner,E0374,Theleme Master Fund Limited,Grasim Industries Ltd <-[1.17%]- Theleme Master Fund Limited,E0126>E0374
E0126,Grasim Industries Ltd,12,1.01,1,no_recorded_owner,E0149,ICICI Prudential Nifty ETF,Grasim Industries Ltd <-[1.01%]- ICICI Prudential Nifty ETF,E0126>E0149
E0126,Grasim Industries Ltd,13,0.855428,2,no_recorded_owner,E0280,Padmavati Investment Private Limited,Grasim Industries Ltd <-[4.46%]- Pilani Investment and Industries Corporation Ltd <-[19.18%]- Padmavati Investment Private Limited,E0126>E0292>E0280
E0126,Grasim Industries Ltd,14,0.781392,2,no_recorded_owner,E0372,THE PUNJAB PRODUCE AND TRADING CO PVT LTD,Grasim Industries Ltd <-[4.46%]- Pilani Investment and Industries Corporation Ltd <-[17.52%]- THE PUNJAB PRODUCE AND TRADING CO PVT LTD,E0126>E0292>E0372
E0126,Grasim Industries Ltd,15,0.7,1,no_recorded_owner,E0371,Thai Rayon Public Company Limited,Grasim Industries Ltd <-[0.70%]- Thai Rayon Public Company Limited,E0126>E0371
E0126,Grasim Industries Ltd,16,0.668382,2,no_recorded_owner,E0154,IGH Holdings Private Limited,Grasim Industries Ltd <-[4.29%]- Hindalco Industries Ltd <-[15.58%]- IGH Holdings Private Limited,E0126>E0138>E0154
E0126,Grasim Industries Ltd,17,0.66,1,no_recorded_owner,E0028,Anatole Investments Pte Ltd,Grasim Industries Ltd <-[0.66%]- Anatole Investments Pte Ltd,E0126>E0028
E0126,Grasim Industries Ltd,18,0.488202,2,no_recorded_owner,E0057,Birla Group Holdings Private Limited,Grasim Industries Ltd <-[4.29%]- Hindalco Industries Ltd <-[11.38%]- Birla Group Holdings Private Limited,E0126>E0138>E0057
E0126,Grasim Industries Ltd,19,0.26,1,natural_person,E0186,Kumar Mangalam Birla,Grasim Industries Ltd <-[0.26%]- Kumar Mangalam Birla,E0126>E0186
E0126,Grasim Industries Ltd,20,0.256004,2,no_recorded_owner,E0129,GWALIOR WEBBING COMPANY PRIVATE LIMITED,Grasim Industries Ltd <-[4.46%]- Pilani Investment and Industries Corporation Ltd <-[5.74%]- GWALIOR WEBBING COMPANY PRIVATE LIMITED,E0126>E0292>E0129
E0126,Grasim Industries Ltd,21,0.2007,2,no_recorded_owner,E0294,PRAKASH EDUCATIONAL SOCIETY,Grasim Industries Ltd <-[4.46%]- Pilani Investment and Industries Corporation Ltd <-[4.50%]- PRAKASH EDUCATIONAL SOCIETY,E0126>E0292>E0294
E0126,Grasim Industries Ltd,22,0.196911,2,no_recorded_owner,E0201,Life Insurance Corporation Of India,Grasim Industries Ltd <-[4.29%]- Hindalco Industries Ltd <-[4.59%]- Life Insurance Corporation Of India,E0126>E0138>E0201
E0126,Grasim Industries Ltd,23,0.19,1,no_recorded_owner,E0276,P T Sunrise Bumi Textiles,Grasim Industries Ltd <-[0.19%]- P T Sunrise Bumi Textiles,E0126>E0276
E0126,Grasim Industries Ltd,24,0.179322,2,no_recorded_owner,E0240,"Morgan Guaranty Trust Company Of New York, Asdepositary","Grasim Industries Ltd <-[4.29%]- Hindalco Industries Ltd <-[4.18%]- Morgan Guaranty Trust Company Of New York, Asdepositary",E0126>E0138>E0240
E0126,Grasim Industries Ltd,25,0.168168,2,circular,E0126,Grasim Industries Ltd,Grasim Industries Ltd <-[4.29%]- Hindalco Industries Ltd <-[3.92%]- Grasim Industries Ltd,E0126>E0138>E0126
E0126,Grasim Industries Ltd,26,0.12,1,no_recorded_owner,E0275,P T Elegant Textile Industry,Grasim Industries Ltd <-[0.12%]- P T Elegant Textile Industry,E0126>E0275
E0126,Grasim Industries Ltd,27,0.113685,2,no_recorded_owner,E0123,Governement of Singapore,Grasim Industries Ltd <-[4.29%]- Hindalco Industries Ltd <-[2.65%]- Governement of Singapore,E0126>E0138>E0123
E0126,Grasim Industries Ltd,28,0.108108,2,no_recorded_owner,E0270,NPS TRUST- A/C SBI PENSION FUND SCHEME - STATE GOVT,Grasim Industries Ltd <-[4.29%]- Hindalco Industries Ltd <-[2.52%]- NPS TRUST- A/C SBI PENSION FUND SCHEME - STATE GOVT,E0126>E0138>E0270
E0126,Grasim Industries Ltd,29,0.1,1,no_recorded_owner,E0060,Birla Institute of Technology and Science,Grasim Industries Ltd <-[0.10%]- Birla Institute of Technology and Science,E0126>E0060
E0126,Grasim Industries Ltd,30,0.098241,2,no_recorded_owner,E0328,Sbi Nifty 50 Etf,Grasim Industries Ltd <-[4.29%]- Hindalco Industries Ltd <-[2.29%]- Sbi Nifty 50 Etf,E0126>E0138>E0328
E0126,Grasim Industries Ltd,31,0.08,1,natural_person,E0307,Rajashree Birla,Grasim Industries Ltd <-[0.08%]- Rajashree Birla,E0126>E0307
E0126,Grasim Industries Ltd,32,0.057915,2,no_recorded_owner,E0145,Icici Prudential Large & Mid Cap Fund,Grasim Industries Ltd <-[4.29%]- Hindalco Industries Ltd <-[1.35%]- Icici Prudential Large & Mid Cap Fund,E0126>E0138>E0145
E0126,Grasim Industries Ltd,33,0.047619,2,no_recorded_owner,E0014,Aditya Birla Sun Life Trustee Private Limited A/C - Aditya Birla Sun Life Large Cap Fund,Grasim Industries Ltd <-[4.29%]- Hindalco Industries Ltd <-[1.11%]- Aditya Birla Sun Life Trustee Private Limited A/C - Aditya Birla Sun Life Large Cap Fund,E0126>E0138>E0014
E0126,Grasim Industries Ltd,34,0.041184,2,no_recorded_owner,E0060,Birla Institute of Technology and Science,Grasim Industries Ltd <-[4.29%]- Hindalco Industries Ltd <-[0.96%]- Birla Institute of Technology and Science,E0126>E0138>E0060
E0126,Grasim Industries Ltd,35,0.04,1,no_recorded_owner,E0316,Renuka Ventures Limited,Grasim Industries Ltd <-[0.04%]- Renuka Ventures Limited,E0126>E0316
E0126,Grasim Industries Ltd,36,0.031317,2,no_recorded_owner,E0380,TRUSTEE HOLDING SHARES UNDER THE SCHEME OF MERGER OF HIL/IGCL/IGFL ON BEHALF OF HINDALCO,Grasim Industries Ltd <-[4.29%]- Hindalco Industries Ltd <-[0.73%]- TRUSTEE HOLDING SHARES UNDER THE SCHEME OF MERGER OF HIL/IGCL/IGFL ON BEHALF OF HINDALCO,E0126>E0138>E0380
E0126,Grasim Industries Ltd,37,0.02,1,natural_person,E0398,Vasavadatta Bajaj,Grasim Industries Ltd <-[0.02%]- Vasavadatta Bajaj,E0126>E0398
E0126,Grasim Industries Ltd,38,0.019799,3,no_recorded_owner,E0057,Birla Group Holdings Private Limited,Grasim Industries Ltd <-[4.29%]- Hindalco Industries Ltd <-[1.33%]- Pilani Investment and Industries Corporation Ltd <-[34.70%]- Birla Group Holdings Private Limited,E0126>E0138>E0292>E0057
E0126,Grasim Industries Ltd,39,0.018447,2,no_recorded_owner,E0278,P.T. Indo Bharat Rayon,Grasim Industries Ltd <-[4.29%]- Hindalco Industries Ltd <-[0.43%]- P.T. Indo Bharat Rayon,E0126>E0138>E0278
E0126,Grasim Industries Ltd,40,0.010944,3,no_recorded_owner,E0280,Padmavati Investment Private Limited,Grasim Industries Ltd <-[4.29%]- Hindalco Industries Ltd <-[1.33%]- Pilani Investment and Industries Corporation Ltd <-[19.18%]- Padmavati Investment Private Limited,E0126>E0138>E0292>E0280
E0126,Grasim Industries Ltd,41,0.01,1,natural_person,E0016,Aditya Vikram Kumarmangalam Birla Huf,Grasim Industries Ltd <-[0.01%]- Aditya Vikram Kumarmangalam Birla Huf,E0126>E0016
E0126,Grasim Industries Ltd,42,0.01,1,natural_person,E0017,Advaitesha Birla,Grasim Industries Ltd <-[0.01%]- Advaitesha Birla,E0126>E0017
E0126,Grasim Industries Ltd,43,0.01,1,natural_person,E0027,Ananyashree Birla,Grasim Industries Ltd <-[0.01%]- Ananyashree Birla,E0126>E0027
E0126,Grasim Industries Ltd,44,0.01,1,natural_person,E0038,Aryaman Vikram Birla,Grasim Industries Ltd <-[0.01%]- Aryaman Vikram Birla,E0126>E0038
E0126,Grasim Industries Ltd,45,0.01,1,no_recorded_owner,E0053,Birla Consultants Limited,Grasim Industries Ltd <-[0.01%]- Birla Consultants Limited,E0126>E0053
E0126,Grasim Industries Ltd,46,0.01,1,no_recorded_owner,E0058,Birla Industrial Finance India Limited,Grasim Industries Ltd <-[0.01%]- Birla Industrial Finance India Limited,E0126>E0058
E0126,Grasim Industries Ltd,47,0.01,1,natural_person,E0254,Neerja Birla,Grasim Industries Ltd <-[0.01%]- Neerja Birla,E0126>E0254
E0138,Hindalco Industries Ltd,1,15.58,1,no_recorded_owner,E0154,IGH Holdings Private Limited,Hindalco Industries Ltd <-[15.58%]- IGH Holdings Private Limited,E0138>E0154
E0138,Hindalco Industries Ltd,2,11.38,1,no_recorded_owner,E0057,Birla Group Holdings Private Limited,Hindalco Industries Ltd <-[11.38%]- Birla Group Holdings Private Limited,E0138>E0057
E0138,Hindalco Industries Ltd,3,4.59,1,no_recorded_owner,E0201,Life Insurance Corporation Of India,Hindalco Industries Ltd <-[4.59%]- Life Insurance Corporation Of India,E0138>E0201
E0138,Hindalco Industries Ltd,4,4.18,1,no_recorded_owner,E0240,"Morgan Guaranty Trust Company Of New York, Asdepositary","Hindalco Industries Ltd <-[4.18%]- Morgan Guaranty Trust Company Of New York, Asdepositary",E0138>E0240
E0138,Hindalco Industries Ltd,5,2.65,1,no_recorded_owner,E0123,Governement of Singapore,Hindalco Industries Ltd <-[2.65%]- Governement of Singapore,E0138>E0123
E0138,Hindalco Industries Ltd,6,2.52,1,no_recorded_owner,E0270,NPS TRUST- A/C SBI PENSION FUND SCHEME - STATE GOVT,Hindalco Industries Ltd <-[2.52%]- NPS TRUST- A/C SBI PENSION FUND SCHEME - STATE GOVT,E0138>E0270
E0138,Hindalco Industries Ltd,7,2.29,1,no_recorded_owner,E0328,Sbi Nifty 50 Etf,Hindalco Industries Ltd <-[2.29%]- Sbi Nifty 50 Etf,E0138>E0328
E0138,Hindalco Industries Ltd,8,1.35,1,no_recorded_owner,E0145,Icici Prudential Large & Mid Cap Fund,Hindalco Industries Ltd <-[1.35%]- Icici Prudential Large & Mid Cap Fund,E0138>E0145
E0138,Hindalco Industries Ltd,9,1.11,1,no_recorded_owner,E0014,Aditya Birla Sun Life Trustee Private Limited A/C - Aditya Birla Sun Life Large Cap Fund,Hindalco Industries Ltd <-[1.11%]- Aditya Birla Sun Life Trustee Private Limited A/C - Aditya Birla Sun Life Large Cap Fund,E0138>E0014
E0138,Hindalco Industries Ltd,10,0.96,1,no_recorded_owner,E0060,Birla Institute of Technology and Science,Hindalco Industries Ltd <-[0.96%]- Birla Institute of Technology and Science,E0138>E0060
E0138,Hindalco Industries Ltd,11,0.908656,2,no_recorded_owner,E0057,Birla Group Holdings Private Limited,Hindalco Industries Ltd <-[3.92%]- Grasim Industries Ltd <-[23.18%]- Birla Group Holdings Private Limited,E0138>E0126>E0057
E0138,Hindalco Industries Ltd,12,0.73,1,no_recorded_owner,E0380,TRUSTEE HOLDING SHARES UNDER THE SCHEME OF MERGER OF HIL/IGCL/IGFL ON BEHALF OF HINDALCO,Hindalco Industries Ltd <-[0.73%]- TRUSTEE HOLDING SHARES UNDER THE SCHEME OF MERGER OF HIL/IGCL/IGFL ON BEHALF OF HINDALCO,E0138>E0380
E0138,Hindalco Industries Ltd,13,0.46151,2,no_recorded_owner,E0057,Birla Group Holdings Private Limited,Hindalco Industries Ltd <-[1.33%]- Pilani Investment and Industries Corporation Ltd <-[34.70%]- Birla Group Holdings Private Limited,E0138>E0292>E0057
E0138,Hindalco Industries Ltd,14,0.43,1,no_recorded_owner,E0278,P.T. Indo Bharat Rayon,Hindalco Industries Ltd <-[0.43%]- P.T. Indo Bharat Rayon,E0138>E0278
E0138,Hindalco Industries Ltd,15,0.260288,2,no_recorded_owner,E0154,IGH Holdings Private Limited,Hindalco Industries Ltd <-[3.92%]- Grasim Industries Ltd <-[6.64%]- IGH Holdings Private Limited,E0138>E0126>E0154
E0138,Hindalco Industries Ltd,16,0.258328,2,no_recorded_owner,E0201,Life Insurance Corporation Of India,Hindalco Industries Ltd <-[3.92%]- Grasim Industries Ltd <-[6.59%]- Life Insurance Corporation Of India,E0138>E0126>E0201
E0138,Hindalco Industries Ltd,17,0.255094,2,no_recorded_owner,E0280,Padmavati Investment Private Limited,Hindalco Industries Ltd <-[1.33%]- Pilani Investment and Industries Corporation Ltd <-[19.18%]- Padmavati Investment Private Limited,E0138>E0292>E0280
E0138,Hindalco Industries Ltd,18,0.233016,2,no_recorded_owner,E0372,THE PUNJAB PRODUCE AND TRADING CO PVT LTD,Hindalco Industries Ltd <-[1.33%]- Pilani Investment and Industries Corporation Ltd <-[17.52%]- THE PUNJAB PRODUCE AND TRADING CO PVT LTD,E0138>E0292>E0372
E0138,Hindalco Industries Ltd,19,0.168168,2,circular,E0138,Hindalco Industries Ltd,Hindalco Industries Ltd <-[3.92%]- Grasim Industries Ltd <-[4.29%]- Hindalco Industries Ltd,E0138>E0126>E0138
E0138,Hindalco Industries Ltd,20,0.13,1,no_recorded_owner,E0276,P T Sunrise Bumi Textiles,Hindalco Industries Ltd <-[0.13%]- P T Sunrise Bumi Textiles,E0138>E0276
E0138,Hindalco Industries Ltd,21,0.115248,2,no_recorded_owner,E0278,P.T. Indo Bharat Rayon,Hindalco Industries Ltd <-[3.92%]- Grasim Industries Ltd <-[2.94%]- P.T. Indo Bharat Rayon,E0138>E0126>E0278
E0138,Hindalco Industries Ltd,22,0.099176,2,no_recorded_owner,E0077,"Citibank N.A. New York, NYADR Department","Hindalco Industries Ltd <-[3.92%]- Grasim Industries Ltd <-[2.53%]- Citibank N.A. New York, NYADR Department",E0138>E0126>E0077
E0138,Hindalco Industries Ltd,23,0.08,1,no_recorded_owner,E0275,P T Elegant Textile Industry,Hindalco Industries Ltd <-[0.08%]- P T Elegant Textile Industry,E0138>E0275
E0138,Hindalco Industries Ltd,24,0.076342,2,no_recorded_owner,E0129,GWALIOR WEBBING COMPANY PRIVATE LIMITED,Hindalco Industries Ltd <-[1.33%]- Pilani Investment and Industries Corporation Ltd <-[5.74%]- GWALIOR WEBBING COMPANY PRIVATE LIMITED,E0138>E0292>E0129
E0138,Hindalco Industries Ltd,25,0.06272,2,no_recorded_owner,E0328,Sbi Nifty 50 Etf,Hindalco Industries Ltd <-[3.92%]- Grasim Industries Ltd <-[1.60%]- Sbi Nifty 50 Etf,E0138>E0126>E0328
E0138,Hindalco Industries Ltd,26,0.060667,3,no_recorded_owner,E0057,Birla Group Holdings Private Limited,Hindalco Industries Ltd <-[3.92%]- Grasim Industries Ltd <-[4.46%]- Pilani Investment and Industries Corporation Ltd <-[34.70%]- Birla Group Holdings Private Limited,E0138>E0126>E0292>E0057
E0138,Hindalco Industries Ltd,27,0.06,1,natural_person,E0186,Kumar Mangalam Birla,Hindalco Industries Ltd <-[0.06%]- Kumar Mangalam Birla,E0138>E0186
E0138,Hindalco Industries Ltd,28,0.05985,2,no_recorded_owner,E0294,PRAKASH EDUCATIONAL SOCIETY,Hindalco Industries Ltd <-[1.33%]- Pilani Investment and Industries Corporation Ltd <-[4.50%]- PRAKASH EDUCATIONAL SOCIETY,E0138>E0292>E0294
E0138,Hindalco Industries Ltd,29,0.057232,2,no_recorded_owner,E0117,GAGANDEEP CREDIT CAPITAL PVT LTD,Hindalco Industries Ltd <-[3.92%]- Grasim Industries Ltd <-[1.46%]- GAGANDEEP CREDIT CAPITAL PVT LTD,E0138>E0126>E0117
E0138,Hindalco Industries Ltd,30,0.056448,2,no_recorded_owner,E0267,Nps Trust A/C Uti Pension Fund Limited-Scheme State Govt,Hindalco Industries Ltd <-[3.92%]- Grasim Industries Ltd <-[1.44%]- Nps Trust A/C Uti Pension Fund Limited-Scheme State Govt,E0138>E0126>E0267
E0138,Hindalco Industries Ltd,31,0.056056,2,no_recorded_owner,E0332,Shamyak Investment Private Limited,Hindalco Industries Ltd <-[3.92%]- Grasim Industries Ltd <-[1.43%]- Shamyak Investment Private Limited,E0138>E0126>E0332
E0138,Hindalco Industries Ltd,32,0.045864,2,no_recorded_owner,E0374,Theleme Master Fund Limited,Hindalco Industries Ltd <-[3.92%]- Grasim Industries Ltd <-[1.17%]- Theleme Master Fund Limited,E0138>E0126>E0374
E0138,Hindalco Industries Ltd,33,0.039592,2,no_recorded_owner,E0149,ICICI Prudential Nifty ETF,Hindalco Industries Ltd <-[3.92%]- Grasim Industries Ltd <-[1.01%]- ICICI Prudential Nifty ETF,E0138>E0126>E0149
E0138,Hindalco Industries Ltd,34,0.033533,3,no_recorded_owner,E0280,Padmavati Investment Private Limited,Hindalco Industries Ltd <-[3.92%]- Grasim Industries Ltd <-[4.46%]- Pilani Investment and Industries Corporation Ltd <-[19.18%]- Padmavati Investment Private Limited,E0138>E0126>E0292>E0280
E0138,Hindalco Industries Ltd,35,0.030631,3,no_recorded_owner,E0372,THE PUNJAB PRODUCE AND TRADING CO PVT LTD,Hindalco Industries Ltd <-[3.92%]- Grasim Industries Ltd <-[4.46%]- Pilani Investment and Industries Corporation Ltd <-[17.52%]- THE PUNJAB PRODUCE AND TRADING CO PVT LTD,E0138>E0126>E0292>E0372
E0138,Hindalco Industries Ltd,36,0.03,1,natural_person,E0016,Aditya Vikram Kumarmangalam Birla Huf,Hindalco Industries Ltd <-[0.03%]- Aditya Vikram Kumarmangalam Birla Huf,E0138>E0016
E0138,Hindalco Industries Ltd,37,0.03,1,natural_person,E0307,Rajashree Birla,Hindalco Industries Ltd <-[0.03%]- Rajashree Birla,E0138>E0307
E0138,Hindalco Industries Ltd,38,0.02744,2,no_recorded_owner,E0371,Thai Rayon Public Company Limited,Hindalco Industries Ltd <-[3.92%]- Grasim Industries Ltd <-[0.70%]- Thai Rayon Public Company Limited,E0138>E0126>E0371
E0138,Hindalco Industries Ltd,39,0.025872,2,no_recorded_owner,E0028,Anatole Investments Pte Ltd,Hindalco Industries Ltd <-[3.92%]- Grasim Industries Ltd <-[0.66%]- Anatole Investments Pte Ltd,E0138>E0126>E0028
E0138,Hindalco Industries Ltd,40,0.010192,2,natural_person,E0186,Kumar Mangalam Birla,Hindalco Industries Ltd <-[3.92%]- Grasim Industries Ltd <-[0.26%]- Kumar Mangalam Birla,E0138>E0126>E0186
E0138,Hindalco Industries Ltd,41,0.010035,3,no_recorded_owner,E0129,GWALIOR WEBBING COMPANY PRIVATE LIMITED,Hindalco Industries Ltd <-[3.92%]- Grasim Industries Ltd <-[4.46%]- Pilani Investment and Industries Corporation Ltd <-[5.74%]- GWALIOR WEBBING COMPANY PRIVATE LIMITED,E0138>E0126>E0292>E0129
E0138,Hindalco Industries Ltd,42,0.01,1,natural_person,E0254,Neerja Birla,Hindalco Industries Ltd <-[0.01%]- Neerja Birla,E0138>E0254
E0138,Hindalco Industries Ltd,43,0.01,1,natural_person,E0398,Vasavadatta Bajaj,Hindalco Industries Ltd <-[0.01%]- Vasavadatta Bajaj,E0138>E0398
E0157,Indian Hotels Company Ltd,1,35.66,1,no_recorded_owner,E0365,Tata Sons Private Limited,Indian Hotels Company Ltd <-[35.66%]- Tata Sons Private Limited,E0157>E0365
E0157,Indian Hotels Company Ltd,2,4.74,1,no_recorded_owner,E0270,NPS TRUST- A/C SBI PENSION FUND SCHEME - STATE GOVT,Indian Hotels Company Ltd <-[4.74%]- NPS TRUST- A/C SBI PENSION FUND SCHEME - STATE GOVT,E0157>E0270
E0157,Indian Hotels Company Ltd,3,2.64,1,no_recorded_owner,E0201,Life Insurance Corporation Of India,Indian Hotels Company Ltd <-[2.64%]- Life Insurance Corporation Of India,E0157>E0201
E0157,Indian Hotels Company Ltd,4,2.53,1,no_recorded_owner,E0260,NIPPON LIFE INDIA TRUSTEE LTD-A/C NIPPON INDIA MULTI CAP FUND,Indian Hotels Company Ltd <-[2.53%]- NIPPON LIFE INDIA TRUSTEE LTD-A/C NIPPON INDIA MULTI CAP FUND,E0157>E0260
E0157,Indian Hotels Company Ltd,5,2.36,1,no_recorded_owner,E0066,CANARA ROBECO MUTUAL FUND A/C CANARA ROBECO LARGE AND MID CAP FUND,Indian Hotels Company Ltd <-[2.36%]- CANARA ROBECO MUTUAL FUND A/C CANARA ROBECO LARGE AND MID CAP FUND,E0157>E0066
E0157,Indian Hotels Company Ltd,6,2.2,1,no_recorded_owner,E0045,AXIS MUTUAL FUND TRUSTEE LIMITED A/C AXIS MUTUAL FUND A/C AXIS MIDCAP FUND,Indian Hotels Company Ltd <-[2.20%]- AXIS MUTUAL FUND TRUSTEE LIMITED A/C AXIS MUTUAL FUND A/C AXIS MIDCAP FUND,E0157>E0045
E0157,Indian Hotels Company Ltd,7,1.51,1,no_recorded_owner,E0134,HDFC MUTUAL FUND - HDFC MID-CAP FUND,Indian Hotels Company Ltd <-[1.51%]- HDFC MUTUAL FUND - HDFC MID-CAP FUND,E0157>E0134
E0157,Indian Hotels Company Ltd,8,1.5,1,no_recorded_owner,E0143,Icici Prudential Balanced Advantage Fund,Indian Hotels Company Ltd <-[1.50%]- Icici Prudential Balanced Advantage Fund,E0157>E0143
E0157,Indian Hotels Company Ltd,9,1.0,1,natural_person,E0314,Rekha Jhunjhunwala,Indian Hotels Company Ltd <-[1.00%]- Rekha Jhunjhunwala,E0157>E0314
E0157,Indian Hotels Company Ltd,10,0.863226,2,no_recorded_owner,E0365,Tata Sons Private Limited,Indian Hotels Company Ltd <-[1.26%]- Tata Investment Corporation Ltd <-[68.51%]- Tata Sons Private Limited,E0157>E0360>E0365
E0157,Indian Hotels Company Ltd,11,0.26477,2,no_recorded_owner,E0365,Tata Sons Private Limited,Indian Hotels Company Ltd <-[0.83%]- Tata Chemicals Ltd <-[31.90%]- Tata Sons Private Limited,E0157>E0351>E0365
E0157,Indian Hotels Company Ltd,12,0.15,1,no_recorded_owner,E0112,Ewart Investments Limited,Indian Hotels Company Ltd <-[0.15%]- Ewart Investments Limited,E0157>E0112
E0157,Indian Hotels Company Ltd,13,0.08,1,no_recorded_owner,E0345,TAJ MADURAI LIMITED,Indian Hotels Company Ltd <-[0.08%]- TAJ MADURAI LIMITED,E0157>E0345
E0157,Indian Hotels Company Ltd,14,0.076692,2,no_recorded_owner,E0202,Life Insurance Corporation Of India - P & Gs Fund,Indian Hotels Company Ltd <-[0.83%]- Tata Chemicals Ltd <-[9.24%]- Life Insurance Corporation Of India - P & Gs Fund,E0157>E0351>E0202
E0157,Indian Hotels Company Ltd,15,0.05,1,no_recorded_owner,E0358,Tata Industries Limited,Indian Hotels Company Ltd <-[0.05%]- Tata Industries Limited,E0157>E0358
E0157,Indian Hotels Company Ltd,16,0.033947,3,no_recorded_owner,E0365,Tata Sons Private Limited,Indian Hotels Company Ltd <-[0.83%]- Tata Chemicals Ltd <-[5.97%]- Tata Investment Corporation Ltd <-[68.51%]- Tata Sons Private Limited,E0157>E0351>E0360>E0365
E0157,Indian Hotels Company Ltd,17,0.033449,2,no_recorded_owner,E0152,Icici Prudential Value Fund,Indian Hotels Company Ltd <-[0.83%]- Tata Chemicals Ltd <-[4.03%]- Icici Prudential Value Fund,E0157>E0351>E0152
E0157,Indian Hotels Company Ltd,18,0.022493,2,no_recorded_owner,E0175,Kotak Flexicap Fund,Indian Hotels Company Ltd <-[0.83%]- Tata Chemicals Ltd <-[2.71%]- Kotak Flexicap Fund,E0157>E0351>E0175
E0157,Indian Hotels Company Ltd,19,0.020034,2,no_recorded_owner,E0112,Ewart Investments Limited,Indian Hotels Company Ltd <-[1.26%]- Tata Investment Corporation Ltd <-[1.59%]- Ewart Investments Limited,E0157>E0360>E0112
E0157,Indian Hotels Company Ltd,20,0.019782,2,below_threshold,E0363,Tata Power Company Ltd,Indian Hotels Company Ltd <-[1.26%]- Tata Investment Corporation Ltd <-[1.57%]- Tata Power Company Ltd,E0157>E0360>E0363
E0157,Indian Hotels Company Ltd,21,0.017124,2,circular,E0157,Indian Hotels Company Ltd,Indian Hotels Company Ltd <-[0.06%]- Oriental Hotels Ltd <-[28.54%]- Indian Hotels Company Ltd,E0157>E0274>E0157
E0157,Indian Hotels Company Ltd,22,0.011288,2,no_recorded_owner,E0008,"Acacia Partners, Lp","Indian Hotels Company Ltd <-[0.83%]- Tata Chemicals Ltd <-[1.36%]- Acacia Partners, Lp",E0157>E0351>E0008
E0157,Indian Hotels Company Ltd,23,0.010962,2,below_threshold,E0351,Tata Chemicals Ltd,Indian Hotels Company Ltd <-[1.26%]- Tata Investment Corporation Ltd <-[0.87%]- Tata Chemicals Ltd,E0157>E0360>E0351
E0157,Indian Hotels Company Ltd,24,0.01,1,no_recorded_owner,E0344,TAIDA TRADING AND INDUSTRIES LIMITED,Indian Hotels Company Ltd <-[0.01%]- TAIDA TRADING AND INDUSTRIES LIMITED,E0157>E0344
E0166,Jay Shree Tea & Industries Ltd,1,23.09,1,no_recorded_owner,E0167,JAYASHREE FINVEST PRIVATE LIMITED,Jay Shree Tea & Industries Ltd <-[23.09%]- JAYASHREE FINVEST PRIVATE LIMITED,E0166>E0167
E0166,Jay Shree Tea & Industries Ltd,2,21.17,1,no_recorded_owner,E0168,JPM MERCHANDISE AGENCIES LIMITED,Jay Shree Tea & Industries Ltd <-[21.17%]- JPM MERCHANDISE AGENCIES LIMITED,E0166>E0168
E0166,Jay Shree Tea & Industries Ltd,3,4.85,1,no_recorded_owner,E0032,ARES DIVERSIFIED,Jay Shree Tea & Industries Ltd <-[4.85%]- ARES DIVERSIFIED,E0166>E0032
E0166,Jay Shree Tea & Industries Ltd,4,3.83,1,natural_person,E0246,MRS.JAYASHREE MOHTA,Jay Shree Tea & Industries Ltd <-[3.83%]- MRS.JAYASHREE MOHTA,E0166>E0246
E0166,Jay Shree Tea & Industries Ltd,5,2.96,1,no_recorded_owner,E0204,LOK PRAKASHAN,Jay Shree Tea & Industries Ltd <-[2.96%]- LOK PRAKASHAN,E0166>E0204
E0166,Jay Shree Tea & Industries Ltd,6,1.3,1,natural_person,E0244,MR.VIKAS NAVNIT GANDHI,Jay Shree Tea & Industries Ltd <-[1.30%]- MR.VIKAS NAVNIT GANDHI,E0166>E0244
E0166,Jay Shree Tea & Industries Ltd,7,1.09,1,no_recorded_owner,E0055,BIRLA EDUCATION TRUST,Jay Shree Tea & Industries Ltd <-[1.09%]- BIRLA EDUCATION TRUST,E0166>E0055
E0166,Jay Shree Tea & Industries Ltd,8,1.07,1,no_recorded_owner,E0161,INVESTOR EDUCATION & PROTECTION FUND,Jay Shree Tea & Industries Ltd <-[1.07%]- INVESTOR EDUCATION & PROTECTION FUND,E0166>E0161
E0166,Jay Shree Tea & Industries Ltd,9,0.24,1,no_recorded_owner,E0057,Birla Group Holdings Private Limited,Jay Shree Tea & Industries Ltd <-[0.24%]- Birla Group Holdings Private Limited,E0166>E0057
E0166,Jay Shree Tea & Industries Ltd,10,0.13,1,no_recorded_owner,E0052,BHARAT AROGYA AND GYAN MANDIR,Jay Shree Tea & Industries Ltd <-[0.13%]- BHARAT AROGYA AND GYAN MANDIR,E0166>E0052
E0166,Jay Shree Tea & Industries Ltd,11,0.120137,3,no_recorded_owner,E0057,Birla Group Holdings Private Limited,Jay Shree Tea & Industries Ltd <-[1.04%]- Aditya Birla Real Estate Ltd <-[33.29%]- Pilani Investment and Industries Corporation Ltd <-[34.70%]- Birla Group Holdings Private Limited,E0166>E0012>E0292>E0057
E0166,Jay Shree Tea & Industries Ltd,12,0.103792,2,no_recorded_owner,E0154,IGH Holdings Private Limited,Jay Shree Tea & Industries Ltd <-[1.04%]- Aditya Birla Real Estate Ltd <-[9.98%]- IGH Holdings Private Limited,E0166>E0012>E0154
E0166,Jay Shree Tea & Industries Ltd,13,0.070408,2,no_recorded_owner,E0057,Birla Group Holdings Private Limited,Jay Shree Tea & Industries Ltd <-[1.04%]- Aditya Birla Real Estate Ltd <-[6.77%]- Birla Group Holdings Private Limited,E0166>E0012>E0057
E0166,Jay Shree Tea & Industries Ltd,14,0.066404,3,no_recorded_owner,E0280,Padmavati Investment Private Limited,Jay Shree Tea & Industries Ltd <-[1.04%]- Aditya Birla Real Estate Ltd <-[33.29%]- Pilani Investment and Industries Corporation Ltd <-[19.18%]- Padmavati Investment Private Limited,E0166>E0012>E0292>E0280
E0166,Jay Shree Tea & Industries Ltd,15,0.060657,3,no_recorded_owner,E0372,THE PUNJAB PRODUCE AND TRADING CO PVT LTD,Jay Shree Tea & Industries Ltd <-[1.04%]- Aditya Birla Real Estate Ltd <-[33.29%]- Pilani Investment and Industries Corporation Ltd <-[17.52%]- THE PUNJAB PRODUCE AND TRADING CO PVT LTD,E0166>E0012>E0292>E0372
E0166,Jay Shree Tea & Industries Ltd,16,0.05,1,natural_person,E0398,Vasavadatta Bajaj,Jay Shree Tea & Industries Ltd <-[0.05%]- Vasavadatta Bajaj,E0166>E0398
E0166,Jay Shree Tea & Industries Ltd,17,0.030472,2,no_recorded_owner,E0066,CANARA ROBECO MUTUAL FUND A/C CANARA ROBECO LARGE AND MID CAP FUND,Jay Shree Tea & Industries Ltd <-[1.04%]- Aditya Birla Real Estate Ltd <-[2.93%]- CANARA ROBECO MUTUAL FUND A/C CANARA ROBECO LARGE AND MID CAP FUND,E0166>E0012>E0066
E0166,Jay Shree Tea & Industries Ltd,18,0.026728,2,no_recorded_owner,E0159,INVESCO INDIA FOCUSED FUND,Jay Shree Tea & Industries Ltd <-[1.04%]- Aditya Birla Real Estate Ltd <-[2.57%]- INVESCO INDIA FOCUSED FUND,E0166>E0012>E0159
E0166,Jay Shree Tea & Industries Ltd,19,0.021944,2,no_recorded_owner,E0013,Aditya Birla Sun Life Trustee Private Limited A/C - Aditya Birla Sun Life Elss Tax Saver Fund,Jay Shree Tea & Industries Ltd <-[1.04%]- Aditya Birla Real Estate Ltd <-[2.11%]- Aditya Birla Sun Life Trustee Private Limited A/C - Aditya Birla Sun Life Elss Tax Saver Fund,E0166>E0012>E0013
E0166,Jay Shree Tea & Industries Ltd,20,0.020488,2,no_recorded_owner,E0050,Bandhan Small Cap Fund,Jay Shree Tea & Industries Ltd <-[1.04%]- Aditya Birla Real Estate Ltd <-[1.97%]- Bandhan Small Cap Fund,E0166>E0012>E0050
E0166,Jay Shree Tea & Industries Ltd,21,0.02,1,natural_person,E0186,Kumar Mangalam Birla,Jay Shree Tea & Industries Ltd <-[0.02%]- Kumar Mangalam Birla,E0166>E0186
E0166,Jay Shree Tea & Industries Ltd,22,0.019873,3,no_recorded_owner,E0129,GWALIOR WEBBING COMPANY PRIVATE LIMITED,Jay Shree Tea & Industries Ltd <-[1.04%]- Aditya Birla Real Estate Ltd <-[33.29%]- Pilani Investment and Industries Corporation Ltd <-[5.74%]- GWALIOR WEBBING COMPANY PRIVATE LIMITED,E0166>E0012>E0292>E0129
E0166,Jay Shree Tea & Industries Ltd,23,0.016952,2,no_recorded_owner,E0262,Nippon Life India Trustee Ltd-A/C Nippon India Small Cap Fund,Jay Shree Tea & Industries Ltd <-[1.04%]- Aditya Birla Real Estate Ltd <-[1.63%]- Nippon Life India Trustee Ltd-A/C Nippon India Small Cap Fund,E0166>E0012>E0262
E0166,Jay Shree Tea & Industries Ltd,24,0.016848,2,no_recorded_owner,E0054,Birla Corporation Limited,Jay Shree Tea & Industries Ltd <-[1.04%]- Aditya Birla Real Estate Ltd <-[1.62%]- Birla Corporation Limited,E0166>E0012>E0054
E0166,Jay Shree Tea & Industries Ltd,25,0.015808,2,natural_person,E0140,HITESH SATISHCHANDRA DOSHI,Jay Shree Tea & Industries Ltd <-[1.04%]- Aditya Birla Real Estate Ltd <-[1.52%]- HITESH SATISHCHANDRA DOSHI,E0166>E0012>E0140
E0166,Jay Shree Tea & Industries Ltd,26,0.01558,3,no_recorded_owner,E0294,PRAKASH EDUCATIONAL SOCIETY,Jay Shree Tea & Industries Ltd <-[1.04%]- Aditya Birla Real Estate Ltd <-[33.29%]- Pilani Investment and Industries Corporation Ltd <-[4.50%]- PRAKASH EDUCATIONAL SOCIETY,E0166>E0012>E0292>E0294
E0166,Jay Shree Tea & Industries Ltd,27,0.01456,2,no_recorded_owner,E0121,Goldman Sachs Funds - Goldman Sachs India Equity Portfolio,Jay Shree Tea & Industries Ltd <-[1.04%]- Aditya Birla Real Estate Ltd <-[1.40%]- Goldman Sachs Funds - Goldman Sachs India Equity Portfolio,E0166>E0012>E0121
E0166,Jay Shree Tea & Industries Ltd,28,0.0104,2,no_recorded_owner,E0142,Hsbc Mutual Fund - Hsbc Value Fund,Jay Shree Tea & Industries Ltd <-[1.04%]- Aditya Birla Real Estate Ltd <-[1.00%]- Hsbc Mutual Fund - Hsbc Value Fund,E0166>E0012>E0142
E0166,Jay Shree Tea & Industries Ltd,29,0.01,1,below_threshold,E0292,Pilani Investment and Industries Corporation Ltd,Jay Shree Tea & Industries Ltd <-[0.01%]- Pilani Investment and Industries Corporation Ltd,E0166>E0292
E0166,Jay Shree Tea & Industries Ltd,30,0.01,1,no_recorded_owner,E0294,PRAKASH EDUCATIONAL SOCIETY,Jay Shree Tea & Industries Ltd <-[0.01%]- PRAKASH EDUCATIONAL SOCIETY,E0166>E0294
E0172,Kartik Investments Trust Ltd,1,30.64,1,no_recorded_owner,E0023,AMBADI INVESTMENTS LIMITED,Kartik Investments Trust Ltd <-[30.64%]- AMBADI INVESTMENTS LIMITED,E0172>E0023
E0172,Kartik Investments Trust Ltd,2,5.220065,2,no_recorded_owner,E0023,AMBADI INVESTMENTS LIMITED,Kartik Investments Trust Ltd <-[13.85%]- Cholamandalam Financial Holdings Ltd <-[37.69%]- AMBADI INVESTMENTS LIMITED,E0172>E0075>E0023
E0172,Kartik Investments Trust Ltd,3,5.01,1,no_recorded_owner,E0248,MURUGAPPA EDUCATIONAL AND MEDICAL FOUNDATION,Kartik Investments Trust Ltd <-[5.01%]- MURUGAPPA EDUCATIONAL AND MEDICAL FOUNDATION,E0172>E0248
E0172,Kartik Investments Trust Ltd,4,4.14,1,no_recorded_owner,E0153,IGFT PRIVATE LIMITED,Kartik Investments Trust Ltd <-[4.14%]- IGFT PRIVATE LIMITED,E0172>E0153
E0172,Kartik Investments Trust Ltd,5,3.697808,2,no_recorded_owner,E0023,AMBADI INVESTMENTS LIMITED,Kartik Investments Trust Ltd <-[9.67%]- EID Parry India Ltd <-[38.24%]- AMBADI INVESTMENTS LIMITED,E0172>E0108>E0023
E0172,Kartik Investments Trust Ltd,6,2.922399,2,no_recorded_owner,E0023,AMBADI INVESTMENTS LIMITED,Kartik Investments Trust Ltd <-[9.93%]- Carborundum Universal Ltd <-[29.43%]- AMBADI INVESTMENTS LIMITED,E0172>E0068>E0023
E0172,Kartik Investments Trust Ltd,7,2.54,1,no_recorded_owner,E0030,ANVIL FINTRADE PVT LTD,Kartik Investments Trust Ltd <-[2.54%]- ANVIL FINTRADE PVT LTD,E0172>E0030
E0172,Kartik Investments Trust Ltd,8,2.54,1,no_recorded_owner,E0117,GAGANDEEP CREDIT CAPITAL PVT LTD,Kartik Investments Trust Ltd <-[2.54%]- GAGANDEEP CREDIT CAPITAL PVT LTD,E0172>E0117
E0172,Kartik Investments Trust Ltd,9,2.54,1,no_recorded_owner,E0298,PRESCIENT WEALTH MANAGEMENT PRIVATE LIMITED,Kartik Investments Trust Ltd <-[2.54%]- PRESCIENT WEALTH MANAGEMENT PRIVATE LIMITED,E0172>E0298
E0172,Kartik Investments Trust Ltd,10,2.03,1,no_recorded_owner,E0229,M.M.MUTHIAH RESEARCH FOUNDATION,Kartik Investments Trust Ltd <-[2.03%]- M.M.MUTHIAH RESEARCH FOUNDATION,E0172>E0229
E0172,Kartik Investments Trust Ltd,11,1.64,1,no_recorded_owner,E0031,AR LAKSHMI ACHI TRUST,Kartik Investments Trust Ltd <-[1.64%]- AR LAKSHMI ACHI TRUST,E0172>E0031
E0172,Kartik Investments Trust Ltd,12,1.52,1,no_recorded_owner,E0002,A M M VELLAYAN SONS P LTD,Kartik Investments Trust Ltd <-[1.52%]- A M M VELLAYAN SONS P LTD,E0172>E0002
E0172,Kartik Investments Trust Ltd,13,0.959238,2,no_recorded_owner,E0326,SBI MIDCAP FUND,Kartik Investments Trust Ltd <-[9.93%]- Carborundum Universal Ltd <-[9.66%]- SBI MIDCAP FUND,E0172>E0068>E0326
E0172,Kartik Investments Trust Ltd,14,0.687537,2,no_recorded_owner,E0329,SBI NIFTY 500 INDEX FUND A/C,Kartik Investments Trust Ltd <-[9.67%]- EID Parry India Ltd <-[7.11%]- SBI NIFTY 500 INDEX FUND A/C,E0172>E0108>E0329
E0172,Kartik Investments Trust Ltd,15,0.66203,2,no_recorded_owner,E0261,NIPPON LIFE INDIA TRUSTEE LTD-A/C NIPPON INDIA NIF,Kartik Investments Trust Ltd <-[13.85%]- Cholamandalam Financial Holdings Ltd <-[4.78%]- NIPPON LIFE INDIA TRUSTEE LTD-A/C NIPPON INDIA NIF,E0172>E0075>E0261
E0172,Kartik Investments Trust Ltd,16,0.57062,2,no_recorded_owner,E0323,SBI LARGE & MIDCAP FUND,Kartik Investments Trust Ltd <-[13.85%]- Cholamandalam Financial Holdings Ltd <-[4.12%]- SBI LARGE & MIDCAP FUND,E0172>E0075>E0323
E0172,Kartik Investments Trust Ltd,17,0.569563,2,no_recorded_owner,E0283,PARAG PARIKH FLEXI CAP FUND,Kartik Investments Trust Ltd <-[9.67%]- EID Parry India Ltd <-[5.89%]- PARAG PARIKH FLEXI CAP FUND,E0172>E0108>E0283
E0172,Kartik Investments Trust Ltd,18,0.512388,2,no_recorded_owner,E0261,NIPPON LIFE INDIA TRUSTEE LTD-A/C NIPPON INDIA NIF,Kartik Investments Trust Ltd <-[9.93%]- Carborundum Universal Ltd <-[5.16%]- NIPPON LIFE INDIA TRUSTEE LTD-A/C NIPPON INDIA NIF,E0172>E0068>E0261
E0172,Kartik Investments Trust Ltd,19,0.416885,2,no_recorded_owner,E0049,BANDHAN MULTI CAP FUND,Kartik Investments Trust Ltd <-[13.85%]- Cholamandalam Financial Holdings Ltd <-[3.01%]- BANDHAN MULTI CAP FUND,E0172>E0075>E0049
E0172,Kartik Investments Trust Ltd,20,0.295005,2,no_recorded_owner,E0043,AXIS MUTUAL FUND TRUSTEE LIMITED A/C AXIS MUTUAL F,Kartik Investments Trust Ltd <-[13.85%]- Cholamandalam Financial Holdings Ltd <-[2.13%]- AXIS MUTUAL FUND TRUSTEE LIMITED A/C AXIS MUTUAL F,E0172>E0075>E0043
E0172,Kartik Investments Trust Ltd,21,0.295005,2,no_recorded_owner,E0133,HDFC MUTUAL FUND - HDFC BSE 500 ETF,Kartik Investments Trust Ltd <-[13.85%]- Cholamandalam Financial Holdings Ltd <-[2.13%]- HDFC MUTUAL FUND - HDFC BSE 500 ETF,E0172>E0075>E0133
E0172,Kartik Investments Trust Ltd,22,0.244651,2,natural_person,E0125,GOVINDLAL M PARIKH,Kartik Investments Trust Ltd <-[9.67%]- EID Parry India Ltd <-[2.53%]- GOVINDLAL M PARIKH,E0172>E0108>E0125
E0172,Kartik Investments Trust Ltd,23,0.231369,2,no_recorded_owner,E0183,KOTAK SMALL CAP FUND,Kartik Investments Trust Ltd <-[9.93%]- Carborundum Universal Ltd <-[2.33%]- KOTAK SMALL CAP FUND,E0172>E0068>E0183
E0172,Kartik Investments Trust Ltd,24,0.23,1,no_recorded_owner,E0074,CHOLA BUSINESS SERVICES LIMITED,Kartik Investments Trust Ltd <-[0.23%]- CHOLA BUSINESS SERVICES LIMITED,E0172>E0074
E0172,Kartik Investments Trust Ltd,25,0.219453,2,no_recorded_owner,E0147,ICICI PRUDENTIAL MUTUAL FUND - ICICI PRUDENTIAL,Kartik Investments Trust Ltd <-[9.93%]- Carborundum Universal Ltd <-[2.21%]- ICICI PRUDENTIAL MUTUAL FUND - ICICI PRUDENTIAL,E0172>E0068>E0147
E0172,Kartik Investments Trust Ltd,26,0.213707,2,natural_person,E0140,HITESH SATISHCHANDRA DOSHI,Kartik Investments Trust Ltd <-[9.67%]- EID Parry India Ltd <-[2.21%]- HITESH SATISHCHANDRA DOSHI,E0172>E0108>E0140
E0172,Kartik Investments Trust Ltd,27,0.203565,2,no_recorded_owner,E0176,KOTAK FUNDS - INDIA MIDCAP FUND,Kartik Investments Trust Ltd <-[9.93%]- Carborundum Universal Ltd <-[2.05%]- KOTAK FUNDS - INDIA MIDCAP FUND,E0172>E0068>E0176
E0172,Kartik Investments Trust Ltd,28,0.1986,2,no_recorded_owner,E0248,MURUGAPPA EDUCATIONAL AND MEDICAL FOUNDATION,Kartik Investments Trust Ltd <-[9.93%]- Carborundum Universal Ltd <-[2.00%]- MURUGAPPA EDUCATIONAL AND MEDICAL FOUNDATION,E0172>E0068>E0248
E0172,Kartik Investments Trust Ltd,29,0.16881,2,no_recorded_owner,E0131,HDFC LARGE AND MID CAP FUND,Kartik Investments Trust Ltd <-[9.93%]- Carborundum Universal Ltd <-[1.70%]- HDFC LARGE AND MID CAP FUND,E0172>E0068>E0131
E0172,Kartik Investments Trust Ltd,30,0.16343,2,no_recorded_owner,E0160,INVESCO INDIA MIDCAP FUND,Kartik Investments Trust Ltd <-[13.85%]- Cholamandalam Financial Holdings Ltd <-[1.18%]- INVESCO INDIA MIDCAP FUND,E0172>E0075>E0160
E0172,Kartik Investments Trust Ltd,31,0.162045,2,no_recorded_owner,E0065,CANARA ROBECO MUTUAL FUND A/C CANARA ROBECO EQUITY,Kartik Investments Trust Ltd <-[13.85%]- Cholamandalam Financial Holdings Ltd <-[1.17%]- CANARA ROBECO MUTUAL FUND A/C CANARA ROBECO EQUITY,E0172>E0075>E0065
E0172,Kartik Investments Trust Ltd,32,0.150936,2,no_recorded_owner,E0357,TATA ETHICAL FUND,Kartik Investments Trust Ltd <-[9.93%]- Carborundum Universal Ltd <-[1.52%]- TATA ETHICAL FUND,E0172>E0068>E0357
E0172,Kartik Investments Trust Ltd,33,0.149943,2,no_recorded_owner,E0158,INVESCO INDIA BALANCED ADVANTAGE FUND,Kartik Investments Trust Ltd <-[9.93%]- Carborundum Universal Ltd <-[1.51%]- INVESCO INDIA BALANCED ADVANTAGE FUND,E0172>E0068>E0158
E0172,Kartik Investments Trust Ltd,34,0.139885,2,no_recorded_owner,E0288,PI OPPORTUNITIES AIF V LLP,Kartik Investments Trust Ltd <-[13.85%]- Cholamandalam Financial Holdings Ltd <-[1.01%]- PI OPPORTUNITIES AIF V LLP,E0172>E0075>E0288
E0172,Kartik Investments Trust Ltd,35,0.135048,2,no_recorded_owner,E0044,AXIS MUTUAL FUND TRUSTEE LIMITED A/C AXIS MUTUAL FUND,Kartik Investments Trust Ltd <-[9.93%]- Carborundum Universal Ltd <-[1.36%]- AXIS MUTUAL FUND TRUSTEE LIMITED A/C AXIS MUTUAL FUND,E0172>E0068>E0044
E0172,Kartik Investments Trust Ltd,36,0.111205,2,no_recorded_owner,E0067,CANARA ROBECO MUTUAL FUND A/C GAD,Kartik Investments Trust Ltd <-[9.67%]- EID Parry India Ltd <-[1.15%]- CANARA ROBECO MUTUAL FUND A/C GAD,E0172>E0108>E0067
E0172,Kartik Investments Trust Ltd,37,0.08,1,no_recorded_owner,E0247,Murugappa & Sons,Kartik Investments Trust Ltd <-[0.08%]- Murugappa & Sons,E0172>E0247
E0172,Kartik Investments Trust Ltd,38,0.075468,2,no_recorded_owner,E0341,SOUTHERN ENERGY DEVELOPMENT CORPORATION LTD,Kartik Investments Trust Ltd <-[9.93%]- Carborundum Universal Ltd <-[0.76%]- SOUTHERN ENERGY DEVELOPMENT CORPORATION LTD,E0172>E0068>E0341
E0172,Kartik Investments Trust Ltd,39,0.062325,2,natural_person,E0208,M A M ARUNACHALAM,Kartik Investments Trust Ltd <-[13.85%]- Cholamandalam Financial Holdings Ltd <-[0.45%]- M A M ARUNACHALAM,E0172>E0075>E0208
E0172,Kartik Investments Trust Ltd,40,0.057594,2,no_recorded_owner,E0229,M.M.MUTHIAH RESEARCH FOUNDATION,Kartik Investments Trust Ltd <-[9.93%]- Carborundum Universal Ltd <-[0.58%]- M.M.MUTHIAH RESEARCH FOUNDATION,E0172>E0068>E0229
E0172,Kartik Investments Trust Ltd,41,0.0554,2,no_recorded_owner,E0190,Lakshmi Ramaswamy Family Trust,Kartik Investments Trust Ltd <-[13.85%]- Cholamandalam Financial Holdings Ltd <-[0.40%]- Lakshmi Ramaswamy Family Trust,E0172>E0075>E0190
E0172,Kartik Investments Trust Ltd,42,0.0554,2,natural_person,E0387,V ARUNACHALAM,Kartik Investments Trust Ltd <-[13.85%]- Cholamandalam Financial Holdings Ltd <-[0.40%]- V ARUNACHALAM,E0172>E0075>E0387
E0172,Kartik Investments Trust Ltd,43,0.054015,2,natural_person,E0034,ARUN ALAGAPPAN,Kartik Investments Trust Ltd <-[13.85%]- Cholamandalam Financial Holdings Ltd <-[0.39%]- ARUN ALAGAPPAN,E0172>E0075>E0034
E0172,Kartik Investments Trust Ltd,44,0.054015,2,no_recorded_owner,E0248,MURUGAPPA EDUCATIONAL AND MEDICAL FOUNDATION,Kartik Investments Trust Ltd <-[13.85%]- Cholamandalam Financial Holdings Ltd <-[0.39%]- MURUGAPPA EDUCATIONAL AND MEDICAL FOUNDATION,E0172>E0075>E0248
E0172,Kartik Investments Trust Ltd,45,0.053622,2,natural_person,E0304,R.MUTHATHA,Kartik Investments Trust Ltd <-[9.93%]- Carborundum Universal Ltd <-[0.54%]- R.MUTHATHA,E0172>E0068>E0304
E0172,Kartik Investments Trust Ltd,46,0.05263,2,natural_person,E0228,M.A.ALAGAPPAN,Kartik Investments Trust Ltd <-[13.85%]- Cholamandalam Financial Holdings Ltd <-[0.38%]- M.A.ALAGAPPAN,E0172>E0075>E0228
E0172,Kartik Investments Trust Ltd,47,0.052629,2,natural_person,E0208,M A M ARUNACHALAM,Kartik Investments Trust Ltd <-[9.93%]- Carborundum Universal Ltd <-[0.53%]- M A M ARUNACHALAM,E0172>E0068>E0208
E0172,Kartik Investments Trust Ltd,48,0.051245,2,natural_person,E0388,V NARAYANAN,Kartik Investments Trust Ltd <-[13.85%]- Cholamandalam Financial Holdings Ltd <-[0.37%]- V NARAYANAN,E0172>E0075>E0388
E0172,Kartik Investments Trust Ltd,49,0.042935,2,natural_person,E0005,A VENKATACHALAM,Kartik Investments Trust Ltd <-[13.85%]- Cholamandalam Financial Holdings Ltd <-[0.31%]- A VENKATACHALAM,E0172>E0075>E0005
E0172,Kartik Investments Trust Ltd,50,0.040713,2,natural_person,E0228,M.A.ALAGAPPAN,Kartik Investments Trust Ltd <-[9.93%]- Carborundum Universal Ltd <-[0.41%]- M.A.ALAGAPPAN,E0172>E0068>E0228
E0172,Kartik Investments Trust Ltd,51,0.040165,2,natural_person,E0188,LAKSHMI CHOCKALINGAM,Kartik Investments Trust Ltd <-[13.85%]- Cholamandalam Financial Holdings Ltd <-[0.29%]- LAKSHMI CHOCKALINGAM,E0172>E0075>E0188
E0172,Kartik Investments Trust Ltd,52,0.040165,2,no_recorded_owner,E0210,M A MURUGAPPAN HOLDINGS LLP,Kartik Investments Trust Ltd <-[13.85%]- Cholamandalam Financial Holdings Ltd <-[0.29%]- M A MURUGAPPAN HOLDINGS LLP,E0172>E0075>E0210
E0172,Kartik Investments Trust Ltd,53,0.040165,2,no_recorded_owner,E0331,Shambho Trust,Kartik Investments Trust Ltd <-[13.85%]- Cholamandalam Financial Holdings Ltd <-[0.29%]- Shambho Trust,E0172>E0075>E0331
E0172,Kartik Investments Trust Ltd,54,0.04,1,natural_person,E0213,M M MURUGAPPAN,Kartik Investments Trust Ltd <-[0.04%]- M M MURUGAPPAN,E0172>E0213
E0172,Kartik Investments Trust Ltd,55,0.04,1,natural_person,E0224,M V SUBBIAH,Kartik Investments Trust Ltd <-[0.04%]- M V SUBBIAH,E0172>E0224
E0172,Kartik Investments Trust Ltd,56,0.04,1,natural_person,E0228,M.A.ALAGAPPAN,Kartik Investments Trust Ltd <-[0.04%]- M.A.ALAGAPPAN,E0172>E0228
E0172,Kartik Investments Trust Ltd,57,0.03878,2,no_recorded_owner,E0206,M A ALAGAPPAN HOLDINGS PRIVATE LIMITED,Kartik Investments Trust Ltd <-[13.85%]- Cholamandalam Financial Holdings Ltd <-[0.28%]- M A ALAGAPPAN HOLDINGS PRIVATE LIMITED,E0172>E0075>E0206
E0172,Kartik Investments Trust Ltd,58,0.037734,2,natural_person,E0005,A VENKATACHALAM,Kartik Investments Trust Ltd <-[9.93%]- Carborundum Universal Ltd <-[0.38%]- A VENKATACHALAM,E0172>E0068>E0005
E0172,Kartik Investments Trust Ltd,59,0.037395,2,no_recorded_owner,E0236,Meenakshi Murugappan Family Trust,Kartik Investments Trust Ltd <-[13.85%]- Cholamandalam Financial Holdings Ltd <-[0.27%]- Meenakshi Murugappan Family Trust,E0172>E0075>E0236
E0172,Kartik Investments Trust Ltd,60,0.037395,2,no_recorded_owner,E0321,Saraswathi Trust,Kartik Investments Trust Ltd <-[13.85%]- Cholamandalam Financial Holdings Ltd <-[0.27%]- Saraswathi Trust,E0172>E0075>E0321
E0172,Kartik Investments Trust Ltd,61,0.034625,2,no_recorded_owner,E0216,M M Muthiah Family Trust,Kartik Investments Trust Ltd <-[13.85%]- Cholamandalam Financial Holdings Ltd <-[0.25%]- M M Muthiah Family Trust,E0172>E0075>E0216
E0172,Kartik Investments Trust Ltd,62,0.034625,2,no_recorded_owner,E0218,M M Veerappan Family Trust,Kartik Investments Trust Ltd <-[13.85%]- Cholamandalam Financial Holdings Ltd <-[0.25%]- M M Veerappan Family Trust,E0172>E0075>E0218
E0172,Kartik Investments Trust Ltd,63,0.03324,2,natural_person,E0037,ARUN VENKATACHALAM,Kartik Investments Trust Ltd <-[13.85%]- Cholamandalam Financial Holdings Ltd <-[0.24%]- ARUN VENKATACHALAM,E0172>E0075>E0037
E0172,Kartik Investments Trust Ltd,64,0.03324,2,no_recorded_owner,E0221,M V Muthiah Family Trust,Kartik Investments Trust Ltd <-[13.85%]- Cholamandalam Financial Holdings Ltd <-[0.24%]- M V Muthiah Family Trust,E0172>E0075>E0221
E0172,Kartik Investments Trust Ltd,65,0.03324,2,no_recorded_owner,E0226,M V Subramanian Family Trust,Kartik Investments Trust Ltd <-[13.85%]- Cholamandalam Financial Holdings Ltd <-[0.24%]- M V Subramanian Family Trust,E0172>E0075>E0226
E0172,Kartik Investments Trust Ltd,66,0.03047,2,no_recorded_owner,E0220,M M Venkatachalam Family Trust,Kartik Investments Trust Ltd <-[13.85%]- Cholamandalam Financial Holdings Ltd <-[0.22%]- M M Venkatachalam Family Trust,E0172>E0075>E0220
E0172,Kartik Investments Trust Ltd,67,0.029085,2,no_recorded_owner,E0031,AR LAKSHMI ACHI TRUST,Kartik Investments Trust Ltd <-[13.85%]- Cholamandalam Financial Holdings Ltd <-[0.21%]- AR LAKSHMI ACHI TRUST,E0172>E0075>E0031
E0172,Kartik Investments Trust Ltd,68,0.0277,2,no_recorded_owner,E0192,Lakshmi Venkatachalam Family Trust,Kartik Investments Trust Ltd <-[13.85%]- Cholamandalam Financial Holdings Ltd <-[0.20%]- Lakshmi Venkatachalam Family Trust,E0172>E0075>E0192
E0172,Kartik Investments Trust Ltd,69,0.026315,2,natural_person,E0215,M M MURUGAPPAN HUF,Kartik Investments Trust Ltd <-[13.85%]- Cholamandalam Financial Holdings Ltd <-[0.19%]- M M MURUGAPPAN HUF,E0172>E0075>E0215
E0172,Kartik Investments Trust Ltd,70,0.026315,2,natural_person,E0237,MEYYAMMAI VENKATACHALAM,Kartik Investments Trust Ltd <-[13.85%]- Cholamandalam Financial Holdings Ltd <-[0.19%]- MEYYAMMAI VENKATACHALAM,E0172>E0075>E0237
E0172,Kartik Investments Trust Ltd,71,0.026315,2,natural_person,E0393,VALLI ANNAMALAI,Kartik Investments Trust Ltd <-[13.85%]- Cholamandalam Financial Holdings Ltd <-[0.19%]- VALLI ANNAMALAI,E0172>E0075>E0393
E0172,Kartik Investments Trust Ltd,72,0.025142,2,natural_person,E0388,V NARAYANAN,Kartik Investments Trust Ltd <-[9.67%]- EID Parry India Ltd <-[0.26%]- V NARAYANAN,E0172>E0108>E0388
E0172,Kartik Investments Trust Ltd,73,0.02493,2,natural_person,E0250,Muthatha Ramanathan,Kartik Investments Trust Ltd <-[13.85%]- Cholamandalam Financial Holdings Ltd <-[0.18%]- Muthatha Ramanathan,E0172>E0075>E0250
E0172,Kartik Investments Trust Ltd,74,0.024825,2,natural_person,E0034,ARUN ALAGAPPAN,Kartik Investments Trust Ltd <-[9.93%]- Carborundum Universal Ltd <-[0.25%]- ARUN ALAGAPPAN,E0172>E0068>E0034
E0172,Kartik Investments Trust Ltd,75,0.024825,2,natural_person,E0235,MEENAKSHI MURUGAPPAN,Kartik Investments Trust Ltd <-[9.93%]- Carborundum Universal Ltd <-[0.25%]- MEENAKSHI MURUGAPPAN,E0172>E0068>E0235
E0172,Kartik Investments Trust Ltd,76,0.024175,2,natural_person,E0387,V ARUNACHALAM,Kartik Investments Trust Ltd <-[9.67%]- EID Parry India Ltd <-[0.25%]- V ARUNACHALAM,E0172>E0108>E0387
E0172,Kartik Investments Trust Ltd,77,0.022241,2,natural_person,E0005,A VENKATACHALAM,Kartik Investments Trust Ltd <-[9.67%]- EID Parry India Ltd <-[0.23%]- A VENKATACHALAM,E0172>E0108>E0005
E0172,Kartik Investments Trust Ltd,78,0.022241,2,natural_person,E0034,ARUN ALAGAPPAN,Kartik Investments Trust Ltd <-[9.67%]- EID Parry India Ltd <-[0.23%]- ARUN ALAGAPPAN,E0172>E0108>E0034
E0172,Kartik Investments Trust Ltd,79,0.021846,2,natural_person,E0388,V NARAYANAN,Kartik Investments Trust Ltd <-[9.93%]- Carborundum Universal Ltd <-[0.22%]- V NARAYANAN,E0172>E0068>E0388
E0172,Kartik Investments Trust Ltd,80,0.020853,2,natural_person,E0387,V ARUNACHALAM,Kartik Investments Trust Ltd <-[9.93%]- Carborundum Universal Ltd <-[0.21%]- V ARUNACHALAM,E0172>E0068>E0387
E0172,Kartik Investments Trust Ltd,81,0.020775,2,natural_person,E0217,M M Muthiah HUF,Kartik Investments Trust Ltd <-[13.85%]- Cholamandalam Financial Holdings Ltd <-[0.15%]- M M Muthiah HUF,E0172>E0075>E0217
E0172,Kartik Investments Trust Ltd,82,0.020775,2,no_recorded_owner,E0229,M.M.MUTHIAH RESEARCH FOUNDATION,Kartik Investments Trust Ltd <-[13.85%]- Cholamandalam Financial Holdings Ltd <-[0.15%]- M.M.MUTHIAH RESEARCH FOUNDATION,E0172>E0075>E0229
E0172,Kartik Investments Trust Ltd,83,0.02,1,natural_person,E0005,A VENKATACHALAM,Kartik Investments Trust Ltd <-[0.02%]- A VENKATACHALAM,E0172>E0005
E0172,Kartik Investments Trust Ltd,84,0.02,1,no_recorded_owner,E0206,M A ALAGAPPAN HOLDINGS PRIVATE LIMITED,Kartik Investments Trust Ltd <-[0.02%]- M A ALAGAPPAN HOLDINGS PRIVATE LIMITED,E0172>E0206
E0172,Kartik Investments Trust Ltd,85,0.02,1,no_recorded_owner,E0210,M A MURUGAPPAN HOLDINGS LLP,Kartik Investments Trust Ltd <-[0.02%]- M A MURUGAPPAN HOLDINGS LLP,E0172>E0210
E0172,Kartik Investments Trust Ltd,86,0.01986,2,no_recorded_owner,E0190,Lakshmi Ramaswamy Family Trust,Kartik Investments Trust Ltd <-[9.93%]- Carborundum Universal Ltd <-[0.20%]- Lakshmi Ramaswamy Family Trust,E0172>E0068>E0190
E0172,Kartik Investments Trust Ltd,87,0.01986,2,no_recorded_owner,E0321,Saraswathi Trust,Kartik Investments Trust Ltd <-[9.93%]- Carborundum Universal Ltd <-[0.20%]- Saraswathi Trust,E0172>E0068>E0321
E0172,Kartik Investments Trust Ltd,88,0.01934,2,natural_person,E0037,ARUN VENKATACHALAM,Kartik Investments Trust Ltd <-[9.67%]- EID Parry India Ltd <-[0.20%]- ARUN VENKATACHALAM,E0172>E0108>E0037
E0172,Kartik Investments Trust Ltd,89,0.017874,2,no_recorded_owner,E0035,Arun Murugappan Children's Trust,Kartik Investments Trust Ltd <-[9.93%]- Carborundum Universal Ltd <-[0.18%]- Arun Murugappan Children's Trust,E0172>E0068>E0035
E0172,Kartik Investments Trust Ltd,90,0.017874,2,no_recorded_owner,E0205,M A Alagappan Grand Children Trust,Kartik Investments Trust Ltd <-[9.93%]- Carborundum Universal Ltd <-[0.18%]- M A Alagappan Grand Children Trust,E0172>E0068>E0205
E0172,Kartik Investments Trust Ltd,91,0.017874,2,natural_person,E0213,M M MURUGAPPAN,Kartik Investments Trust Ltd <-[9.93%]- Carborundum Universal Ltd <-[0.18%]- M M MURUGAPPAN,E0172>E0068>E0213
E0172,Kartik Investments Trust Ltd,92,0.017874,2,no_recorded_owner,E0216,M M Muthiah Family Trust,Kartik Investments Trust Ltd <-[9.93%]- Carborundum Universal Ltd <-[0.18%]- M M Muthiah Family Trust,E0172>E0068>E0216
E0172,Kartik Investments Trust Ltd,93,0.017874,2,natural_person,E0217,M M Muthiah HUF,Kartik Investments Trust Ltd <-[9.93%]- Carborundum Universal Ltd <-[0.18%]- M M Muthiah HUF,E0172>E0068>E0217
E0172,Kartik Investments Trust Ltd,94,0.017874,2,no_recorded_owner,E0218,M M Veerappan Family Trust,Kartik Investments Trust Ltd <-[9.93%]- Carborundum Universal Ltd <-[0.18%]- M M Veerappan Family Trust,E0172>E0068>E0218
E0172,Kartik Investments Trust Ltd,95,0.017406,2,no_recorded_owner,E0190,Lakshmi Ramaswamy Family Trust,Kartik Investments Trust Ltd <-[9.67%]- EID Parry India Ltd <-[0.18%]- Lakshmi Ramaswamy Family Trust,E0172>E0108>E0190
E0172,Kartik Investments Trust Ltd,96,0.01662,2,no_recorded_owner,E0035,Arun Murugappan Children's Trust,Kartik Investments Trust Ltd <-[13.85%]- Cholamandalam Financial Holdings Ltd <-[0.12%]- Arun Murugappan Children's Trust,E0172>E0075>E0035
E0172,Kartik Investments Trust Ltd,97,0.01662,2,no_recorded_owner,E0205,M A Alagappan Grand Children Trust,Kartik Investments Trust Ltd <-[13.85%]- Cholamandalam Financial Holdings Ltd <-[0.12%]- M A Alagappan Grand Children Trust,E0172>E0075>E0205
E0172,Kartik Investments Trust Ltd,98,0.01662,2,no_recorded_owner,E0214,M M Murugappan Family Trust,Kartik Investments Trust Ltd <-[13.85%]- Cholamandalam Financial Holdings Ltd <-[0.12%]- M M Murugappan Family Trust,E0172>E0075>E0214
E0172,Kartik Investments Trust Ltd,99,0.01662,2,natural_person,E0336,SIGAPI ARUNACHALAM,Kartik Investments Trust Ltd <-[13.85%]- Cholamandalam Financial Holdings Ltd <-[0.12%]- SIGAPI ARUNACHALAM,E0172>E0075>E0336
E0172,Kartik Investments Trust Ltd,100,0.015888,2,natural_person,E0024,AMM Arunachalam HUF,Kartik Investments Trust Ltd <-[9.93%]- Carborundum Universal Ltd <-[0.16%]- AMM Arunachalam HUF,E0172>E0068>E0024
E0172,Kartik Investments Trust Ltd,101,0.015888,2,no_recorded_owner,E0230,M.M.MUTHIAH SONS PRIVATE LTD,Kartik Investments Trust Ltd <-[9.93%]- Carborundum Universal Ltd <-[0.16%]- M.M.MUTHIAH SONS PRIVATE LTD,E0172>E0068>E0230
E0172,Kartik Investments Trust Ltd,102,0.015235,2,natural_person,E0213,M M MURUGAPPAN,Kartik Investments Trust Ltd <-[13.85%]- Cholamandalam Financial Holdings Ltd <-[0.11%]- M M MURUGAPPAN,E0172>E0075>E0213
E0172,Kartik Investments Trust Ltd,103,0.015235,2,no_recorded_owner,E0249,Murugappan Arunachalam Children Trust,Kartik Investments Trust Ltd <-[13.85%]- Cholamandalam Financial Holdings Ltd <-[0.11%]- Murugappan Arunachalam Children Trust,E0172>E0075>E0249
E0172,Kartik Investments Trust Ltd,104,0.014895,2,no_recorded_owner,E0331,Shambho Trust,Kartik Investments Trust Ltd <-[9.93%]- Carborundum Universal Ltd <-[0.15%]- Shambho Trust,E0172>E0068>E0331
E0172,Kartik Investments Trust Ltd,105,0.013902,2,no_recorded_owner,E0221,M V Muthiah Family Trust,Kartik Investments Trust Ltd <-[9.93%]- Carborundum Universal Ltd <-[0.14%]- M V Muthiah Family Trust,E0172>E0068>E0221
E0172,Kartik Investments Trust Ltd,106,0.013902,2,no_recorded_owner,E0226,M V Subramanian Family Trust,Kartik Investments Trust Ltd <-[9.93%]- Carborundum Universal Ltd <-[0.14%]- M V Subramanian Family Trust,E0172>E0068>E0226
E0172,Kartik Investments Trust Ltd,107,0.013902,2,natural_person,E0393,VALLI ANNAMALAI,Kartik Investments Trust Ltd <-[9.93%]- Carborundum Universal Ltd <-[0.14%]- VALLI ANNAMALAI,E0172>E0068>E0393
E0172,Kartik Investments Trust Ltd,108,0.012465,2,natural_person,E0225,M V SUBBIAH HUF,Kartik Investments Trust Ltd <-[13.85%]- Cholamandalam Financial Holdings Ltd <-[0.09%]- M V SUBBIAH HUF,E0172>E0075>E0225
E0172,Kartik Investments Trust Ltd,109,0.011916,2,no_recorded_owner,E0220,M M Venkatachalam Family Trust,Kartik Investments Trust Ltd <-[9.93%]- Carborundum Universal Ltd <-[0.12%]- M M Venkatachalam Family Trust,E0172>E0068>E0220
E0172,Kartik Investments Trust Ltd,110,0.011604,2,natural_person,E0228,M.A.ALAGAPPAN,Kartik Investments Trust Ltd <-[9.67%]- EID Parry India Ltd <-[0.12%]- M.A.ALAGAPPAN,E0172>E0108>E0228
E0172,Kartik Investments Trust Ltd,111,0.011604,2,no_recorded_owner,E0331,Shambho Trust,Kartik Investments Trust Ltd <-[9.67%]- EID Parry India Ltd <-[0.12%]- Shambho Trust,E0172>E0108>E0331
E0172,Kartik Investments Trust Ltd,112,0.01108,2,natural_person,E0209,M A M ARUNACHALAM HUF,Kartik Investments Trust Ltd <-[13.85%]- Cholamandalam Financial Holdings Ltd <-[0.08%]- M A M ARUNACHALAM HUF,E0172>E0075>E0209
E0172,Kartik Investments Trust Ltd,113,0.010923,2,no_recorded_owner,E0206,M A ALAGAPPAN HOLDINGS PRIVATE LIMITED,Kartik Investments Trust Ltd <-[9.93%]- Carborundum Universal Ltd <-[0.11%]- M A ALAGAPPAN HOLDINGS PRIVATE LIMITED,E0172>E0068>E0206
E0172,Kartik Investments Trust Ltd,114,0.010637,2,no_recorded_owner,E0216,M M Muthiah Family Trust,Kartik Investments Trust Ltd <-[9.67%]- EID Parry India Ltd <-[0.11%]- M M Muthiah Family Trust,E0172>E0108>E0216
E0172,Kartik Investments Trust Ltd,115,0.010637,2,no_recorded_owner,E0218,M M Veerappan Family Trust,Kartik Investments Trust Ltd <-[9.67%]- EID Parry India Ltd <-[0.11%]- M M Veerappan Family Trust,E0172>E0108>E0218
E0172,Kartik Investments Trust Ltd,116,0.010637,2,natural_person,E0237,MEYYAMMAI VENKATACHALAM,Kartik Investments Trust Ltd <-[9.67%]- EID Parry India Ltd <-[0.11%]- MEYYAMMAI VENKATACHALAM,E0172>E0108>E0237
E0172,Kartik Investments Trust Ltd,117,0.01,1,no_recorded_owner,E0284,PARRY ENTERPRISES INDIA LTD,Kartik Investments Trust Ltd <-[0.01%]- PARRY ENTERPRISES INDIA LTD,E0172>E0284
E0172,Kartik Investments Trust Ltd,118,0.01,1,natural_person,E0387,V ARUNACHALAM,Kartik Investments Trust Ltd <-[0.01%]- V ARUNACHALAM,E0172>E0387
E0172,Kartik Investments Trust Ltd,119,0.01,1,natural_person,E0388,V NARAYANAN,Kartik Investments Trust Ltd <-[0.01%]- V NARAYANAN,E0172>E0388
E0251,NACL Industries Ltd,1,11.409036,3,no_recorded_owner,E0023,AMBADI INVESTMENTS LIMITED,NACL Industries Ltd <-[53.68%]- Coromandel International Ltd <-[55.58%]- EID Parry India Ltd <-[38.24%]- AMBADI INVESTMENTS LIMITED,E0251>E0078>E0108>E0023
E0251,NACL Industries Ltd,2,7.84,1,no_recorded_owner,E0184,KRISHI RASAYAN EXPORTS PRIVATE LIMITED,NACL Industries Ltd <-[7.84%]- KRISHI RASAYAN EXPORTS PRIVATE LIMITED,E0251>E0184
E0251,NACL Industries Ltd,3,7.84,1,natural_person,E0308,RAJESH KUMAR AGARWAL,NACL Industries Ltd <-[7.84%]- RAJESH KUMAR AGARWAL,E0251>E0308
E0251,NACL Industries Ltd,4,3.34,1,no_recorded_owner,E0174,KLR PRODUCTS LIMITED,NACL Industries Ltd <-[3.34%]- KLR PRODUCTS LIMITED,E0251>E0174
E0251,NACL Industries Ltd,5,2.157936,2,no_recorded_owner,E0180,KOTAK MAHINDRA TRUSTEE CO LTD A/C KOTAK NIFTY CHEM,NACL Industries Ltd <-[53.68%]- Coromandel International Ltd <-[4.02%]- KOTAK MAHINDRA TRUSTEE CO LTD A/C KOTAK NIFTY CHEM,E0251>E0078>E0180
E0251,NACL Industries Ltd,6,2.121293,3,no_recorded_owner,E0329,SBI NIFTY 500 INDEX FUND A/C,NACL Industries Ltd <-[53.68%]- Coromandel International Ltd <-[55.58%]- EID Parry India Ltd <-[7.11%]- SBI NIFTY 500 INDEX FUND A/C,E0251>E0078>E0108>E0329
E0251,NACL Industries Ltd,7,1.757302,3,no_recorded_owner,E0283,PARAG PARIKH FLEXI CAP FUND,NACL Industries Ltd <-[53.68%]- Coromandel International Ltd <-[55.58%]- EID Parry India Ltd <-[5.89%]- PARAG PARIKH FLEXI CAP FUND,E0251>E0078>E0108>E0283
E0251,NACL Industries Ltd,8,1.4,1,no_recorded_owner,E0161,INVESTOR EDUCATION & PROTECTION FUND,NACL Industries Ltd <-[1.40%]- INVESTOR EDUCATION & PROTECTION FUND,E0251>E0161
E0251,NACL Industries Ltd,9,1.358104,2,no_recorded_owner,E0104,DSP NIFTY 500 INDEX FUND,NACL Industries Ltd <-[53.68%]- Coromandel International Ltd <-[2.53%]- DSP NIFTY 500 INDEX FUND,E0251>E0078>E0104
E0251,NACL Industries Ltd,10,1.003816,2,no_recorded_owner,E0131,HDFC LARGE AND MID CAP FUND,NACL Industries Ltd <-[53.68%]- Coromandel International Ltd <-[1.87%]- HDFC LARGE AND MID CAP FUND,E0251>E0078>E0131
E0251,NACL Industries Ltd,11,0.874984,2,no_recorded_owner,E0127,GROUPE CHIMIQUE TUNISIEN,NACL Industries Ltd <-[53.68%]- Coromandel International Ltd <-[1.63%]- GROUPE CHIMIQUE TUNISIEN,E0251>E0078>E0127
E0251,NACL Industries Ltd,12,0.85888,2,no_recorded_owner,E0042,AXIS ELSS TAX SAVER FUND,NACL Industries Ltd <-[53.68%]- Coromandel International Ltd <-[1.60%]- AXIS ELSS TAX SAVER FUND,E0251>E0078>E0042
E0251,NACL Industries Ltd,13,0.767624,2,no_recorded_owner,E0161,INVESTOR EDUCATION & PROTECTION FUND,NACL Industries Ltd <-[53.68%]- Coromandel International Ltd <-[1.43%]- INVESTOR EDUCATION & PROTECTION FUND,E0251>E0078>E0161
E0251,NACL Industries Ltd,14,0.754834,3,natural_person,E0125,GOVINDLAL M PARIKH,NACL Industries Ltd <-[53.68%]- Coromandel International Ltd <-[55.58%]- EID Parry India Ltd <-[2.53%]- GOVINDLAL M PARIKH,E0251>E0078>E0108>E0125
E0251,NACL Industries Ltd,15,0.713944,2,no_recorded_owner,E0266,NPS TRUST A/C UTI PENSION FUND LIMITED-SCHEME CENT,NACL Industries Ltd <-[53.68%]- Coromandel International Ltd <-[1.33%]- NPS TRUST A/C UTI PENSION FUND LIMITED-SCHEME CENT,E0251>E0078>E0266
E0251,NACL Industries Ltd,16,0.703208,2,no_recorded_owner,E0199,LICI MARKET PLUS 1 GROWTH FUND,NACL Industries Ltd <-[53.68%]- Coromandel International Ltd <-[1.31%]- LICI MARKET PLUS 1 GROWTH FUND,E0251>E0078>E0199
E0251,NACL Industries Ltd,17,0.659361,3,natural_person,E0140,HITESH SATISHCHANDRA DOSHI,NACL Industries Ltd <-[53.68%]- Coromandel International Ltd <-[55.58%]- EID Parry India Ltd <-[2.21%]- HITESH SATISHCHANDRA DOSHI,E0251>E0078>E0108>E0140
E0251,NACL Industries Ltd,18,0.343106,3,no_recorded_owner,E0067,CANARA ROBECO MUTUAL FUND A/C GAD,NACL Industries Ltd <-[53.68%]- Coromandel International Ltd <-[55.58%]- EID Parry India Ltd <-[1.15%]- CANARA ROBECO MUTUAL FUND A/C GAD,E0251>E0078>E0108>E0067
E0251,NACL Industries Ltd,19,0.077572,3,natural_person,E0388,V NARAYANAN,NACL Industries Ltd <-[53.68%]- Coromandel International Ltd <-[55.58%]- EID Parry India Ltd <-[0.26%]- V NARAYANAN,E0251>E0078>E0108>E0388
E0251,NACL Industries Ltd,20,0.074588,3,natural_person,E0387,V ARUNACHALAM,NACL Industries Ltd <-[53.68%]- Coromandel International Ltd <-[55.58%]- EID Parry India Ltd <-[0.25%]- V ARUNACHALAM,E0251>E0078>E0108>E0387
E0251,NACL Industries Ltd,21,0.068621,3,natural_person,E0005,A VENKATACHALAM,NACL Industries Ltd <-[53.68%]- Coromandel International Ltd <-[55.58%]- EID Parry India Ltd <-[0.23%]- A VENKATACHALAM,E0251>E0078>E0108>E0005
E0251,NACL Industries Ltd,22,0.068621,3,natural_person,E0034,ARUN ALAGAPPAN,NACL Industries Ltd <-[53.68%]- Coromandel International Ltd <-[55.58%]- EID Parry India Ltd <-[0.23%]- ARUN ALAGAPPAN,E0251>E0078>E0108>E0034
E0251,NACL Industries Ltd,23,0.059671,3,natural_person,E0037,ARUN VENKATACHALAM,NACL Industries Ltd <-[53.68%]- Coromandel International Ltd <-[55.58%]- EID Parry India Ltd <-[0.20%]- ARUN VENKATACHALAM,E0251>E0078>E0108>E0037
E0251,NACL Industries Ltd,24,0.053704,3,no_recorded_owner,E0190,Lakshmi Ramaswamy Family Trust,NACL Industries Ltd <-[53.68%]- Coromandel International Ltd <-[55.58%]- EID Parry India Ltd <-[0.18%]- Lakshmi Ramaswamy Family Trust,E0251>E0078>E0108>E0190
E0251,NACL Industries Ltd,25,0.037576,2,no_recorded_owner,E0216,M M Muthiah Family Trust,NACL Industries Ltd <-[53.68%]- Coromandel International Ltd <-[0.07%]- M M Muthiah Family Trust,E0251>E0078>E0216
E0251,NACL Industries Ltd,26,0.037576,2,no_recorded_owner,E0218,M M Veerappan Family Trust,NACL Industries Ltd <-[53.68%]- Coromandel International Ltd <-[0.07%]- M M Veerappan Family Trust,E0251>E0078>E0218
E0251,NACL Industries Ltd,27,0.037576,2,natural_person,E0387,V ARUNACHALAM,NACL Industries Ltd <-[53.68%]- Coromandel International Ltd <-[0.07%]- V ARUNACHALAM,E0251>E0078>E0387
E0251,NACL Industries Ltd,28,0.037576,2,natural_person,E0388,V NARAYANAN,NACL Industries Ltd <-[53.68%]- Coromandel International Ltd <-[0.07%]- V NARAYANAN,E0251>E0078>E0388
E0251,NACL Industries Ltd,29,0.035802,3,natural_person,E0228,M.A.ALAGAPPAN,NACL Industries Ltd <-[53.68%]- Coromandel International Ltd <-[55.58%]- EID Parry India Ltd <-[0.12%]- M.A.ALAGAPPAN,E0251>E0078>E0108>E0228
E0251,NACL Industries Ltd,30,0.035802,3,no_recorded_owner,E0331,Shambho Trust,NACL Industries Ltd <-[53.68%]- Coromandel International Ltd <-[55.58%]- EID Parry India Ltd <-[0.12%]- Shambho Trust,E0251>E0078>E0108>E0331
E0251,NACL Industries Ltd,31,0.032819,3,no_recorded_owner,E0216,M M Muthiah Family Trust,NACL Industries Ltd <-[53.68%]- Coromandel International Ltd <-[55.58%]- EID Parry India Ltd <-[0.11%]- M M Muthiah Family Trust,E0251>E0078>E0108>E0216
E0251,NACL Industries Ltd,32,0.032819,3,no_recorded_owner,E0218,M M Veerappan Family Trust,NACL Industries Ltd <-[53.68%]- Coromandel International Ltd <-[55.58%]- EID Parry India Ltd <-[0.11%]- M M Veerappan Family Trust,E0251>E0078>E0108>E0218
E0251,NACL Industries Ltd,33,0.032819,3,natural_person,E0237,MEYYAMMAI VENKATACHALAM,NACL Industries Ltd <-[53.68%]- Coromandel International Ltd <-[55.58%]- EID Parry India Ltd <-[0.11%]- MEYYAMMAI VENKATACHALAM,E0251>E0078>E0108>E0237
E0251,NACL Industries Ltd,34,0.029835,3,natural_person,E0336,SIGAPI ARUNACHALAM,NACL Industries Ltd <-[53.68%]- Coromandel International Ltd <-[55.58%]- EID Parry India Ltd <-[0.10%]- SIGAPI ARUNACHALAM,E0251>E0078>E0108>E0336
E0251,NACL Industries Ltd,35,0.026852,3,no_recorded_owner,E0321,Saraswathi Trust,NACL Industries Ltd <-[53.68%]- Coromandel International Ltd <-[55.58%]- EID Parry India Ltd <-[0.09%]- Saraswathi Trust,E0251>E0078>E0108>E0321
E0251,NACL Industries Ltd,36,0.02684,2,natural_person,E0037,ARUN VENKATACHALAM,NACL Industries Ltd <-[53.68%]- Coromandel International Ltd <-[0.05%]- ARUN VENKATACHALAM,E0251>E0078>E0037
E0251,NACL Industries Ltd,37,0.023868,3,no_recorded_owner,E0221,M V Muthiah Family Trust,NACL Industries Ltd <-[53.68%]- Coromandel International Ltd <-[55.58%]- EID Parry India Ltd <-[0.08%]- M V Muthiah Family Trust,E0251>E0078>E0108>E0221
E0251,NACL Industries Ltd,38,0.023868,3,no_recorded_owner,E0226,M V Subramanian Family Trust,NACL Industries Ltd <-[53.68%]- Coromandel International Ltd <-[55.58%]- EID Parry India Ltd <-[0.08%]- M V Subramanian Family Trust,E0251>E0078>E0108>E0226
E0251,NACL Industries Ltd,39,0.023868,3,no_recorded_owner,E0236,Meenakshi Murugappan Family Trust,NACL Industries Ltd <-[53.68%]- Coromandel International Ltd <-[55.58%]- EID Parry India Ltd <-[0.08%]- Meenakshi Murugappan Family Trust,E0251>E0078>E0108>E0236
E0251,NACL Industries Ltd,40,0.023868,3,natural_person,E0393,VALLI ANNAMALAI,NACL Industries Ltd <-[53.68%]- Coromandel International Ltd <-[55.58%]- EID Parry India Ltd <-[0.08%]- VALLI ANNAMALAI,E0251>E0078>E0108>E0393
E0251,NACL Industries Ltd,41,0.021472,2,natural_person,E0005,A VENKATACHALAM,NACL Industries Ltd <-[53.68%]- Coromandel International Ltd <-[0.04%]- A VENKATACHALAM,E0251>E0078>E0005
E0251,NACL Industries Ltd,42,0.021472,2,natural_person,E0034,ARUN ALAGAPPAN,NACL Industries Ltd <-[53.68%]- Coromandel International Ltd <-[0.04%]- ARUN ALAGAPPAN,E0251>E0078>E0034
E0251,NACL Industries Ltd,43,0.021472,2,no_recorded_owner,E0190,Lakshmi Ramaswamy Family Trust,NACL Industries Ltd <-[53.68%]- Coromandel International Ltd <-[0.04%]- Lakshmi Ramaswamy Family Trust,E0251>E0078>E0190
E0251,NACL Industries Ltd,44,0.021472,2,natural_person,E0193,LALITHA VELLAYAN,NACL Industries Ltd <-[53.68%]- Coromandel International Ltd <-[0.04%]- LALITHA VELLAYAN,E0251>E0078>E0193
E0251,NACL Industries Ltd,45,0.021472,2,natural_person,E0208,M A M ARUNACHALAM,NACL Industries Ltd <-[53.68%]- Coromandel International Ltd <-[0.04%]- M A M ARUNACHALAM,E0251>E0078>E0208
E0251,NACL Industries Ltd,46,0.021472,2,no_recorded_owner,E0321,Saraswathi Trust,NACL Industries Ltd <-[53.68%]- Coromandel International Ltd <-[0.04%]- Saraswathi Trust,E0251>E0078>E0321
E0251,NACL Industries Ltd,47,0.020885,3,no_recorded_owner,E0192,Lakshmi Venkatachalam Family Trust,NACL Industries Ltd <-[53.68%]- Coromandel International Ltd <-[55.58%]- EID Parry India Ltd <-[0.07%]- Lakshmi Venkatachalam Family Trust,E0251>E0078>E0108>E0192
E0251,NACL Industries Ltd,48,0.020885,3,no_recorded_owner,E0210,M A MURUGAPPAN HOLDINGS LLP,NACL Industries Ltd <-[53.68%]- Coromandel International Ltd <-[55.58%]- EID Parry India Ltd <-[0.07%]- M A MURUGAPPAN HOLDINGS LLP,E0251>E0078>E0108>E0210
E0251,NACL Industries Ltd,49,0.020885,3,no_recorded_owner,E0220,M M Venkatachalam Family Trust,NACL Industries Ltd <-[53.68%]- Coromandel International Ltd <-[55.58%]- EID Parry India Ltd <-[0.07%]- M M Venkatachalam Family Trust,E0251>E0078>E0108>E0220
E0251,NACL Industries Ltd,50,0.017901,3,no_recorded_owner,E0206,M A ALAGAPPAN HOLDINGS PRIVATE LIMITED,NACL Industries Ltd <-[53.68%]- Coromandel International Ltd <-[55.58%]- EID Parry India Ltd <-[0.06%]- M A ALAGAPPAN HOLDINGS PRIVATE LIMITED,E0251>E0078>E0108>E0206
E0251,NACL Industries Ltd,51,0.016104,2,natural_person,E0237,MEYYAMMAI VENKATACHALAM,NACL Industries Ltd <-[53.68%]- Coromandel International Ltd <-[0.03%]- MEYYAMMAI VENKATACHALAM,E0251>E0078>E0237
E0251,NACL Industries Ltd,52,0.014918,3,no_recorded_owner,E0031,AR LAKSHMI ACHI TRUST,NACL Industries Ltd <-[53.68%]- Coromandel International Ltd <-[55.58%]- EID Parry India Ltd <-[0.05%]- AR LAKSHMI ACHI TRUST,E0251>E0078>E0108>E0031
E0251,NACL Industries Ltd,53,0.014918,3,natural_person,E0208,M A M ARUNACHALAM,NACL Industries Ltd <-[53.68%]- Coromandel International Ltd <-[55.58%]- EID Parry India Ltd <-[0.05%]- M A M ARUNACHALAM,E0251>E0078>E0108>E0208
E0251,NACL Industries Ltd,54,0.011934,3,natural_person,E0188,LAKSHMI CHOCKALINGAM,NACL Industries Ltd <-[53.68%]- Coromandel International Ltd <-[55.58%]- EID Parry India Ltd <-[0.04%]- LAKSHMI CHOCKALINGAM,E0251>E0078>E0108>E0188
E0251,NACL Industries Ltd,55,0.010736,2,no_recorded_owner,E0221,M V Muthiah Family Trust,NACL Industries Ltd <-[53.68%]- Coromandel International Ltd <-[0.02%]- M V Muthiah Family Trust,E0251>E0078>E0221
E0251,NACL Industries Ltd,56,0.010736,2,no_recorded_owner,E0226,M V Subramanian Family Trust,NACL Industries Ltd <-[53.68%]- Coromandel International Ltd <-[0.02%]- M V Subramanian Family Trust,E0251>E0078>E0226
E0251,NACL Industries Ltd,57,0.010736,2,natural_person,E0336,SIGAPI ARUNACHALAM,NACL Industries Ltd <-[53.68%]- Coromandel International Ltd <-[0.02%]- SIGAPI ARUNACHALAM,E0251>E0078>E0336
E0251,NACL Industries Ltd,58,0.010736,2,natural_person,E0393,VALLI ANNAMALAI,NACL Industries Ltd <-[53.68%]- Coromandel International Ltd <-[0.02%]- VALLI ANNAMALAI,E0251>E0078>E0393
E0256,Nelco Ltd,1,22.623084,2,no_recorded_owner,E0365,Tata Sons Private Limited,Nelco Ltd <-[50.04%]- Tata Power Company Ltd <-[45.21%]- Tata Sons Private Limited,E0256>E0363>E0365
E0256,Nelco Ltd,2,3.8,1,no_recorded_owner,E0330,SCHLUMBERGER LIMITED,Nelco Ltd <-[3.80%]- SCHLUMBERGER LIMITED,E0256>E0330
E0256,Nelco Ltd,3,2.466972,2,no_recorded_owner,E0201,Life Insurance Corporation Of India,Nelco Ltd <-[50.04%]- Tata Power Company Ltd <-[4.93%]- Life Insurance Corporation Of India,E0256>E0363>E0201
E0256,Nelco Ltd,4,1.19,1,no_recorded_owner,E0300,Quadrature Capital Vector Sp Limited,Nelco Ltd <-[1.19%]- Quadrature Capital Vector Sp Limited,E0256>E0300
E0256,Nelco Ltd,5,1.05,1,no_recorded_owner,E0163,Investor Education And Protection Fund Authority Ministry Of Corporate Affairs,Nelco Ltd <-[1.05%]- Investor Education And Protection Fund Authority Ministry Of Corporate Affairs,E0256>E0163
E0256,Nelco Ltd,6,1.045836,2,no_recorded_owner,E0259,Nippon Life India Trustee Ltd-A/C Nippon India Large Cap Fund,Nelco Ltd <-[50.04%]- Tata Power Company Ltd <-[2.09%]- Nippon Life India Trustee Ltd-A/C Nippon India Large Cap Fund,E0256>E0363>E0259
E0256,Nelco Ltd,7,0.72558,2,no_recorded_owner,E0265,NPS TRUST A/C,Nelco Ltd <-[50.04%]- Tata Power Company Ltd <-[1.45%]- NPS TRUST A/C,E0256>E0363>E0265
E0256,Nelco Ltd,8,0.55044,2,no_recorded_owner,E0114,Franklin India Flexi Cap Fund,Nelco Ltd <-[50.04%]- Tata Power Company Ltd <-[1.10%]- Franklin India Flexi Cap Fund,E0256>E0363>E0114
E0256,Nelco Ltd,9,0.193891,3,no_recorded_owner,E0365,Tata Sons Private Limited,Nelco Ltd <-[50.04%]- Tata Power Company Ltd <-[1.22%]- Tata Steel Ltd <-[31.76%]- Tata Sons Private Limited,E0256>E0363>E0366>E0365
E0256,Nelco Ltd,10,0.071993,3,no_recorded_owner,E0365,Tata Sons Private Limited,Nelco Ltd <-[50.04%]- Tata Power Company Ltd <-[0.21%]- Tata Investment Corporation Ltd <-[68.51%]- Tata Sons Private Limited,E0256>E0363>E0360>E0365
E0256,Nelco Ltd,11,0.070056,2,no_recorded_owner,E0358,Tata Industries Limited,Nelco Ltd <-[50.04%]- Tata Power Company Ltd <-[0.14%]- Tata Industries Limited,E0256>E0363>E0358
E0256,Nelco Ltd,12,0.04,1,no_recorded_owner,E0018,Aftaab Investment Company Limited,Nelco Ltd <-[0.04%]- Aftaab Investment Company Limited,E0256>E0018
E0256,Nelco Ltd,13,0.038888,3,no_recorded_owner,E0201,Life Insurance Corporation Of India,Nelco Ltd <-[50.04%]- Tata Power Company Ltd <-[1.22%]- Tata Steel Ltd <-[6.37%]- Life Insurance Corporation Of India,E0256>E0363>E0366>E0201
E0256,Nelco Ltd,14,0.035028,2,no_recorded_owner,E0112,Ewart Investments Limited,Nelco Ltd <-[50.04%]- Tata Power Company Ltd <-[0.07%]- Ewart Investments Limited,E0256>E0363>E0112
E0256,Nelco Ltd,15,0.024297,3,no_recorded_owner,E0328,Sbi Nifty 50 Etf,Nelco Ltd <-[50.04%]- Tata Power Company Ltd <-[1.22%]- Tata Steel Ltd <-[3.98%]- Sbi Nifty 50 Etf,E0256>E0363>E0366>E0328
E0256,Nelco Ltd,16,0.014102,3,no_recorded_owner,E0152,Icici Prudential Value Fund,Nelco Ltd <-[50.04%]- Tata Power Company Ltd <-[1.22%]- Tata Steel Ltd <-[2.31%]- Icici Prudential Value Fund,E0256>E0363>E0366>E0152
E0256,Nelco Ltd,17,0.012942,3,no_recorded_owner,E0135,Hdfc Trustee Company Limited -Hdfc Flexi Cap Fund,Nelco Ltd <-[50.04%]- Tata Power Company Ltd <-[1.22%]- Tata Steel Ltd <-[2.12%]- Hdfc Trustee Company Limited -Hdfc Flexi Cap Fund,E0256>E0363>E0366>E0135
E0256,Nelco Ltd,18,0.011538,3,no_recorded_owner,E0269,Nps Trust- A/C Lic Pension Fund Scheme - State Govt,Nelco Ltd <-[50.04%]- Tata Power Company Ltd <-[1.22%]- Tata Steel Ltd <-[1.89%]- Nps Trust- A/C Lic Pension Fund Scheme - State Govt,E0256>E0363>E0366>E0269
E0274,Oriental Hotels Ltd,1,10.177364,2,no_recorded_owner,E0365,Tata Sons Private Limited,Oriental Hotels Ltd <-[28.54%]- Indian Hotels Company Ltd <-[35.66%]- Tata Sons Private Limited,E0274>E0157>E0365
E0274,Oriental Hotels Ltd,2,8.0,1,natural_person,E0295,PRAMOD RANJAN,Oriental Hotels Ltd <-[8.00%]- PRAMOD RANJAN,E0274>E0295
E0274,Oriental Hotels Ltd,3,5.25,1,no_recorded_owner,E0155,IHOCO B.V,Oriental Hotels Ltd <-[5.25%]- IHOCO B.V,E0274>E0155
E0274,Oriental Hotels Ltd,4,3.7,1,natural_person,E0087,D. VARADA REDDY,Oriental Hotels Ltd <-[3.70%]- D. VARADA REDDY,E0274>E0087
E0274,Oriental Hotels Ltd,5,2.14,1,natural_person,E0312,RAMESH DOULATRAM HARIANI,Oriental Hotels Ltd <-[2.14%]- RAMESH DOULATRAM HARIANI,E0274>E0312
E0274,Oriental Hotels Ltd,6,2.05,1,no_recorded_owner,E0290,Piem Hotels Limited,Oriental Hotels Ltd <-[2.05%]- Piem Hotels Limited,E0274>E0290
E0274,Oriental Hotels Ltd,7,1.68,1,natural_person,E0095,DODLA AMIT REDDY,Oriental Hotels Ltd <-[1.68%]- DODLA AMIT REDDY,E0274>E0095
E0274,Oriental Hotels Ltd,8,1.5,1,natural_person,E0119,GIRIJA GOLLAMUDI REDDY,Oriental Hotels Ltd <-[1.50%]- GIRIJA GOLLAMUDI REDDY,E0274>E0119
E0274,Oriental Hotels Ltd,9,1.45,1,natural_person,E0088,D. VIJAYAGOPAL REDDY,Oriental Hotels Ltd <-[1.45%]- D. VIJAYAGOPAL REDDY,E0274>E0088
E0274,Oriental Hotels Ltd,10,1.42,1,natural_person,E0073,CHILAMILIKA LALINI HARIANI,Oriental Hotels Ltd <-[1.42%]- CHILAMILIKA LALINI HARIANI,E0274>E0073
E0274,Oriental Hotels Ltd,11,1.352796,2,no_recorded_owner,E0270,NPS TRUST- A/C SBI PENSION FUND SCHEME - STATE GOVT,Oriental Hotels Ltd <-[28.54%]- Indian Hotels Company Ltd <-[4.74%]- NPS TRUST- A/C SBI PENSION FUND SCHEME - STATE GOVT,E0274>E0157>E0270
E0274,Oriental Hotels Ltd,12,1.24,1,natural_person,E0317,ROHIT REDDY D,Oriental Hotels Ltd <-[1.24%]- ROHIT REDDY D,E0274>E0317
E0274,Oriental Hotels Ltd,13,1.14,1,no_recorded_owner,E0303,Quant Mutual Fund - Quant Small Cap Fund,Oriental Hotels Ltd <-[1.14%]- Quant Mutual Fund - Quant Small Cap Fund,E0274>E0303
E0274,Oriental Hotels Ltd,14,1.13,1,natural_person,E0099,DODLA PREMALEELA REDDY,Oriental Hotels Ltd <-[1.13%]- DODLA PREMALEELA REDDY,E0274>E0099
E0274,Oriental Hotels Ltd,15,0.93,1,no_recorded_owner,E0346,TAJ TRADE AND TRANSPORT COMPANY LIMITED,Oriental Hotels Ltd <-[0.93%]- TAJ TRADE AND TRANSPORT COMPANY LIMITED,E0274>E0346
E0274,Oriental Hotels Ltd,16,0.753456,2,no_recorded_owner,E0201,Life Insurance Corporation Of India,Oriental Hotels Ltd <-[28.54%]- Indian Hotels Company Ltd <-[2.64%]- Life Insurance Corporation Of India,E0274>E0157>E0201
E0274,Oriental Hotels Ltd,17,0.74,1,natural_person,E0081,D NAVEEN REDDY,Oriental Hotels Ltd <-[0.74%]- D NAVEEN REDDY,E0274>E0081
E0274,Oriental Hotels Ltd,18,0.73,1,natural_person,E0097,DODLA PRAKASH REDDY,Oriental Hotels Ltd <-[0.73%]- DODLA PRAKASH REDDY,E0274>E0097
E0274,Oriental Hotels Ltd,19,0.722062,2,no_recorded_owner,E0260,NIPPON LIFE INDIA TRUSTEE LTD-A/C NIPPON INDIA MULTI CAP FUND,Oriental Hotels Ltd <-[28.54%]- Indian Hotels Company Ltd <-[2.53%]- NIPPON LIFE INDIA TRUSTEE LTD-A/C NIPPON INDIA MULTI CAP FUND,E0274>E0157>E0260
E0274,Oriental Hotels Ltd,20,0.72,1,natural_person,E0085,D. ARUNA REDDY,Oriental Hotels Ltd <-[0.72%]- D. ARUNA REDDY,E0274>E0085
E0274,Oriental Hotels Ltd,21,0.7,1,natural_person,E0122,GOLLAMUDI VENKA REDDY,Oriental Hotels Ltd <-[0.70%]- GOLLAMUDI VENKA REDDY,E0274>E0122
E0274,Oriental Hotels Ltd,22,0.673544,2,no_recorded_owner,E0066,CANARA ROBECO MUTUAL FUND A/C CANARA ROBECO LARGE AND MID CAP FUND,Oriental Hotels Ltd <-[28.54%]- Indian Hotels Company Ltd <-[2.36%]- CANARA ROBECO MUTUAL FUND A/C CANARA ROBECO LARGE AND MID CAP FUND,E0274>E0157>E0066
E0274,Oriental Hotels Ltd,23,0.62788,2,no_recorded_owner,E0045,AXIS MUTUAL FUND TRUSTEE LIMITED A/C AXIS MUTUAL FUND A/C AXIS MIDCAP FUND,Oriental Hotels Ltd <-[28.54%]- Indian Hotels Company Ltd <-[2.20%]- AXIS MUTUAL FUND TRUSTEE LIMITED A/C AXIS MUTUAL FUND A/C AXIS MIDCAP FUND,E0274>E0157>E0045
E0274,Oriental Hotels Ltd,24,0.61,1,natural_person,E0277,P. SHOBA REDDY,Oriental Hotels Ltd <-[0.61%]- P. SHOBA REDDY,E0274>E0277
E0274,Oriental Hotels Ltd,25,0.58,1,natural_person,E0165,JAKKA SUREKHA REDDY,Oriental Hotels Ltd <-[0.58%]- JAKKA SUREKHA REDDY,E0274>E0165
E0274,Oriental Hotels Ltd,26,0.5,1,natural_person,E0096,DODLA POORNIMA REDDY,Oriental Hotels Ltd <-[0.50%]- DODLA POORNIMA REDDY,E0274>E0096
E0274,Oriental Hotels Ltd,27,0.44979,2,no_recorded_owner,E0365,Tata Sons Private Limited,Oriental Hotels Ltd <-[1.41%]- Tata Chemicals Ltd <-[31.90%]- Tata Sons Private Limited,E0274>E0351>E0365
E0274,Oriental Hotels Ltd,28,0.430954,2,no_recorded_owner,E0134,HDFC MUTUAL FUND - HDFC MID-CAP FUND,Oriental Hotels Ltd <-[28.54%]- Indian Hotels Company Ltd <-[1.51%]- HDFC MUTUAL FUND - HDFC MID-CAP FUND,E0274>E0157>E0134
E0274,Oriental Hotels Ltd,29,0.4281,2,no_recorded_owner,E0143,Icici Prudential Balanced Advantage Fund,Oriental Hotels Ltd <-[28.54%]- Indian Hotels Company Ltd <-[1.50%]- Icici Prudential Balanced Advantage Fund,E0274>E0157>E0143
E0274,Oriental Hotels Ltd,30,0.41106,2,no_recorded_owner,E0365,Tata Sons Private Limited,Oriental Hotels Ltd <-[0.60%]- Tata Investment Corporation Ltd <-[68.51%]- Tata Sons Private Limited,E0274>E0360>E0365
E0274,Oriental Hotels Ltd,31,0.35,1,natural_person,E0212,M KALA REDDY,Oriental Hotels Ltd <-[0.35%]- M KALA REDDY,E0274>E0212
E0274,Oriental Hotels Ltd,32,0.2854,2,natural_person,E0314,Rekha Jhunjhunwala,Oriental Hotels Ltd <-[28.54%]- Indian Hotels Company Ltd <-[1.00%]- Rekha Jhunjhunwala,E0274>E0157>E0314
E0274,Oriental Hotels Ltd,33,0.28,1,natural_person,E0062,C HEMALATHA REDDY,Oriental Hotels Ltd <-[0.28%]- C HEMALATHA REDDY,E0274>E0062
E0274,Oriental Hotels Ltd,34,0.27,1,no_recorded_owner,E0291,PIEM INTERNATIONAL (H.K.) LIMITED,Oriental Hotels Ltd <-[0.27%]- PIEM INTERNATIONAL (H.K.) LIMITED,E0274>E0291
E0274,Oriental Hotels Ltd,35,0.26,1,natural_person,E0082,D NITYA REDDY,Oriental Hotels Ltd <-[0.26%]- D NITYA REDDY,E0274>E0082
E0274,Oriental Hotels Ltd,36,0.246365,3,no_recorded_owner,E0365,Tata Sons Private Limited,Oriental Hotels Ltd <-[28.54%]- Indian Hotels Company Ltd <-[1.26%]- Tata Investment Corporation Ltd <-[68.51%]- Tata Sons Private Limited,E0274>E0157>E0360>E0365
E0274,Oriental Hotels Ltd,37,0.21,1,natural_person,E0297,PRAVIN RANJAN,Oriental Hotels Ltd <-[0.21%]- PRAVIN RANJAN,E0274>E0297
E0274,Oriental Hotels Ltd,38,0.18,1,natural_person,E0083,D RAHUL REDDY,Oriental Hotels Ltd <-[0.18%]- D RAHUL REDDY,E0274>E0083
E0274,Oriental Hotels Ltd,39,0.18,1,natural_person,E0197,LATE SUDHAKAR REDDY,Oriental Hotels Ltd <-[0.18%]- LATE SUDHAKAR REDDY,E0274>E0197
E0274,Oriental Hotels Ltd,40,0.17,1,natural_person,E0063,C LEENAJA REDDY,Oriental Hotels Ltd <-[0.17%]- C LEENAJA REDDY,E0274>E0063
E0274,Oriental Hotels Ltd,41,0.15,1,natural_person,E0101,DODLA VENKATARAMANI,Oriental Hotels Ltd <-[0.15%]- DODLA VENKATARAMANI,E0274>E0101
E0274,Oriental Hotels Ltd,42,0.14,1,natural_person,E0100,DODLA SHILPA,Oriental Hotels Ltd <-[0.14%]- DODLA SHILPA,E0274>E0100
E0274,Oriental Hotels Ltd,43,0.130284,2,no_recorded_owner,E0202,Life Insurance Corporation Of India - P & Gs Fund,Oriental Hotels Ltd <-[1.41%]- Tata Chemicals Ltd <-[9.24%]- Life Insurance Corporation Of India - P & Gs Fund,E0274>E0351>E0202
E0274,Oriental Hotels Ltd,44,0.11,1,natural_person,E0287,PEDDINENIKALVA VIDYAREDDY,Oriental Hotels Ltd <-[0.11%]- PEDDINENIKALVA VIDYAREDDY,E0274>E0287
E0274,Oriental Hotels Ltd,45,0.1,1,natural_person,E0255,NEETHA REDDY,Oriental Hotels Ltd <-[0.10%]- NEETHA REDDY,E0274>E0255
E0274,Oriental Hotels Ltd,46,0.09,1,natural_person,E0086,D. SUDHA REDDY,Oriental Hotels Ltd <-[0.09%]- D. SUDHA REDDY,E0274>E0086
E0274,Oriental Hotels Ltd,47,0.09,1,natural_person,E0227,M V SURESHREDDY,Oriental Hotels Ltd <-[0.09%]- M V SURESHREDDY,E0274>E0227
E0274,Oriental Hotels Ltd,48,0.075565,3,no_recorded_owner,E0365,Tata Sons Private Limited,Oriental Hotels Ltd <-[28.54%]- Indian Hotels Company Ltd <-[0.83%]- Tata Chemicals Ltd <-[31.90%]- Tata Sons Private Limited,E0274>E0157>E0351>E0365
E0274,Oriental Hotels Ltd,49,0.06,1,natural_person,E0195,LATE D SUNDER NISCHAL,Oriental Hotels Ltd <-[0.06%]- LATE D SUNDER NISCHAL,E0274>E0195
E0274,Oriental Hotels Ltd,50,0.05767,3,no_recorded_owner,E0365,Tata Sons Private Limited,Oriental Hotels Ltd <-[1.41%]- Tata Chemicals Ltd <-[5.97%]- Tata Investment Corporation Ltd <-[68.51%]- Tata Sons Private Limited,E0274>E0351>E0360>E0365
E0274,Oriental Hotels Ltd,51,0.056823,2,no_recorded_owner,E0152,Icici Prudential Value Fund,Oriental Hotels Ltd <-[1.41%]- Tata Chemicals Ltd <-[4.03%]- Icici Prudential Value Fund,E0274>E0351>E0152
E0274,Oriental Hotels Ltd,52,0.05,1,natural_person,E0106,DWARAKNATH REDDY HUF,Oriental Hotels Ltd <-[0.05%]- DWARAKNATH REDDY HUF,E0274>E0106
E0274,Oriental Hotels Ltd,53,0.04281,2,no_recorded_owner,E0112,Ewart Investments Limited,Oriental Hotels Ltd <-[28.54%]- Indian Hotels Company Ltd <-[0.15%]- Ewart Investments Limited,E0274>E0157>E0112
E0274,Oriental Hotels Ltd,54,0.04,1,natural_person,E0079,D K PAVAN,Oriental Hotels Ltd <-[0.04%]- D K PAVAN,E0274>E0079
E0274,Oriental Hotels Ltd,55,0.04,1,natural_person,E0084,D V SHARAN,Oriental Hotels Ltd <-[0.04%]- D V SHARAN,E0274>E0084
E0274,Oriental Hotels Ltd,56,0.04,1,no_recorded_owner,E0345,TAJ MADURAI LIMITED,Oriental Hotels Ltd <-[0.04%]- TAJ MADURAI LIMITED,E0274>E0345
E0274,Oriental Hotels Ltd,57,0.038211,2,no_recorded_owner,E0175,Kotak Flexicap Fund,Oriental Hotels Ltd <-[1.41%]- Tata Chemicals Ltd <-[2.71%]- Kotak Flexicap Fund,E0274>E0351>E0175
E0274,Oriental Hotels Ltd,58,0.03,1,natural_person,E0173,KIRAN REDDY JAKKA,Oriental Hotels Ltd <-[0.03%]- KIRAN REDDY JAKKA,E0274>E0173
E0274,Oriental Hotels Ltd,59,0.022832,2,no_recorded_owner,E0345,TAJ MADURAI LIMITED,Oriental Hotels Ltd <-[28.54%]- Indian Hotels Company Ltd <-[0.08%]- TAJ MADURAI LIMITED,E0274>E0157>E0345
E0274,Oriental Hotels Ltd,60,0.021888,3,no_recorded_owner,E0202,Life Insurance Corporation Of India - P & Gs Fund,Oriental Hotels Ltd <-[28.54%]- Indian Hotels Company Ltd <-[0.83%]- Tata Chemicals Ltd <-[9.24%]- Life Insurance Corporation Of India - P & Gs Fund,E0274>E0157>E0351>E0202
E0274,Oriental Hotels Ltd,61,0.019176,2,no_recorded_owner,E0008,"Acacia Partners, Lp","Oriental Hotels Ltd <-[1.41%]- Tata Chemicals Ltd <-[1.36%]- Acacia Partners, Lp",E0274>E0351>E0008
E0274,Oriental Hotels Ltd,62,0.017124,2,circular,E0274,Oriental Hotels Ltd,Oriental Hotels Ltd <-[28.54%]- Indian Hotels Company Ltd <-[0.06%]- Oriental Hotels Ltd,E0274>E0157>E0274
E0274,Oriental Hotels Ltd,63,0.01427,2,no_recorded_owner,E0358,Tata Industries Limited,Oriental Hotels Ltd <-[28.54%]- Indian Hotels Company Ltd <-[0.05%]- Tata Industries Limited,E0274>E0157>E0358
E0274,Oriental Hotels Ltd,64,0.014142,3,below_threshold,E0360,Tata Investment Corporation Ltd,Oriental Hotels Ltd <-[28.54%]- Indian Hotels Company Ltd <-[0.83%]- Tata Chemicals Ltd <-[5.97%]- Tata Investment Corporation Ltd,E0274>E0157>E0351>E0360
E0274,Oriental Hotels Ltd,65,0.01,1,natural_person,E0080,D KARTHIK REDDY,Oriental Hotels Ltd <-[0.01%]- D KARTHIK REDDY,E0274>E0080
E0274,Oriental Hotels Ltd,66,0.01,1,natural_person,E0094,DODLA ABISHEK,Oriental Hotels Ltd <-[0.01%]- DODLA ABISHEK,E0274>E0094
E0274,Oriental Hotels Ltd,67,0.01,1,natural_person,E0098,DODLA PRASANNA REDDY,Oriental Hotels Ltd <-[0.01%]- DODLA PRASANNA REDDY,E0274>E0098
E0274,Oriental Hotels Ltd,68,0.01,1,natural_person,E0116,G V K RANJAN,Oriental Hotels Ltd <-[0.01%]- G V K RANJAN,E0274>E0116
E0274,Oriental Hotels Ltd,69,0.01,1,natural_person,E0164,J CHAITANYA REDDY,Oriental Hotels Ltd <-[0.01%]- J CHAITANYA REDDY,E0274>E0164
E0292,Pilani Investment and Industries Corporation Ltd,1,34.7,1,no_recorded_owner,E0057,Birla Group Holdings Private Limited,Pilani Investment and Industries Corporation Ltd <-[34.70%]- Birla Group Holdings Private Limited,E0292>E0057
E0292,Pilani Investment and Industries Corporation Ltd,2,19.18,1,no_recorded_owner,E0280,Padmavati Investment Private Limited,Pilani Investment and Industries Corporation Ltd <-[19.18%]- Padmavati Investment Private Limited,E0292>E0280
E0292,Pilani Investment and Industries Corporation Ltd,3,17.52,1,no_recorded_owner,E0372,THE PUNJAB PRODUCE AND TRADING CO PVT LTD,Pilani Investment and Industries Corporation Ltd <-[17.52%]- THE PUNJAB PRODUCE AND TRADING CO PVT LTD,E0292>E0372
E0292,Pilani Investment and Industries Corporation Ltd,4,5.74,1,no_recorded_owner,E0129,GWALIOR WEBBING COMPANY PRIVATE LIMITED,Pilani Investment and Industries Corporation Ltd <-[5.74%]- GWALIOR WEBBING COMPANY PRIVATE LIMITED,E0292>E0129
E0292,Pilani Investment and Industries Corporation Ltd,5,4.5,1,no_recorded_owner,E0294,PRAKASH EDUCATIONAL SOCIETY,Pilani Investment and Industries Corporation Ltd <-[4.50%]- PRAKASH EDUCATIONAL SOCIETY,E0292>E0294
E0292,Pilani Investment and Industries Corporation Ltd,6,0.21,1,no_recorded_owner,E0056,BIRLA EDUCATIONAL INSTITUTION,Pilani Investment and Industries Corporation Ltd <-[0.21%]- BIRLA EDUCATIONAL INSTITUTION,E0292>E0056
E0292,Pilani Investment and Industries Corporation Ltd,7,0.09,1,no_recorded_owner,E0110,ESSEL MINING & INDUSTRIES LTD,Pilani Investment and Industries Corporation Ltd <-[0.09%]- ESSEL MINING & INDUSTRIES LTD,E0292>E0110
E0310,Rallis India Ltd,1,17.55776,2,no_recorded_owner,E0365,Tata Sons Private Limited,Rallis India Ltd <-[55.04%]- Tata Chemicals Ltd <-[31.90%]- Tata Sons Private Limited,E0310>E0351>E0365
E0310,Rallis India Ltd,2,8.3,1,no_recorded_owner,E0327,SBI MUTUAL FUND,Rallis India Ltd <-[8.30%]- SBI MUTUAL FUND,E0310>E0327
E0310,Rallis India Ltd,3,5.085696,2,no_recorded_owner,E0202,Life Insurance Corporation Of India - P & Gs Fund,Rallis India Ltd <-[55.04%]- Tata Chemicals Ltd <-[9.24%]- Life Insurance Corporation Of India - P & Gs Fund,E0310>E0351>E0202
E0310,Rallis India Ltd,4,2.251162,3,no_recorded_owner,E0365,Tata Sons Private Limited,Rallis India Ltd <-[55.04%]- Tata Chemicals Ltd <-[5.97%]- Tata Investment Corporation Ltd <-[68.51%]- Tata Sons Private Limited,E0310>E0351>E0360>E0365
E0310,Rallis India Ltd,5,2.218112,2,no_recorded_owner,E0152,Icici Prudential Value Fund,Rallis India Ltd <-[55.04%]- Tata Chemicals Ltd <-[4.03%]- Icici Prudential Value Fund,E0310>E0351>E0152
E0310,Rallis India Ltd,6,1.491584,2,no_recorded_owner,E0175,Kotak Flexicap Fund,Rallis India Ltd <-[55.04%]- Tata Chemicals Ltd <-[2.71%]- Kotak Flexicap Fund,E0310>E0351>E0175
E0310,Rallis India Ltd,7,1.1,1,no_recorded_owner,E0253,National Insurance Company Ltd,Rallis India Ltd <-[1.10%]- National Insurance Company Ltd,E0310>E0253
E0310,Rallis India Ltd,8,0.748544,2,no_recorded_owner,E0008,"Acacia Partners, Lp","Rallis India Ltd <-[55.04%]- Tata Chemicals Ltd <-[1.36%]- Acacia Partners, Lp",E0310>E0351>E0008
E0310,Rallis India Ltd,9,0.052246,3,no_recorded_owner,E0112,Ewart Investments Limited,Rallis India Ltd <-[55.04%]- Tata Chemicals Ltd <-[5.97%]- Tata Investment Corporation Ltd <-[1.59%]- Ewart Investments Limited,E0310>E0351>E0360>E0112
E0310,Rallis India Ltd,10,0.04,1,no_recorded_owner,E0112,Ewart Investments Limited,Rallis India Ltd <-[0.04%]- Ewart Investments Limited,E0310>E0112
E0310,Rallis India Ltd,11,0.028587,3,circular,E0351,Tata Chemicals Ltd,Rallis India Ltd <-[55.04%]- Tata Chemicals Ltd <-[5.97%]- Tata Investment Corporation Ltd <-[0.87%]- Tata Chemicals Ltd,E0310>E0351>E0360>E0351
E0310,Rallis India Ltd,12,0.023323,4,no_recorded_owner,E0365,Tata Sons Private Limited,Rallis India Ltd <-[55.04%]- Tata Chemicals Ltd <-[5.97%]- Tata Investment Corporation Ltd <-[1.57%]- Tata Power Company Ltd <-[45.21%]- Tata Sons Private Limited,E0310>E0351>E0360>E0363>E0365
E0310,Rallis India Ltd,13,0.016512,2,no_recorded_owner,E0358,Tata Industries Limited,Rallis India Ltd <-[55.04%]- Tata Chemicals Ltd <-[0.03%]- Tata Industries Limited,E0310>E0351>E0358
E0310,Rallis India Ltd,14,0.014786,3,below_threshold,E0366,Tata Steel Ltd,Rallis India Ltd <-[55.04%]- Tata Chemicals Ltd <-[5.97%]- Tata Investment Corporation Ltd <-[0.45%]- Tata Steel Ltd,E0310>E0351>E0360>E0366
E0310,Rallis India Ltd,15,0.01173,3,no_recorded_owner,E0365,Tata Sons Private Limited,Rallis India Ltd <-[55.04%]- Tata Chemicals Ltd <-[0.08%]- Voltas Ltd <-[26.64%]- Tata Sons Private Limited,E0310>E0351>E0404>E0365
E0333,Shanthi Gears Ltd,1,25.104898,2,no_recorded_owner,E0023,AMBADI INVESTMENTS LIMITED,Shanthi Gears Ltd <-[70.46%]- Tube Investments of India Ltd <-[35.63%]- AMBADI INVESTMENTS LIMITED,E0333>E0381>E0023
E0333,Shanthi Gears Ltd,2,3.036826,2,no_recorded_owner,E0339,"SMALLCAP WORLD FUND, INC","Shanthi Gears Ltd <-[70.46%]- Tube Investments of India Ltd <-[4.31%]- SMALLCAP WORLD FUND, INC",E0333>E0381>E0339
E0333,Shanthi Gears Ltd,3,2.9,1,no_recorded_owner,E0279,Pacific Assets Trust PLC,Shanthi Gears Ltd <-[2.90%]- Pacific Assets Trust PLC,E0333>E0279
E0333,Shanthi Gears Ltd,4,2.705664,2,no_recorded_owner,E0260,NIPPON LIFE INDIA TRUSTEE LTD-A/C NIPPON INDIA MULTI CAP FUND,Shanthi Gears Ltd <-[70.46%]- Tube Investments of India Ltd <-[3.84%]- NIPPON LIFE INDIA TRUSTEE LTD-A/C NIPPON INDIA MULTI CAP FUND,E0333>E0381>E0260
E0333,Shanthi Gears Ltd,5,1.613534,2,no_recorded_owner,E0243,MOTILAL OSWAL NIFTY MIDCAP 100 ETF,Shanthi Gears Ltd <-[70.46%]- Tube Investments of India Ltd <-[2.29%]- MOTILAL OSWAL NIFTY MIDCAP 100 ETF,E0333>E0381>E0243
E0333,Shanthi Gears Ltd,6,1.30351,2,no_recorded_owner,E0201,Life Insurance Corporation Of India,Shanthi Gears Ltd <-[70.46%]- Tube Investments of India Ltd <-[1.85%]- Life Insurance Corporation Of India,E0333>E0381>E0201
E0333,Shanthi Gears Ltd,7,1.27,1,natural_person,E0091,Dhanesh S Shah,Shanthi Gears Ltd <-[1.27%]- Dhanesh S Shah,E0333>E0091
E0333,Shanthi Gears Ltd,8,1.27,1,natural_person,E0105,Durgesh S Shah,Shanthi Gears Ltd <-[1.27%]- Durgesh S Shah,E0333>E0105
E0333,Shanthi Gears Ltd,9,1.27,1,natural_person,E0257,Nimesh Sumatilal,Shanthi Gears Ltd <-[1.27%]- Nimesh Sumatilal,E0333>E0257
E0333,Shanthi Gears Ltd,10,0.831428,2,no_recorded_owner,E0102,DSP FLEXI CAP FUND,Shanthi Gears Ltd <-[70.46%]- Tube Investments of India Ltd <-[1.18%]- DSP FLEXI CAP FUND,E0333>E0381>E0102
E0333,Shanthi Gears Ltd,11,0.817336,2,no_recorded_owner,E0113,FRANKLIN ASIAN EQUITY FUND,Shanthi Gears Ltd <-[70.46%]- Tube Investments of India Ltd <-[1.16%]- FRANKLIN ASIAN EQUITY FUND,E0333>E0381>E0113
E0333,Shanthi Gears Ltd,12,0.768014,2,no_recorded_owner,E0132,HDFC LIFE INSURANCE COMPANY LIMITED,Shanthi Gears Ltd <-[70.46%]- Tube Investments of India Ltd <-[1.09%]- HDFC LIFE INSURANCE COMPANY LIMITED,E0333>E0381>E0132
E0333,Shanthi Gears Ltd,13,0.768014,2,no_recorded_owner,E0386,UTI NIFTY500 SHARIAH INDEX FUND,Shanthi Gears Ltd <-[70.46%]- Tube Investments of India Ltd <-[1.09%]- UTI NIFTY500 SHARIAH INDEX FUND,E0333>E0381>E0386
E0333,Shanthi Gears Ltd,14,0.718692,2,no_recorded_owner,E0268,NPS TRUST- A/C HDFC PENSION FUND MANAGEMENT LIMITE,Shanthi Gears Ltd <-[70.46%]- Tube Investments of India Ltd <-[1.02%]- NPS TRUST- A/C HDFC PENSION FUND MANAGEMENT LIMITE,E0333>E0381>E0268
E0333,Shanthi Gears Ltd,15,0.310024,2,natural_person,E0208,M A M ARUNACHALAM,Shanthi Gears Ltd <-[70.46%]- Tube Investments of India Ltd <-[0.44%]- M A M ARUNACHALAM,E0333>E0381>E0208
E0333,Shanthi Gears Ltd,16,0.274794,2,natural_person,E0034,ARUN ALAGAPPAN,Shanthi Gears Ltd <-[70.46%]- Tube Investments of India Ltd <-[0.39%]- ARUN ALAGAPPAN,E0333>E0381>E0034
E0333,Shanthi Gears Ltd,17,0.267748,2,no_recorded_owner,E0248,MURUGAPPA EDUCATIONAL AND MEDICAL FOUNDATION,Shanthi Gears Ltd <-[70.46%]- Tube Investments of India Ltd <-[0.38%]- MURUGAPPA EDUCATIONAL AND MEDICAL FOUNDATION,E0333>E0381>E0248
E0333,Shanthi Gears Ltd,18,0.267748,2,natural_person,E0387,V ARUNACHALAM,Shanthi Gears Ltd <-[70.46%]- Tube Investments of India Ltd <-[0.38%]- V ARUNACHALAM,E0333>E0381>E0387
E0333,Shanthi Gears Ltd,19,0.260702,2,natural_person,E0228,M.A.ALAGAPPAN,Shanthi Gears Ltd <-[70.46%]- Tube Investments of India Ltd <-[0.37%]- M.A.ALAGAPPAN,E0333>E0381>E0228
E0333,Shanthi Gears Ltd,20,0.253656,2,no_recorded_owner,E0190,Lakshmi Ramaswamy Family Trust,Shanthi Gears Ltd <-[70.46%]- Tube Investments of India Ltd <-[0.36%]- Lakshmi Ramaswamy Family Trust,E0333>E0381>E0190
E0333,Shanthi Gears Ltd,21,0.24661,2,natural_person,E0388,V NARAYANAN,Shanthi Gears Ltd <-[70.46%]- Tube Investments of India Ltd <-[0.35%]- V NARAYANAN,E0333>E0381>E0388
E0333,Shanthi Gears Ltd,22,0.21138,2,natural_person,E0005,A VENKATACHALAM,Shanthi Gears Ltd <-[70.46%]- Tube Investments of India Ltd <-[0.30%]- A VENKATACHALAM,E0333>E0381>E0005
E0333,Shanthi Gears Ltd,23,0.204334,2,natural_person,E0188,LAKSHMI CHOCKALINGAM,Shanthi Gears Ltd <-[70.46%]- Tube Investments of India Ltd <-[0.29%]- LAKSHMI CHOCKALINGAM,E0333>E0381>E0188
E0333,Shanthi Gears Ltd,24,0.204334,2,no_recorded_owner,E0331,Shambho Trust,Shanthi Gears Ltd <-[70.46%]- Tube Investments of India Ltd <-[0.29%]- Shambho Trust,E0333>E0381>E0331
E0333,Shanthi Gears Ltd,25,0.197288,2,no_recorded_owner,E0210,M A MURUGAPPAN HOLDINGS LLP,Shanthi Gears Ltd <-[70.46%]- Tube Investments of India Ltd <-[0.28%]- M A MURUGAPPAN HOLDINGS LLP,E0333>E0381>E0210
E0333,Shanthi Gears Ltd,26,0.197288,2,no_recorded_owner,E0321,Saraswathi Trust,Shanthi Gears Ltd <-[70.46%]- Tube Investments of India Ltd <-[0.28%]- Saraswathi Trust,E0333>E0381>E0321
E0333,Shanthi Gears Ltd,27,0.183196,2,no_recorded_owner,E0236,Meenakshi Murugappan Family Trust,Shanthi Gears Ltd <-[70.46%]- Tube Investments of India Ltd <-[0.26%]- Meenakshi Murugappan Family Trust,E0333>E0381>E0236
E0333,Shanthi Gears Ltd,28,0.17615,2,no_recorded_owner,E0216,M M Muthiah Family Trust,Shanthi Gears Ltd <-[70.46%]- Tube Investments of India Ltd <-[0.25%]- M M Muthiah Family Trust,E0333>E0381>E0216
E0333,Shanthi Gears Ltd,29,0.169104,2,no_recorded_owner,E0218,M M Veerappan Family Trust,Shanthi Gears Ltd <-[70.46%]- Tube Investments of India Ltd <-[0.24%]- M M Veerappan Family Trust,E0333>E0381>E0218
E0333,Shanthi Gears Ltd,30,0.169104,2,no_recorded_owner,E0221,M V Muthiah Family Trust,Shanthi Gears Ltd <-[70.46%]- Tube Investments of India Ltd <-[0.24%]- M V Muthiah Family Trust,E0333>E0381>E0221
E0333,Shanthi Gears Ltd,31,0.169104,2,no_recorded_owner,E0226,M V Subramanian Family Trust,Shanthi Gears Ltd <-[70.46%]- Tube Investments of India Ltd <-[0.24%]- M V Subramanian Family Trust,E0333>E0381>E0226
E0333,Shanthi Gears Ltd,32,0.162058,2,natural_person,E0037,ARUN VENKATACHALAM,Shanthi Gears Ltd <-[70.46%]- Tube Investments of India Ltd <-[0.23%]- ARUN VENKATACHALAM,E0333>E0381>E0037
E0333,Shanthi Gears Ltd,33,0.162058,2,no_recorded_owner,E0206,M A ALAGAPPAN HOLDINGS PRIVATE LIMITED,Shanthi Gears Ltd <-[70.46%]- Tube Investments of India Ltd <-[0.23%]- M A ALAGAPPAN HOLDINGS PRIVATE LIMITED,E0333>E0381>E0206
E0333,Shanthi Gears Ltd,34,0.14092,2,no_recorded_owner,E0031,AR LAKSHMI ACHI TRUST,Shanthi Gears Ltd <-[70.46%]- Tube Investments of India Ltd <-[0.20%]- AR LAKSHMI ACHI TRUST,E0333>E0381>E0031
E0333,Shanthi Gears Ltd,35,0.14092,2,no_recorded_owner,E0220,M M Venkatachalam Family Trust,Shanthi Gears Ltd <-[70.46%]- Tube Investments of India Ltd <-[0.20%]- M M Venkatachalam Family Trust,E0333>E0381>E0220
E0333,Shanthi Gears Ltd,36,0.133874,2,natural_person,E0237,MEYYAMMAI VENKATACHALAM,Shanthi Gears Ltd <-[70.46%]- Tube Investments of India Ltd <-[0.19%]- MEYYAMMAI VENKATACHALAM,E0333>E0381>E0237
E0333,Shanthi Gears Ltd,37,0.133874,2,natural_person,E0393,VALLI ANNAMALAI,Shanthi Gears Ltd <-[70.46%]- Tube Investments of India Ltd <-[0.19%]- VALLI ANNAMALAI,E0333>E0381>E0393
E0333,Shanthi Gears Ltd,38,0.126828,2,natural_person,E0215,M M MURUGAPPAN HUF,Shanthi Gears Ltd <-[70.46%]- Tube Investments of India Ltd <-[0.18%]- M M MURUGAPPAN HUF,E0333>E0381>E0215
E0333,Shanthi Gears Ltd,39,0.119782,2,no_recorded_owner,E0192,Lakshmi Venkatachalam Family Trust,Shanthi Gears Ltd <-[70.46%]- Tube Investments of India Ltd <-[0.17%]- Lakshmi Venkatachalam Family Trust,E0333>E0381>E0192
E0333,Shanthi Gears Ltd,40,0.119782,2,natural_person,E0304,R.MUTHATHA,Shanthi Gears Ltd <-[70.46%]- Tube Investments of India Ltd <-[0.17%]- R.MUTHATHA,E0333>E0381>E0304
E0333,Shanthi Gears Ltd,41,0.10569,2,no_recorded_owner,E0229,M.M.MUTHIAH RESEARCH FOUNDATION,Shanthi Gears Ltd <-[70.46%]- Tube Investments of India Ltd <-[0.15%]- M.M.MUTHIAH RESEARCH FOUNDATION,E0333>E0381>E0229
E0333,Shanthi Gears Ltd,42,0.098644,2,natural_person,E0217,M M Muthiah HUF,Shanthi Gears Ltd <-[70.46%]- Tube Investments of India Ltd <-[0.14%]- M M Muthiah HUF,E0333>E0381>E0217
E0333,Shanthi Gears Ltd,43,0.084552,2,natural_person,E0336,SIGAPI ARUNACHALAM,Shanthi Gears Ltd <-[70.46%]- Tube Investments of India Ltd <-[0.12%]- SIGAPI ARUNACHALAM,E0333>E0381>E0336
E0333,Shanthi Gears Ltd,44,0.077506,2,no_recorded_owner,E0035,Arun Murugappan Children's Trust,Shanthi Gears Ltd <-[70.46%]- Tube Investments of India Ltd <-[0.11%]- Arun Murugappan Children's Trust,E0333>E0381>E0035
E0333,Shanthi Gears Ltd,45,0.077506,2,no_recorded_owner,E0205,M A Alagappan Grand Children Trust,Shanthi Gears Ltd <-[70.46%]- Tube Investments of India Ltd <-[0.11%]- M A Alagappan Grand Children Trust,E0333>E0381>E0205
E0333,Shanthi Gears Ltd,46,0.077506,2,no_recorded_owner,E0249,Murugappan Arunachalam Children Trust,Shanthi Gears Ltd <-[70.46%]- Tube Investments of India Ltd <-[0.11%]- Murugappan Arunachalam Children Trust,E0333>E0381>E0249
E0333,Shanthi Gears Ltd,47,0.07046,2,no_recorded_owner,E0214,M M Murugappan Family Trust,Shanthi Gears Ltd <-[70.46%]- Tube Investments of India Ltd <-[0.10%]- M M Murugappan Family Trust,E0333>E0381>E0214
E0333,Shanthi Gears Ltd,48,0.063414,2,natural_person,E0213,M M MURUGAPPAN,Shanthi Gears Ltd <-[70.46%]- Tube Investments of India Ltd <-[0.09%]- M M MURUGAPPAN,E0333>E0381>E0213
E0333,Shanthi Gears Ltd,49,0.063414,2,natural_person,E0225,M V SUBBIAH HUF,Shanthi Gears Ltd <-[70.46%]- Tube Investments of India Ltd <-[0.09%]- M V SUBBIAH HUF,E0333>E0381>E0225
E0333,Shanthi Gears Ltd,50,0.056368,2,natural_person,E0211,M A Murugappan HUF,Shanthi Gears Ltd <-[70.46%]- Tube Investments of India Ltd <-[0.08%]- M A Murugappan HUF,E0333>E0381>E0211
E0333,Shanthi Gears Ltd,51,0.049322,2,natural_person,E0207,M A ALAGAPPAN HUF,Shanthi Gears Ltd <-[70.46%]- Tube Investments of India Ltd <-[0.07%]- M A ALAGAPPAN HUF,E0333>E0381>E0207
E0333,Shanthi Gears Ltd,52,0.049322,2,natural_person,E0224,M V SUBBIAH,Shanthi Gears Ltd <-[70.46%]- Tube Investments of India Ltd <-[0.07%]- M V SUBBIAH,E0333>E0381>E0224
E0333,Shanthi Gears Ltd,53,0.028184,2,natural_person,E0003,A M MEYYAMMAI,Shanthi Gears Ltd <-[70.46%]- Tube Investments of India Ltd <-[0.04%]- A M MEYYAMMAI,E0333>E0381>E0003
E0333,Shanthi Gears Ltd,54,0.014092,2,no_recorded_owner,E0002,A M M VELLAYAN SONS P LTD,Shanthi Gears Ltd <-[70.46%]- Tube Investments of India Ltd <-[0.02%]- A M M VELLAYAN SONS P LTD,E0333>E0381>E0002
E0333,Shanthi Gears Ltd,55,0.014092,2,natural_person,E0222,M V SEETHA SUBBIAH,Shanthi Gears Ltd <-[70.46%]- Tube Investments of India Ltd <-[0.02%]- M V SEETHA SUBBIAH,E0333>E0381>E0222
E0333,Shanthi Gears Ltd,56,0.01,1,no_recorded_owner,E0023,AMBADI INVESTMENTS LIMITED,Shanthi Gears Ltd <-[0.01%]- AMBADI INVESTMENTS LIMITED,E0333>E0023
E0350,Tata Capital Ltd,1,78.8,1,no_recorded_owner,E0365,Tata Sons Private Limited,Tata Capital Ltd <-[78.80%]- Tata Sons Private Limited,E0350>E0365
E0350,Tata Capital Ltd,2,4.39,1,no_recorded_owner,E0376,Tmf Holdings Limited,Tata Capital Ltd <-[4.39%]- Tmf Holdings Limited,E0350>E0376
E0350,Tata Capital Ltd,3,1.335945,2,no_recorded_owner,E0365,Tata Sons Private Limited,Tata Capital Ltd <-[1.95%]- Tata Investment Corporation Ltd <-[68.51%]- Tata Sons Private Limited,E0350>E0360>E0365
E0350,Tata Capital Ltd,4,0.04014,2,no_recorded_owner,E0365,Tata Sons Private Limited,Tata Capital Ltd <-[0.10%]- Tata Motors Ltd <-[40.14%]- Tata Sons Private Limited,E0350>E0361>E0365
E0350,Tata Capital Ltd,5,0.031005,2,no_recorded_owner,E0112,Ewart Investments Limited,Tata Capital Ltd <-[1.95%]- Tata Investment Corporation Ltd <-[1.59%]- Ewart Investments Limited,E0350>E0360>E0112
E0350,Tata Capital Ltd,6,0.02552,2,no_recorded_owner,E0365,Tata Sons Private Limited,Tata Capital Ltd <-[0.08%]- Tata Chemicals Ltd <-[31.90%]- Tata Sons Private Limited,E0350>E0351>E0365
E0350,Tata Capital Ltd,7,0.022605,2,no_recorded_owner,E0365,Tata Sons Private Limited,Tata Capital Ltd <-[0.05%]- Tata Power Company Ltd <-[45.21%]- Tata Sons Private Limited,E0350>E0363>E0365
E0350,Tata Capital Ltd,8,0.02,1,no_recorded_owner,E0359,Tata International Limited,Tata Capital Ltd <-[0.02%]- Tata International Limited,E0350>E0359
E0350,Tata Capital Ltd,9,0.016965,2,below_threshold,E0351,Tata Chemicals Ltd,Tata Capital Ltd <-[1.95%]- Tata Investment Corporation Ltd <-[0.87%]- Tata Chemicals Ltd,E0350>E0360>E0351
E0350,Tata Capital Ltd,10,0.013841,3,no_recorded_owner,E0365,Tata Sons Private Limited,Tata Capital Ltd <-[1.95%]- Tata Investment Corporation Ltd <-[1.57%]- Tata Power Company Ltd <-[45.21%]- Tata Sons Private Limited,E0350>E0360>E0363>E0365
E0350,Tata Capital Ltd,11,0.01,1,below_threshold,E0354,Tata Consumer Products Ltd,Tata Capital Ltd <-[0.01%]- Tata Consumer Products Ltd,E0350>E0354
E0351,Tata Chemicals Ltd,1,31.9,1,no_recorded_owner,E0365,Tata Sons Private Limited,Tata Chemicals Ltd <-[31.90%]- Tata Sons Private Limited,E0351>E0365
E0351,Tata Chemicals Ltd,2,9.24,1,no_recorded_owner,E0202,Life Insurance Corporation Of India - P & Gs Fund,Tata Chemicals Ltd <-[9.24%]- Life Insurance Corporation Of India - P & Gs Fund,E0351>E0202
E0351,Tata Chemicals Ltd,3,4.090047,2,no_recorded_owner,E0365,Tata Sons Private Limited,Tata Chemicals Ltd <-[5.97%]- Tata Investment Corporation Ltd <-[68.51%]- Tata Sons Private Limited,E0351>E0360>E0365
E0351,Tata Chemicals Ltd,4,4.03,1,no_recorded_owner,E0152,Icici Prudential Value Fund,Tata Chemicals Ltd <-[4.03%]- Icici Prudential Value Fund,E0351>E0152
E0351,Tata Chemicals Ltd,5,2.71,1,no_recorded_owner,E0175,Kotak Flexicap Fund,Tata Chemicals Ltd <-[2.71%]- Kotak Flexicap Fund,E0351>E0175
E0351,Tata Chemicals Ltd,6,1.36,1,no_recorded_owner,E0008,"Acacia Partners, Lp","Tata Chemicals Ltd <-[1.36%]- Acacia Partners, Lp",E0351>E0008
E0351,Tata Chemicals Ltd,7,0.094923,2,no_recorded_owner,E0112,Ewart Investments Limited,Tata Chemicals Ltd <-[5.97%]- Tata Investment Corporation Ltd <-[1.59%]- Ewart Investments Limited,E0351>E0360>E0112
E0351,Tata Chemicals Ltd,8,0.051939,2,circular,E0351,Tata Chemicals Ltd,Tata Chemicals Ltd <-[5.97%]- Tata Investment Corporation Ltd <-[0.87%]- Tata Chemicals Ltd,E0351>E0360>E0351
E0351,Tata Chemicals Ltd,9,0.042375,3,no_recorded_owner,E0365,Tata Sons Private Limited,Tata Chemicals Ltd <-[5.97%]- Tata Investment Corporation Ltd <-[1.57%]- Tata Power Company Ltd <-[45.21%]- Tata Sons Private Limited,E0351>E0360>E0363>E0365
E0351,Tata Chemicals Ltd,10,0.03,1,no_recorded_owner,E0358,Tata Industries Limited,Tata Chemicals Ltd <-[0.03%]- Tata Industries Limited,E0351>E0358
E0351,Tata Chemicals Ltd,11,0.026865,2,below_threshold,E0366,Tata Steel Ltd,Tata Chemicals Ltd <-[5.97%]- Tata Investment Corporation Ltd <-[0.45%]- Tata Steel Ltd,E0351>E0360>E0366
E0351,Tata Chemicals Ltd,12,0.021312,2,no_recorded_owner,E0365,Tata Sons Private Limited,Tata Chemicals Ltd <-[0.08%]- Voltas Ltd <-[26.64%]- Tata Sons Private Limited,E0351>E0404>E0365
E0351,Tata Chemicals Ltd,13,0.017313,2,below_threshold,E0354,Tata Consumer Products Ltd,Tata Chemicals Ltd <-[5.97%]- Tata Investment Corporation Ltd <-[0.29%]- Tata Consumer Products Ltd,E0351>E0360>E0354
E0352,Tata Communications Ltd,1,44.79,1,no_recorded_owner,E0281,Panatone Finvest Limited,Tata Communications Ltd <-[44.79%]- Panatone Finvest Limited,E0352>E0281
E0352,Tata Communications Ltd,2,14.07,1,no_recorded_owner,E0365,Tata Sons Private Limited,Tata Communications Ltd <-[14.07%]- Tata Sons Private Limited,E0352>E0365
E0352,Tata Communications Ltd,3,4.94,1,no_recorded_owner,E0134,HDFC MUTUAL FUND - HDFC MID-CAP FUND,Tata Communications Ltd <-[4.94%]- HDFC MUTUAL FUND - HDFC MID-CAP FUND,E0352>E0134
E0352,Tata Communications Ltd,4,4.19,1,no_recorded_owner,E0238,Mirae Asset Large & Midcap Fund,Tata Communications Ltd <-[4.19%]- Mirae Asset Large & Midcap Fund,E0352>E0238
E0352,Tata Communications Ltd,5,1.81,1,no_recorded_owner,E0301,Quant Mutual Fund - Quant Mid Cap Fund,Tata Communications Ltd <-[1.81%]- Quant Mutual Fund - Quant Mid Cap Fund,E0352>E0301
E0352,Tata Communications Ltd,6,1.58,1,natural_person,E0314,Rekha Jhunjhunwala,Tata Communications Ltd <-[1.58%]- Rekha Jhunjhunwala,E0352>E0314
E0352,Tata Communications Ltd,7,1.47,1,no_recorded_owner,E0124,GOVERNMENT PENSION FUND GLOBAL,Tata Communications Ltd <-[1.47%]- GOVERNMENT PENSION FUND GLOBAL,E0352>E0124
E0352,Tata Communications Ltd,8,1.03,1,no_recorded_owner,E0144,ICICI Prudential India Opportunities Fund,Tata Communications Ltd <-[1.03%]- ICICI Prudential India Opportunities Fund,E0352>E0144
E0353,Tata Consultancy Services Ltd,1,71.74,1,no_recorded_owner,E0365,Tata Sons Private Limited,Tata Consultancy Services Ltd <-[71.74%]- Tata Sons Private Limited,E0353>E0365
E0353,Tata Consultancy Services Ltd,2,5.52,1,no_recorded_owner,E0198,LIC of India,Tata Consultancy Services Ltd <-[5.52%]- LIC of India,E0353>E0198
E0353,Tata Consultancy Services Ltd,3,1.31,1,no_recorded_owner,E0328,Sbi Nifty 50 Etf,Tata Consultancy Services Ltd <-[1.31%]- Sbi Nifty 50 Etf,E0353>E0328
E0353,Tata Consultancy Services Ltd,4,1.06,1,no_recorded_owner,E0152,Icici Prudential Value Fund,Tata Consultancy Services Ltd <-[1.06%]- Icici Prudential Value Fund,E0353>E0152
E0353,Tata Consultancy Services Ltd,5,0.020553,2,no_recorded_owner,E0365,Tata Sons Private Limited,Tata Consultancy Services Ltd <-[0.03%]- Tata Investment Corporation Ltd <-[68.51%]- Tata Sons Private Limited,E0353>E0360>E0365
E0354,Tata Consumer Products Ltd,1,28.68,1,no_recorded_owner,E0365,Tata Sons Private Limited,Tata Consumer Products Ltd <-[28.68%]- Tata Sons Private Limited,E0354>E0365
E0354,Tata Consumer Products Ltd,2,8.23,1,no_recorded_owner,E0201,Life Insurance Corporation Of India,Tata Consumer Products Ltd <-[8.23%]- Life Insurance Corporation Of India,E0354>E0201
E0354,Tata Consumer Products Ltd,3,3.185715,2,no_recorded_owner,E0365,Tata Sons Private Limited,Tata Consumer Products Ltd <-[4.65%]- Tata Investment Corporation Ltd <-[68.51%]- Tata Sons Private Limited,E0354>E0360>E0365
E0354,Tata Consumer Products Ltd,4,2.41,1,no_recorded_owner,E0267,Nps Trust A/C Uti Pension Fund Limited-Scheme State Govt,Tata Consumer Products Ltd <-[2.41%]- Nps Trust A/C Uti Pension Fund Limited-Scheme State Govt,E0354>E0267
E0354,Tata Consumer Products Ltd,5,1.69,1,no_recorded_owner,E0328,Sbi Nifty 50 Etf,Tata Consumer Products Ltd <-[1.69%]- Sbi Nifty 50 Etf,E0354>E0328
E0354,Tata Consumer Products Ltd,6,1.61,1,no_recorded_owner,E0262,Nippon Life India Trustee Ltd-A/C Nippon India Small Cap Fund,Tata Consumer Products Ltd <-[1.61%]- Nippon Life India Trustee Ltd-A/C Nippon India Small Cap Fund,E0354>E0262
E0354,Tata Consumer Products Ltd,7,1.43,1,no_recorded_owner,E0325,SBI Life Insurance Co. Ltd,Tata Consumer Products Ltd <-[1.43%]- SBI Life Insurance Co. Ltd,E0354>E0325
E0354,Tata Consumer Products Ltd,8,0.39,1,no_recorded_owner,E0112,Ewart Investments Limited,Tata Consumer Products Ltd <-[0.39%]- Ewart Investments Limited,E0354>E0112
E0354,Tata Consumer Products Ltd,9,0.09,1,no_recorded_owner,E0358,Tata Industries Limited,Tata Consumer Products Ltd <-[0.09%]- Tata Industries Limited,E0354>E0358
E0354,Tata Consumer Products Ltd,10,0.073935,2,no_recorded_owner,E0112,Ewart Investments Limited,Tata Consumer Products Ltd <-[4.65%]- Tata Investment Corporation Ltd <-[1.59%]- Ewart Investments Limited,E0354>E0360>E0112
E0354,Tata Consumer Products Ltd,11,0.033006,3,no_recorded_owner,E0365,Tata Sons Private Limited,Tata Consumer Products Ltd <-[4.65%]- Tata Investment Corporation Ltd <-[1.57%]- Tata Power Company Ltd <-[45.21%]- Tata Sons Private Limited,E0354>E0360>E0363>E0365
E0354,Tata Consumer Products Ltd,12,0.020925,2,below_threshold,E0366,Tata Steel Ltd,Tata Consumer Products Ltd <-[4.65%]- Tata Investment Corporation Ltd <-[0.45%]- Tata Steel Ltd,E0354>E0360>E0366
E0354,Tata Consumer Products Ltd,13,0.02,1,below_threshold,E0404,Voltas Ltd,Tata Consumer Products Ltd <-[0.02%]- Voltas Ltd,E0354>E0404
E0354,Tata Consumer Products Ltd,14,0.013485,2,circular,E0354,Tata Consumer Products Ltd,Tata Consumer Products Ltd <-[4.65%]- Tata Investment Corporation Ltd <-[0.29%]- Tata Consumer Products Ltd,E0354>E0360>E0354
E0354,Tata Consumer Products Ltd,15,0.012905,3,no_recorded_owner,E0365,Tata Sons Private Limited,Tata Consumer Products Ltd <-[4.65%]- Tata Investment Corporation Ltd <-[0.87%]- Tata Chemicals Ltd <-[31.90%]- Tata Sons Private Limited,E0354>E0360>E0351>E0365
E0355,Tata Elxsi Ltd,1,42.21,1,no_recorded_owner,E0365,Tata Sons Private Limited,Tata Elxsi Ltd <-[42.21%]- Tata Sons Private Limited,E0355>E0365
E0355,Tata Elxsi Ltd,2,6.59,1,no_recorded_owner,E0201,Life Insurance Corporation Of India,Tata Elxsi Ltd <-[6.59%]- Life Insurance Corporation Of India,E0355>E0201
E0355,Tata Elxsi Ltd,3,1.22,1,no_recorded_owner,E0118,General Insurance Corporation Of India,Tata Elxsi Ltd <-[1.22%]- General Insurance Corporation Of India,E0355>E0118
E0355,Tata Elxsi Ltd,4,1.157819,2,no_recorded_owner,E0365,Tata Sons Private Limited,Tata Elxsi Ltd <-[1.69%]- Tata Investment Corporation Ltd <-[68.51%]- Tata Sons Private Limited,E0355>E0360>E0365
E0355,Tata Elxsi Ltd,5,0.026871,2,no_recorded_owner,E0112,Ewart Investments Limited,Tata Elxsi Ltd <-[1.69%]- Tata Investment Corporation Ltd <-[1.59%]- Ewart Investments Limited,E0355>E0360>E0112
E0355,Tata Elxsi Ltd,6,0.014703,2,below_threshold,E0351,Tata Chemicals Ltd,Tata Elxsi Ltd <-[1.69%]- Tata Investment Corporation Ltd <-[0.87%]- Tata Chemicals Ltd,E0355>E0360>E0351
E0355,Tata Elxsi Ltd,7,0.011996,3,no_recorded_owner,E0365,Tata Sons Private Limited,Tata Elxsi Ltd <-[1.69%]- Tata Investment Corporation Ltd <-[1.57%]- Tata Power Company Ltd <-[45.21%]- Tata Sons Private Limited,E0355>E0360>E0363>E0365
E0360,Tata Investment Corporation Ltd,1,68.51,1,no_recorded_owner,E0365,Tata Sons Private Limited,Tata Investment Corporation Ltd <-[68.51%]- Tata Sons Private Limited,E0360>E0365
E0360,Tata Investment Corporation Ltd,2,1.59,1,no_recorded_owner,E0112,Ewart Investments Limited,Tata Investment Corporation Ltd <-[1.59%]- Ewart Investments Limited,E0360>E0112
E0360,Tata Investment Corporation Ltd,3,0.709797,2,no_recorded_owner,E0365,Tata Sons Private Limited,Tata Investment Corporation Ltd <-[1.57%]- Tata Power Company Ltd <-[45.21%]- Tata Sons Private Limited,E0360>E0363>E0365
E0360,Tata Investment Corporation Ltd,4,0.27753,2,no_recorded_owner,E0365,Tata Sons Private Limited,Tata Investment Corporation Ltd <-[0.87%]- Tata Chemicals Ltd <-[31.90%]- Tata Sons Private Limited,E0360>E0351>E0365
E0360,Tata Investment Corporation Ltd,5,0.14292,2,no_recorded_owner,E0365,Tata Sons Private Limited,Tata Investment Corporation Ltd <-[0.45%]- Tata Steel Ltd <-[31.76%]- Tata Sons Private Limited,E0360>E0366>E0365
E0360,Tata Investment Corporation Ltd,6,0.083172,2,no_recorded_owner,E0365,Tata Sons Private Limited,Tata Investment Corporation Ltd <-[0.29%]- Tata Consumer Products Ltd <-[28.68%]- Tata Sons Private Limited,E0360>E0354>E0365
E0360,Tata Investment Corporation Ltd,7,0.080388,2,no_recorded_owner,E0202,Life Insurance Corporation Of India - P & Gs Fund,Tata Investment Corporation Ltd <-[0.87%]- Tata Chemicals Ltd <-[9.24%]- Life Insurance Corporation Of India - P & Gs Fund,E0360>E0351>E0202
E0360,Tata Investment Corporation Ltd,8,0.077401,2,no_recorded_owner,E0201,Life Insurance Corporation Of India,Tata Investment Corporation Ltd <-[1.57%]- Tata Power Company Ltd <-[4.93%]- Life Insurance Corporation Of India,E0360>E0363>E0201
E0360,Tata Investment Corporation Ltd,9,0.051939,2,circular,E0360,Tata Investment Corporation Ltd,Tata Investment Corporation Ltd <-[0.87%]- Tata Chemicals Ltd <-[5.97%]- Tata Investment Corporation Ltd,E0360>E0351>E0360
E0360,Tata Investment Corporation Ltd,10,0.035061,2,no_recorded_owner,E0152,Icici Prudential Value Fund,Tata Investment Corporation Ltd <-[0.87%]- Tata Chemicals Ltd <-[4.03%]- Icici Prudential Value Fund,E0360>E0351>E0152
E0360,Tata Investment Corporation Ltd,11,0.032813,2,no_recorded_owner,E0259,Nippon Life India Trustee Ltd-A/C Nippon India Large Cap Fund,Tata Investment Corporation Ltd <-[1.57%]- Tata Power Company Ltd <-[2.09%]- Nippon Life India Trustee Ltd-A/C Nippon India Large Cap Fund,E0360>E0363>E0259
E0360,Tata Investment Corporation Ltd,12,0.03,1,no_recorded_owner,E0252,Nahar Retail Trading Services Limited,Tata Investment Corporation Ltd <-[0.03%]- Nahar Retail Trading Services Limited,E0360>E0252
E0360,Tata Investment Corporation Ltd,13,0.028665,2,no_recorded_owner,E0201,Life Insurance Corporation Of India,Tata Investment Corporation Ltd <-[0.45%]- Tata Steel Ltd <-[6.37%]- Life Insurance Corporation Of India,E0360>E0366>E0201
E0360,Tata Investment Corporation Ltd,14,0.023867,2,no_recorded_owner,E0201,Life Insurance Corporation Of India,Tata Investment Corporation Ltd <-[0.29%]- Tata Consumer Products Ltd <-[8.23%]- Life Insurance Corporation Of India,E0360>E0354>E0201
E0360,Tata Investment Corporation Ltd,15,0.023577,2,no_recorded_owner,E0175,Kotak Flexicap Fund,Tata Investment Corporation Ltd <-[0.87%]- Tata Chemicals Ltd <-[2.71%]- Kotak Flexicap Fund,E0360>E0351>E0175
E0360,Tata Investment Corporation Ltd,16,0.022765,2,no_recorded_owner,E0265,NPS TRUST A/C,Tata Investment Corporation Ltd <-[1.57%]- Tata Power Company Ltd <-[1.45%]- NPS TRUST A/C,E0360>E0363>E0265
E0360,Tata Investment Corporation Ltd,17,0.01947,2,no_recorded_owner,E0365,Tata Sons Private Limited,Tata Investment Corporation Ltd <-[0.06%]- Trent Ltd <-[32.45%]- Tata Sons Private Limited,E0360>E0378>E0365
E0360,Tata Investment Corporation Ltd,18,0.019154,2,below_threshold,E0366,Tata Steel Ltd,Tata Investment Corporation Ltd <-[1.57%]- Tata Power Company Ltd <-[1.22%]- Tata Steel Ltd,E0360>E0363>E0366
E0360,Tata Investment Corporation Ltd,19,0.01791,2,no_recorded_owner,E0328,Sbi Nifty 50 Etf,Tata Investment Corporation Ltd <-[0.45%]- Tata Steel Ltd <-[3.98%]- Sbi Nifty 50 Etf,E0360>E0366>E0328
E0360,Tata Investment Corporation Ltd,20,0.01727,2,no_recorded_owner,E0114,Franklin India Flexi Cap Fund,Tata Investment Corporation Ltd <-[1.57%]- Tata Power Company Ltd <-[1.10%]- Franklin India Flexi Cap Fund,E0360>E0363>E0114
E0360,Tata Investment Corporation Ltd,21,0.013485,2,circular,E0360,Tata Investment Corporation Ltd,Tata Investment Corporation Ltd <-[0.29%]- Tata Consumer Products Ltd <-[4.65%]- Tata Investment Corporation Ltd,E0360>E0354>E0360
E0360,Tata Investment Corporation Ltd,22,0.011832,2,no_recorded_owner,E0008,"Acacia Partners, Lp","Tata Investment Corporation Ltd <-[0.87%]- Tata Chemicals Ltd <-[1.36%]- Acacia Partners, Lp",E0360>E0351>E0008
E0360,Tata Investment Corporation Ltd,23,0.010395,2,no_recorded_owner,E0152,Icici Prudential Value Fund,Tata Investment Corporation Ltd <-[0.45%]- Tata Steel Ltd <-[2.31%]- Icici Prudential Value Fund,E0360>E0366>E0152
E0361,Tata Motors Ltd,1,40.14,1,no_recorded_owner,E0365,Tata Sons Private Limited,Tata Motors Ltd <-[40.14%]- Tata Sons Private Limited,E0361>E0365
E0361,Tata Motors Ltd,2,4.29,1,no_recorded_owner,E0201,Life Insurance Corporation Of India,Tata Motors Ltd <-[4.29%]- Life Insurance Corporation Of India,E0361>E0201
E0361,Tata Motors Ltd,3,3.57,1,no_recorded_owner,E0152,Icici Prudential Value Fund,Tata Motors Ltd <-[3.57%]- Icici Prudential Value Fund,E0361>E0152
E0361,Tata Motors Ltd,4,2.76,1,no_recorded_owner,E0324,SBI Large Cap Fund,Tata Motors Ltd <-[2.76%]- SBI Large Cap Fund,E0361>E0324
E0361,Tata Motors Ltd,5,1.96,1,no_recorded_owner,E0358,Tata Industries Limited,Tata Motors Ltd <-[1.96%]- Tata Industries Limited,E0361>E0358
E0361,Tata Motors Ltd,6,1.32,1,natural_person,E0314,Rekha Jhunjhunwala,Tata Motors Ltd <-[1.32%]- Rekha Jhunjhunwala,E0361>E0314
E0361,Tata Motors Ltd,7,1.25,1,no_recorded_owner,E0137,HDFC Trustee Company Ltd./HDFC Large Cap Fund,Tata Motors Ltd <-[1.25%]- HDFC Trustee Company Ltd./HDFC Large Cap Fund,E0361>E0137
E0361,Tata Motors Ltd,8,1.02,1,no_recorded_owner,E0123,Governement of Singapore,Tata Motors Ltd <-[1.02%]- Governement of Singapore,E0361>E0123
E0361,Tata Motors Ltd,9,0.20553,2,no_recorded_owner,E0365,Tata Sons Private Limited,Tata Motors Ltd <-[0.30%]- Tata Investment Corporation Ltd <-[68.51%]- Tata Sons Private Limited,E0361>E0360>E0365
E0361,Tata Motors Ltd,10,0.09,1,no_recorded_owner,E0112,Ewart Investments Limited,Tata Motors Ltd <-[0.09%]- Ewart Investments Limited,E0361>E0112
E0361,Tata Motors Ltd,11,0.01595,2,no_recorded_owner,E0365,Tata Sons Private Limited,Tata Motors Ltd <-[0.05%]- Tata Chemicals Ltd <-[31.90%]- Tata Sons Private Limited,E0361>E0351>E0365
E0361,Tata Motors Ltd,12,0.01,1,below_threshold,E0363,Tata Power Company Ltd,Tata Motors Ltd <-[0.01%]- Tata Power Company Ltd,E0361>E0363
E0362,Tata Motors Passenger Vehicles Ltd,1,40.14,1,no_recorded_owner,E0365,Tata Sons Private Limited,Tata Motors Passenger Vehicles Ltd <-[40.14%]- Tata Sons Private Limited,E0362>E0365
E0362,Tata Motors Passenger Vehicles Ltd,2,4.75,1,no_recorded_owner,E0201,Life Insurance Corporation Of India,Tata Motors Passenger Vehicles Ltd <-[4.75%]- Life Insurance Corporation Of India,E0362>E0201
E0362,Tata Motors Passenger Vehicles Ltd,3,2.86,1,no_recorded_owner,E0152,Icici Prudential Value Fund,Tata Motors Passenger Vehicles Ltd <-[2.86%]- Icici Prudential Value Fund,E0362>E0152
E0362,Tata Motors Passenger Vehicles Ltd,4,2.27,1,no_recorded_owner,E0328,Sbi Nifty 50 Etf,Tata Motors Passenger Vehicles Ltd <-[2.27%]- Sbi Nifty 50 Etf,E0362>E0328
E0362,Tata Motors Passenger Vehicles Ltd,5,1.96,1,no_recorded_owner,E0358,Tata Industries Limited,Tata Motors Passenger Vehicles Ltd <-[1.96%]- Tata Industries Limited,E0362>E0358
E0362,Tata Motors Passenger Vehicles Ltd,6,1.33,1,natural_person,E0314,Rekha Jhunjhunwala,Tata Motors Passenger Vehicles Ltd <-[1.33%]- Rekha Jhunjhunwala,E0362>E0314
E0362,Tata Motors Passenger Vehicles Ltd,7,0.20553,2,no_recorded_owner,E0365,Tata Sons Private Limited,Tata Motors Passenger Vehicles Ltd <-[0.30%]- Tata Investment Corporation Ltd <-[68.51%]- Tata Sons Private Limited,E0362>E0360>E0365
E0362,Tata Motors Passenger Vehicles Ltd,8,0.09,1,no_recorded_owner,E0112,Ewart Investments Limited,Tata Motors Passenger Vehicles Ltd <-[0.09%]- Ewart Investments Limited,E0362>E0112
E0362,Tata Motors Passenger Vehicles Ltd,9,0.01,1,below_threshold,E0363,Tata Power Company Ltd,Tata Motors Passenger Vehicles Ltd <-[0.01%]- Tata Power Company Ltd,E0362>E0363
E0363,Tata Power Company Ltd,1,45.21,1,no_recorded_owner,E0365,Tata Sons Private Limited,Tata Power Company Ltd <-[45.21%]- Tata Sons Private Limited,E0363>E0365
E0363,Tata Power Company Ltd,2,4.93,1,no_recorded_owner,E0201,Life Insurance Corporation Of India,Tata Power Company Ltd <-[4.93%]- Life Insurance Corporation Of India,E0363>E0201
E0363,Tata Power Company Ltd,3,2.09,1,no_recorded_owner,E0259,Nippon Life India Trustee Ltd-A/C Nippon India Large Cap Fund,Tata Power Company Ltd <-[2.09%]- Nippon Life India Trustee Ltd-A/C Nippon India Large Cap Fund,E0363>E0259
E0363,Tata Power Company Ltd,4,1.45,1,no_recorded_owner,E0265,NPS TRUST A/C,Tata Power Company Ltd <-[1.45%]- NPS TRUST A/C,E0363>E0265
E0363,Tata Power Company Ltd,5,1.1,1,no_recorded_owner,E0114,Franklin India Flexi Cap Fund,Tata Power Company Ltd <-[1.10%]- Franklin India Flexi Cap Fund,E0363>E0114
E0363,Tata Power Company Ltd,6,0.387472,2,no_recorded_owner,E0365,Tata Sons Private Limited,Tata Power Company Ltd <-[1.22%]- Tata Steel Ltd <-[31.76%]- Tata Sons Private Limited,E0363>E0366>E0365
E0363,Tata Power Company Ltd,7,0.143871,2,no_recorded_owner,E0365,Tata Sons Private Limited,Tata Power Company Ltd <-[0.21%]- Tata Investment Corporation Ltd <-[68.51%]- Tata Sons Private Limited,E0363>E0360>E0365
E0363,Tata Power Company Ltd,8,0.14,1,no_recorded_owner,E0358,Tata Industries Limited,Tata Power Company Ltd <-[0.14%]- Tata Industries Limited,E0363>E0358
E0363,Tata Power Company Ltd,9,0.077714,2,no_recorded_owner,E0201,Life Insurance Corporation Of India,Tata Power Company Ltd <-[1.22%]- Tata Steel Ltd <-[6.37%]- Life Insurance Corporation Of India,E0363>E0366>E0201
E0363,Tata Power Company Ltd,10,0.07,1,no_recorded_owner,E0112,Ewart Investments Limited,Tata Power Company Ltd <-[0.07%]- Ewart Investments Limited,E0363>E0112
E0363,Tata Power Company Ltd,11,0.048556,2,no_recorded_owner,E0328,Sbi Nifty 50 Etf,Tata Power Company Ltd <-[1.22%]- Tata Steel Ltd <-[3.98%]- Sbi Nifty 50 Etf,E0363>E0366>E0328
E0363,Tata Power Company Ltd,12,0.028182,2,no_recorded_owner,E0152,Icici Prudential Value Fund,Tata Power Company Ltd <-[1.22%]- Tata Steel Ltd <-[2.31%]- Icici Prudential Value Fund,E0363>E0366>E0152
E0363,Tata Power Company Ltd,13,0.025864,2,no_recorded_owner,E0135,Hdfc Trustee Company Limited -Hdfc Flexi Cap Fund,Tata Power Company Ltd <-[1.22%]- Tata Steel Ltd <-[2.12%]- Hdfc Trustee Company Limited -Hdfc Flexi Cap Fund,E0363>E0366>E0135
E0363,Tata Power Company Ltd,14,0.023058,2,no_recorded_owner,E0269,Nps Trust- A/C Lic Pension Fund Scheme - State Govt,Tata Power Company Ltd <-[1.22%]- Tata Steel Ltd <-[1.89%]- Nps Trust- A/C Lic Pension Fund Scheme - State Govt,E0363>E0366>E0269
E0363,Tata Power Company Ltd,15,0.017812,2,no_recorded_owner,E0385,Uti Nifty 50 Etf,Tata Power Company Ltd <-[1.22%]- Tata Steel Ltd <-[1.46%]- Uti Nifty 50 Etf,E0363>E0366>E0385
E0366,Tata Steel Ltd,1,31.76,1,no_recorded_owner,E0365,Tata Sons Private Limited,Tata Steel Ltd <-[31.76%]- Tata Sons Private Limited,E0366>E0365
E0366,Tata Steel Ltd,2,6.37,1,no_recorded_owner,E0201,Life Insurance Corporation Of India,Tata Steel Ltd <-[6.37%]- Life Insurance Corporation Of India,E0366>E0201
E0366,Tata Steel Ltd,3,3.98,1,no_recorded_owner,E0328,Sbi Nifty 50 Etf,Tata Steel Ltd <-[3.98%]- Sbi Nifty 50 Etf,E0366>E0328
E0366,Tata Steel Ltd,4,2.31,1,no_recorded_owner,E0152,Icici Prudential Value Fund,Tata Steel Ltd <-[2.31%]- Icici Prudential Value Fund,E0366>E0152
E0366,Tata Steel Ltd,5,2.12,1,no_recorded_owner,E0135,Hdfc Trustee Company Limited -Hdfc Flexi Cap Fund,Tata Steel Ltd <-[2.12%]- Hdfc Trustee Company Limited -Hdfc Flexi Cap Fund,E0366>E0135
E0366,Tata Steel Ltd,6,1.89,1,no_recorded_owner,E0269,Nps Trust- A/C Lic Pension Fund Scheme - State Govt,Tata Steel Ltd <-[1.89%]- Nps Trust- A/C Lic Pension Fund Scheme - State Govt,E0366>E0269
E0366,Tata Steel Ltd,7,1.46,1,no_recorded_owner,E0385,Uti Nifty 50 Etf,Tata Steel Ltd <-[1.46%]- Uti Nifty 50 Etf,E0366>E0385
E0366,Tata Steel Ltd,8,0.232934,2,no_recorded_owner,E0365,Tata Sons Private Limited,Tata Steel Ltd <-[0.34%]- Tata Investment Corporation Ltd <-[68.51%]- Tata Sons Private Limited,E0366>E0360>E0365
E0366,Tata Steel Ltd,9,0.18,1,no_recorded_owner,E0112,Ewart Investments Limited,Tata Steel Ltd <-[0.18%]- Ewart Investments Limited,E0366>E0112
E0366,Tata Steel Ltd,10,0.176616,2,no_recorded_owner,E0365,Tata Sons Private Limited,Tata Steel Ltd <-[0.44%]- Tata Motors Passenger Vehicles Ltd <-[40.14%]- Tata Sons Private Limited,E0366>E0362>E0365
E0366,Tata Steel Ltd,11,0.09,1,no_recorded_owner,E0319,Rujuvalika Investments Limited,Tata Steel Ltd <-[0.09%]- Rujuvalika Investments Limited,E0366>E0319
E0366,Tata Steel Ltd,12,0.08,1,no_recorded_owner,E0358,Tata Industries Limited,Tata Steel Ltd <-[0.08%]- Tata Industries Limited,E0366>E0358
E0366,Tata Steel Ltd,13,0.0394,2,no_recorded_owner,E0365,Tata Sons Private Limited,Tata Steel Ltd <-[0.05%]- Tata Capital Ltd <-[78.80%]- Tata Sons Private Limited,E0366>E0350>E0365
E0366,Tata Steel Ltd,14,0.0209,2,no_recorded_owner,E0201,Life Insurance Corporation Of India,Tata Steel Ltd <-[0.44%]- Tata Motors Passenger Vehicles Ltd <-[4.75%]- Life Insurance Corporation Of India,E0366>E0362>E0201
E0366,Tata Steel Ltd,15,0.012584,2,no_recorded_owner,E0152,Icici Prudential Value Fund,Tata Steel Ltd <-[0.44%]- Tata Motors Passenger Vehicles Ltd <-[2.86%]- Icici Prudential Value Fund,E0366>E0362>E0152
E0367,Tata Technologies Ltd,1,21.410676,2,no_recorded_owner,E0365,Tata Sons Private Limited,Tata Technologies Ltd <-[53.34%]- Tata Motors Passenger Vehicles Ltd <-[40.14%]- Tata Sons Private Limited,E0367>E0362>E0365
E0367,Tata Technologies Ltd,2,2.53365,2,no_recorded_owner,E0201,Life Insurance Corporation Of India,Tata Technologies Ltd <-[53.34%]- Tata Motors Passenger Vehicles Ltd <-[4.75%]- Life Insurance Corporation Of India,E0367>E0362>E0201
E0367,Tata Technologies Ltd,3,1.74,1,no_recorded_owner,E0356,Tata Enterprises Overseas Limited,Tata Technologies Ltd <-[1.74%]- Tata Enterprises Overseas Limited,E0367>E0356
E0367,Tata Technologies Ltd,4,1.525524,2,no_recorded_owner,E0152,Icici Prudential Value Fund,Tata Technologies Ltd <-[53.34%]- Tata Motors Passenger Vehicles Ltd <-[2.86%]- Icici Prudential Value Fund,E0367>E0362>E0152
E0367,Tata Technologies Ltd,5,1.51,1,no_recorded_owner,E0178,Kotak Mahindra Trustee Co Ltd A/C Kotak Multicap Fund,Tata Technologies Ltd <-[1.51%]- Kotak Mahindra Trustee Co Ltd A/C Kotak Multicap Fund,E0367>E0178
E0367,Tata Technologies Ltd,6,1.44992,2,no_recorded_owner,E0365,Tata Sons Private Limited,Tata Technologies Ltd <-[1.84%]- Tata Capital Ltd <-[78.80%]- Tata Sons Private Limited,E0367>E0350>E0365
E0367,Tata Technologies Ltd,7,1.35,1,no_recorded_owner,E0201,Life Insurance Corporation Of India,Tata Technologies Ltd <-[1.35%]- Life Insurance Corporation Of India,E0367>E0201
E0367,Tata Technologies Ltd,8,1.210818,2,no_recorded_owner,E0328,Sbi Nifty 50 Etf,Tata Technologies Ltd <-[53.34%]- Tata Motors Passenger Vehicles Ltd <-[2.27%]- Sbi Nifty 50 Etf,E0367>E0362>E0328
E0367,Tata Technologies Ltd,9,1.13,1,natural_person,E0285,Patrick Raymon Mcgoldrick,Tata Technologies Ltd <-[1.13%]- Patrick Raymon Mcgoldrick,E0367>E0285
E0367,Tata Technologies Ltd,10,1.045464,2,no_recorded_owner,E0358,Tata Industries Limited,Tata Technologies Ltd <-[53.34%]- Tata Motors Passenger Vehicles Ltd <-[1.96%]- Tata Industries Limited,E0367>E0362>E0358
E0367,Tata Technologies Ltd,11,0.709422,2,natural_person,E0314,Rekha Jhunjhunwala,Tata Technologies Ltd <-[53.34%]- Tata Motors Passenger Vehicles Ltd <-[1.33%]- Rekha Jhunjhunwala,E0367>E0362>E0314
E0367,Tata Technologies Ltd,12,0.10963,3,no_recorded_owner,E0365,Tata Sons Private Limited,Tata Technologies Ltd <-[53.34%]- Tata Motors Passenger Vehicles Ltd <-[0.30%]- Tata Investment Corporation Ltd <-[68.51%]- Tata Sons Private Limited,E0367>E0362>E0360>E0365
E0367,Tata Technologies Ltd,13,0.080776,2,no_recorded_owner,E0376,Tmf Holdings Limited,Tata Technologies Ltd <-[1.84%]- Tata Capital Ltd <-[4.39%]- Tmf Holdings Limited,E0367>E0350>E0376
E0367,Tata Technologies Ltd,14,0.048006,2,no_recorded_owner,E0112,Ewart Investments Limited,Tata Technologies Ltd <-[53.34%]- Tata Motors Passenger Vehicles Ltd <-[0.09%]- Ewart Investments Limited,E0367>E0362>E0112
E0367,Tata Technologies Ltd,15,0.024581,3,no_recorded_owner,E0365,Tata Sons Private Limited,Tata Technologies Ltd <-[1.84%]- Tata Capital Ltd <-[1.95%]- Tata Investment Corporation Ltd <-[68.51%]- Tata Sons Private Limited,E0367>E0350>E0360>E0365
E0368,Tata Teleservices (Maharashtra) Ltd,1,48.3,1,no_recorded_owner,E0369,Tata Teleservices Limited,Tata Teleservices (Maharashtra) Ltd <-[48.30%]- Tata Teleservices Limited,E0368>E0369
E0368,Tata Teleservices (Maharashtra) Ltd,2,19.58,1,no_recorded_owner,E0365,Tata Sons Private Limited,Tata Teleservices (Maharashtra) Ltd <-[19.58%]- Tata Sons Private Limited,E0368>E0365
E0368,Tata Teleservices (Maharashtra) Ltd,3,2.929608,2,no_recorded_owner,E0365,Tata Sons Private Limited,Tata Teleservices (Maharashtra) Ltd <-[6.48%]- Tata Power Company Ltd <-[45.21%]- Tata Sons Private Limited,E0368>E0363>E0365
E0368,Tata Teleservices (Maharashtra) Ltd,4,0.319464,2,no_recorded_owner,E0201,Life Insurance Corporation Of India,Tata Teleservices (Maharashtra) Ltd <-[6.48%]- Tata Power Company Ltd <-[4.93%]- Life Insurance Corporation Of India,E0368>E0363>E0201
E0368,Tata Teleservices (Maharashtra) Ltd,5,0.135432,2,no_recorded_owner,E0259,Nippon Life India Trustee Ltd-A/C Nippon India Large Cap Fund,Tata Teleservices (Maharashtra) Ltd <-[6.48%]- Tata Power Company Ltd <-[2.09%]- Nippon Life India Trustee Ltd-A/C Nippon India Large Cap Fund,E0368>E0363>E0259
E0368,Tata Teleservices (Maharashtra) Ltd,6,0.09396,2,no_recorded_owner,E0265,NPS TRUST A/C,Tata Teleservices (Maharashtra) Ltd <-[6.48%]- Tata Power Company Ltd <-[1.45%]- NPS TRUST A/C,E0368>E0363>E0265
E0368,Tata Teleservices (Maharashtra) Ltd,7,0.07128,2,no_recorded_owner,E0114,Franklin India Flexi Cap Fund,Tata Teleservices (Maharashtra) Ltd <-[6.48%]- Tata Power Company Ltd <-[1.10%]- Franklin India Flexi Cap Fund,E0368>E0363>E0114
E0368,Tata Teleservices (Maharashtra) Ltd,8,0.025108,3,no_recorded_owner,E0365,Tata Sons Private Limited,Tata Teleservices (Maharashtra) Ltd <-[6.48%]- Tata Power Company Ltd <-[1.22%]- Tata Steel Ltd <-[31.76%]- Tata Sons Private Limited,E0368>E0363>E0366>E0365
E0368,Tata Teleservices (Maharashtra) Ltd,9,0.013608,2,below_threshold,E0360,Tata Investment Corporation Ltd,Tata Teleservices (Maharashtra) Ltd <-[6.48%]- Tata Power Company Ltd <-[0.21%]- Tata Investment Corporation Ltd,E0368>E0363>E0360
E0370,Tejas Networks Ltd,1,53.33,1,no_recorded_owner,E0281,Panatone Finvest Limited,Tejas Networks Ltd <-[53.33%]- Panatone Finvest Limited,E0370>E0281
E0370,Tejas Networks Ltd,2,2.89,1,no_recorded_owner,E0262,Nippon Life India Trustee Ltd-A/C Nippon India Small Cap Fund,Tejas Networks Ltd <-[2.89%]- Nippon Life India Trustee Ltd-A/C Nippon India Small Cap Fund,E0370>E0262
E0375,Titan Company Ltd,1,27.88,1,no_recorded_owner,E0347,Tamilnadu Industrial Development Corporation Ltd,Titan Company Ltd <-[27.88%]- Tamilnadu Industrial Development Corporation Ltd,E0375>E0347
E0375,Titan Company Ltd,2,20.84,1,no_recorded_owner,E0365,Tata Sons Private Limited,Titan Company Ltd <-[20.84%]- Tata Sons Private Limited,E0375>E0365
E0375,Titan Company Ltd,3,4.24,1,natural_person,E0314,Rekha Jhunjhunwala,Titan Company Ltd <-[4.24%]- Rekha Jhunjhunwala,E0375>E0314
E0375,Titan Company Ltd,4,2.17,1,no_recorded_owner,E0201,Life Insurance Corporation Of India,Titan Company Ltd <-[2.17%]- Life Insurance Corporation Of India,E0375>E0201
E0375,Titan Company Ltd,5,1.8,1,no_recorded_owner,E0328,Sbi Nifty 50 Etf,Titan Company Ltd <-[1.80%]- Sbi Nifty 50 Etf,E0375>E0328
E0375,Titan Company Ltd,6,1.73,1,no_recorded_owner,E0267,Nps Trust A/C Uti Pension Fund Limited-Scheme State Govt,Titan Company Ltd <-[1.73%]- Nps Trust A/C Uti Pension Fund Limited-Scheme State Govt,E0375>E0267
E0375,Titan Company Ltd,7,1.377051,2,no_recorded_owner,E0365,Tata Sons Private Limited,Titan Company Ltd <-[2.01%]- Tata Investment Corporation Ltd <-[68.51%]- Tata Sons Private Limited,E0375>E0360>E0365
E0375,Titan Company Ltd,8,1.26,1,no_recorded_owner,E0143,Icici Prudential Balanced Advantage Fund,Titan Company Ltd <-[1.26%]- Icici Prudential Balanced Advantage Fund,E0375>E0143
E0375,Titan Company Ltd,9,1.11,1,no_recorded_owner,E0385,Uti Nifty 50 Etf,Titan Company Ltd <-[1.11%]- Uti Nifty 50 Etf,E0375>E0385
E0375,Titan Company Ltd,10,0.56,1,no_recorded_owner,E0112,Ewart Investments Limited,Titan Company Ltd <-[0.56%]- Ewart Investments Limited,E0375>E0112
E0375,Titan Company Ltd,11,0.49764,2,no_recorded_owner,E0365,Tata Sons Private Limited,Titan Company Ltd <-[1.56%]- Tata Chemicals Ltd <-[31.90%]- Tata Sons Private Limited,E0375>E0351>E0365
E0375,Titan Company Ltd,12,0.144144,2,no_recorded_owner,E0202,Life Insurance Corporation Of India - P & Gs Fund,Titan Company Ltd <-[1.56%]- Tata Chemicals Ltd <-[9.24%]- Life Insurance Corporation Of India - P & Gs Fund,E0375>E0351>E0202
E0375,Titan Company Ltd,13,0.063805,3,no_recorded_owner,E0365,Tata Sons Private Limited,Titan Company Ltd <-[1.56%]- Tata Chemicals Ltd <-[5.97%]- Tata Investment Corporation Ltd <-[68.51%]- Tata Sons Private Limited,E0375>E0351>E0360>E0365
E0375,Titan Company Ltd,14,0.062868,2,no_recorded_owner,E0152,Icici Prudential Value Fund,Titan Company Ltd <-[1.56%]- Tata Chemicals Ltd <-[4.03%]- Icici Prudential Value Fund,E0375>E0351>E0152
E0375,Titan Company Ltd,15,0.05,1,no_recorded_owner,E0290,Piem Hotels Limited,Titan Company Ltd <-[0.05%]- Piem Hotels Limited,E0375>E0290
E0375,Titan Company Ltd,16,0.042276,2,no_recorded_owner,E0175,Kotak Flexicap Fund,Titan Company Ltd <-[1.56%]- Tata Chemicals Ltd <-[2.71%]- Kotak Flexicap Fund,E0375>E0351>E0175
E0375,Titan Company Ltd,17,0.031959,2,no_recorded_owner,E0112,Ewart Investments Limited,Titan Company Ltd <-[2.01%]- Tata Investment Corporation Ltd <-[1.59%]- Ewart Investments Limited,E0375>E0360>E0112
E0375,Titan Company Ltd,18,0.021216,2,no_recorded_owner,E0008,"Acacia Partners, Lp","Titan Company Ltd <-[1.56%]- Tata Chemicals Ltd <-[1.36%]- Acacia Partners, Lp",E0375>E0351>E0008
E0375,Titan Company Ltd,19,0.017487,2,below_threshold,E0351,Tata Chemicals Ltd,Titan Company Ltd <-[2.01%]- Tata Investment Corporation Ltd <-[0.87%]- Tata Chemicals Ltd,E0375>E0360>E0351
E0375,Titan Company Ltd,20,0.014267,3,no_recorded_owner,E0365,Tata Sons Private Limited,Titan Company Ltd <-[2.01%]- Tata Investment Corporation Ltd <-[1.57%]- Tata Power Company Ltd <-[45.21%]- Tata Sons Private Limited,E0375>E0360>E0363>E0365
E0378,Trent Ltd,1,32.45,1,no_recorded_owner,E0365,Tata Sons Private Limited,Trent Ltd <-[32.45%]- Tata Sons Private Limited,E0378>E0365
E0378,Trent Ltd,2,4.53,1,natural_person,E0335,Siddhartha Yog,Trent Ltd <-[4.53%]- Siddhartha Yog,E0378>E0335
E0378,Trent Ltd,3,3.03,1,no_recorded_owner,E0201,Life Insurance Corporation Of India,Trent Ltd <-[3.03%]- Life Insurance Corporation Of India,E0378>E0201
E0378,Trent Ltd,4,2.932228,2,no_recorded_owner,E0365,Tata Sons Private Limited,Trent Ltd <-[4.28%]- Tata Investment Corporation Ltd <-[68.51%]- Tata Sons Private Limited,E0378>E0360>E0365
E0378,Trent Ltd,5,2.59,1,no_recorded_owner,E0143,Icici Prudential Balanced Advantage Fund,Trent Ltd <-[2.59%]- Icici Prudential Balanced Advantage Fund,E0378>E0143
E0378,Trent Ltd,6,2.37,1,no_recorded_owner,E0259,Nippon Life India Trustee Ltd-A/C Nippon India Large Cap Fund,Trent Ltd <-[2.37%]- Nippon Life India Trustee Ltd-A/C Nippon India Large Cap Fund,E0378>E0259
E0378,Trent Ltd,7,2.13,1,no_recorded_owner,E0328,Sbi Nifty 50 Etf,Trent Ltd <-[2.13%]- Sbi Nifty 50 Etf,E0378>E0328
E0378,Trent Ltd,8,1.76,1,no_recorded_owner,E0325,SBI Life Insurance Co. Ltd,Trent Ltd <-[1.76%]- SBI Life Insurance Co. Ltd,E0378>E0325
E0378,Trent Ltd,9,1.69,1,no_recorded_owner,E0267,Nps Trust A/C Uti Pension Fund Limited-Scheme State Govt,Trent Ltd <-[1.69%]- Nps Trust A/C Uti Pension Fund Limited-Scheme State Govt,E0378>E0267
E0378,Trent Ltd,10,1.31,1,no_recorded_owner,E0385,Uti Nifty 50 Etf,Trent Ltd <-[1.31%]- Uti Nifty 50 Etf,E0378>E0385
E0378,Trent Ltd,11,0.28,1,no_recorded_owner,E0112,Ewart Investments Limited,Trent Ltd <-[0.28%]- Ewart Investments Limited,E0378>E0112
E0378,Trent Ltd,12,0.068052,2,no_recorded_owner,E0112,Ewart Investments Limited,Trent Ltd <-[4.28%]- Tata Investment Corporation Ltd <-[1.59%]- Ewart Investments Limited,E0378>E0360>E0112
E0378,Trent Ltd,13,0.030379,3,no_recorded_owner,E0365,Tata Sons Private Limited,Trent Ltd <-[4.28%]- Tata Investment Corporation Ltd <-[1.57%]- Tata Power Company Ltd <-[45.21%]- Tata Sons Private Limited,E0378>E0360>E0363>E0365
E0378,Trent Ltd,14,0.01926,2,below_threshold,E0366,Tata Steel Ltd,Trent Ltd <-[4.28%]- Tata Investment Corporation Ltd <-[0.45%]- Tata Steel Ltd,E0378>E0360>E0366
E0378,Trent Ltd,15,0.012412,2,below_threshold,E0354,Tata Consumer Products Ltd,Trent Ltd <-[4.28%]- Tata Investment Corporation Ltd <-[0.29%]- Tata Consumer Products Ltd,E0378>E0360>E0354
E0378,Trent Ltd,16,0.011878,3,no_recorded_owner,E0365,Tata Sons Private Limited,Trent Ltd <-[4.28%]- Tata Investment Corporation Ltd <-[0.87%]- Tata Chemicals Ltd <-[31.90%]- Tata Sons Private Limited,E0378>E0360>E0351>E0365
E0379,TRF Ltd-$,1,10.833336,2,no_recorded_owner,E0365,Tata Sons Private Limited,TRF Ltd-$ <-[34.11%]- Tata Steel Ltd <-[31.76%]- Tata Sons Private Limited,E0379>E0366>E0365
E0379,TRF Ltd-$,2,2.84,1,no_recorded_owner,E0318,Roopa Corporate Services Pvt. Ltd,TRF Ltd-$ <-[2.84%]- Roopa Corporate Services Pvt. Ltd,E0379>E0318
E0379,TRF Ltd-$,3,2.172807,2,no_recorded_owner,E0201,Life Insurance Corporation Of India,TRF Ltd-$ <-[34.11%]- Tata Steel Ltd <-[6.37%]- Life Insurance Corporation Of India,E0379>E0366>E0201
E0379,TRF Ltd-$,4,2.12,1,natural_person,E0128,Guttikonda Vara Lakshmi,TRF Ltd-$ <-[2.12%]- Guttikonda Vara Lakshmi,E0379>E0128
E0379,TRF Ltd-$,5,1.98,1,no_recorded_owner,E0203,Litton System Inc,TRF Ltd-$ <-[1.98%]- Litton System Inc,E0379>E0203
E0379,TRF Ltd-$,6,1.45,1,natural_person,E0072,Chetan Gopaldas Cholera,TRF Ltd-$ <-[1.45%]- Chetan Gopaldas Cholera,E0379>E0072
E0379,TRF Ltd-$,7,1.357578,2,no_recorded_owner,E0328,Sbi Nifty 50 Etf,TRF Ltd-$ <-[34.11%]- Tata Steel Ltd <-[3.98%]- Sbi Nifty 50 Etf,E0379>E0366>E0328
E0379,TRF Ltd-$,8,1.19,1,natural_person,E0313,Ravi Shankaran,TRF Ltd-$ <-[1.19%]- Ravi Shankaran,E0379>E0313
E0379,TRF Ltd-$,9,1.09,1,no_recorded_owner,E0271,O.P.J Financial Services (P) Ltd,TRF Ltd-$ <-[1.09%]- O.P.J Financial Services (P) Ltd,E0379>E0271
E0379,TRF Ltd-$,10,1.08,1,no_recorded_owner,E0162,Investor Education and Protection Fund Authority,TRF Ltd-$ <-[1.08%]- Investor Education and Protection Fund Authority,E0379>E0162
E0379,TRF Ltd-$,11,0.787941,2,no_recorded_owner,E0152,Icici Prudential Value Fund,TRF Ltd-$ <-[34.11%]- Tata Steel Ltd <-[2.31%]- Icici Prudential Value Fund,E0379>E0366>E0152
E0379,TRF Ltd-$,12,0.723132,2,no_recorded_owner,E0135,Hdfc Trustee Company Limited -Hdfc Flexi Cap Fund,TRF Ltd-$ <-[34.11%]- Tata Steel Ltd <-[2.12%]- Hdfc Trustee Company Limited -Hdfc Flexi Cap Fund,E0379>E0366>E0135
E0379,TRF Ltd-$,13,0.644679,2,no_recorded_owner,E0269,Nps Trust- A/C Lic Pension Fund Scheme - State Govt,TRF Ltd-$ <-[34.11%]- Tata Steel Ltd <-[1.89%]- Nps Trust- A/C Lic Pension Fund Scheme - State Govt,E0379>E0366>E0269
E0379,TRF Ltd-$,14,0.498006,2,no_recorded_owner,E0385,Uti Nifty 50 Etf,TRF Ltd-$ <-[34.11%]- Tata Steel Ltd <-[1.46%]- Uti Nifty 50 Etf,E0379>E0366>E0385
E0379,TRF Ltd-$,15,0.079454,3,no_recorded_owner,E0365,Tata Sons Private Limited,TRF Ltd-$ <-[34.11%]- Tata Steel Ltd <-[0.34%]- Tata Investment Corporation Ltd <-[68.51%]- Tata Sons Private Limited,E0379>E0366>E0360>E0365
E0379,TRF Ltd-$,16,0.061398,2,no_recorded_owner,E0112,Ewart Investments Limited,TRF Ltd-$ <-[34.11%]- Tata Steel Ltd <-[0.18%]- Ewart Investments Limited,E0379>E0366>E0112
E0379,TRF Ltd-$,17,0.060244,3,no_recorded_owner,E0365,Tata Sons Private Limited,TRF Ltd-$ <-[34.11%]- Tata Steel Ltd <-[0.44%]- Tata Motors Passenger Vehicles Ltd <-[40.14%]- Tata Sons Private Limited,E0379>E0366>E0362>E0365
E0379,TRF Ltd-$,18,0.030699,2,no_recorded_owner,E0319,Rujuvalika Investments Limited,TRF Ltd-$ <-[34.11%]- Tata Steel Ltd <-[0.09%]- Rujuvalika Investments Limited,E0379>E0366>E0319
E0379,TRF Ltd-$,19,0.027288,2,no_recorded_owner,E0358,Tata Industries Limited,TRF Ltd-$ <-[34.11%]- Tata Steel Ltd <-[0.08%]- Tata Industries Limited,E0379>E0366>E0358
E0379,TRF Ltd-$,20,0.02,1,no_recorded_owner,E0358,Tata Industries Limited,TRF Ltd-$ <-[0.02%]- Tata Industries Limited,E0379>E0358
E0379,TRF Ltd-$,21,0.013439,3,no_recorded_owner,E0365,Tata Sons Private Limited,TRF Ltd-$ <-[34.11%]- Tata Steel Ltd <-[0.05%]- Tata Capital Ltd <-[78.80%]- Tata Sons Private Limited,E0379>E0366>E0350>E0365
E0381,Tube Investments of India Ltd,1,35.63,1,no_recorded_owner,E0023,AMBADI INVESTMENTS LIMITED,Tube Investments of India Ltd <-[35.63%]- AMBADI INVESTMENTS LIMITED,E0381>E0023
E0381,Tube Investments of India Ltd,2,4.31,1,no_recorded_owner,E0339,"SMALLCAP WORLD FUND, INC","Tube Investments of India Ltd <-[4.31%]- SMALLCAP WORLD FUND, INC",E0381>E0339
E0381,Tube Investments of India Ltd,3,3.84,1,no_recorded_owner,E0260,NIPPON LIFE INDIA TRUSTEE LTD-A/C NIPPON INDIA MULTI CAP FUND,Tube Investments of India Ltd <-[3.84%]- NIPPON LIFE INDIA TRUSTEE LTD-A/C NIPPON INDIA MULTI CAP FUND,E0381>E0260
E0381,Tube Investments of India Ltd,4,2.29,1,no_recorded_owner,E0243,MOTILAL OSWAL NIFTY MIDCAP 100 ETF,Tube Investments of India Ltd <-[2.29%]- MOTILAL OSWAL NIFTY MIDCAP 100 ETF,E0381>E0243
E0381,Tube Investments of India Ltd,5,1.85,1,no_recorded_owner,E0201,Life Insurance Corporation Of India,Tube Investments of India Ltd <-[1.85%]- Life Insurance Corporation Of India,E0381>E0201
E0381,Tube Investments of India Ltd,6,1.18,1,no_recorded_owner,E0102,DSP FLEXI CAP FUND,Tube Investments of India Ltd <-[1.18%]- DSP FLEXI CAP FUND,E0381>E0102
E0381,Tube Investments of India Ltd,7,1.16,1,no_recorded_owner,E0113,FRANKLIN ASIAN EQUITY FUND,Tube Investments of India Ltd <-[1.16%]- FRANKLIN ASIAN EQUITY FUND,E0381>E0113
E0381,Tube Investments of India Ltd,8,1.09,1,no_recorded_owner,E0132,HDFC LIFE INSURANCE COMPANY LIMITED,Tube Investments of India Ltd <-[1.09%]- HDFC LIFE INSURANCE COMPANY LIMITED,E0381>E0132
E0381,Tube Investments of India Ltd,9,1.09,1,no_recorded_owner,E0386,UTI NIFTY500 SHARIAH INDEX FUND,Tube Investments of India Ltd <-[1.09%]- UTI NIFTY500 SHARIAH INDEX FUND,E0381>E0386
E0381,Tube Investments of India Ltd,10,1.02,1,no_recorded_owner,E0268,NPS TRUST- A/C HDFC PENSION FUND MANAGEMENT LIMITE,Tube Investments of India Ltd <-[1.02%]- NPS TRUST- A/C HDFC PENSION FUND MANAGEMENT LIMITE,E0381>E0268
E0381,Tube Investments of India Ltd,11,0.44,1,natural_person,E0208,M A M ARUNACHALAM,Tube Investments of India Ltd <-[0.44%]- M A M ARUNACHALAM,E0381>E0208
E0381,Tube Investments of India Ltd,12,0.39,1,natural_person,E0034,ARUN ALAGAPPAN,Tube Investments of India Ltd <-[0.39%]- ARUN ALAGAPPAN,E0381>E0034
E0381,Tube Investments of India Ltd,13,0.38,1,no_recorded_owner,E0248,MURUGAPPA EDUCATIONAL AND MEDICAL FOUNDATION,Tube Investments of India Ltd <-[0.38%]- MURUGAPPA EDUCATIONAL AND MEDICAL FOUNDATION,E0381>E0248
E0381,Tube Investments of India Ltd,14,0.38,1,natural_person,E0387,V ARUNACHALAM,Tube Investments of India Ltd <-[0.38%]- V ARUNACHALAM,E0381>E0387
E0381,Tube Investments of India Ltd,15,0.37,1,natural_person,E0228,M.A.ALAGAPPAN,Tube Investments of India Ltd <-[0.37%]- M.A.ALAGAPPAN,E0381>E0228
E0381,Tube Investments of India Ltd,16,0.36,1,no_recorded_owner,E0190,Lakshmi Ramaswamy Family Trust,Tube Investments of India Ltd <-[0.36%]- Lakshmi Ramaswamy Family Trust,E0381>E0190
E0381,Tube Investments of India Ltd,17,0.35,1,natural_person,E0388,V NARAYANAN,Tube Investments of India Ltd <-[0.35%]- V NARAYANAN,E0381>E0388
E0381,Tube Investments of India Ltd,18,0.3,1,natural_person,E0005,A VENKATACHALAM,Tube Investments of India Ltd <-[0.30%]- A VENKATACHALAM,E0381>E0005
E0381,Tube Investments of India Ltd,19,0.29,1,natural_person,E0188,LAKSHMI CHOCKALINGAM,Tube Investments of India Ltd <-[0.29%]- LAKSHMI CHOCKALINGAM,E0381>E0188
E0381,Tube Investments of India Ltd,20,0.29,1,no_recorded_owner,E0331,Shambho Trust,Tube Investments of India Ltd <-[0.29%]- Shambho Trust,E0381>E0331
E0381,Tube Investments of India Ltd,21,0.28,1,no_recorded_owner,E0210,M A MURUGAPPAN HOLDINGS LLP,Tube Investments of India Ltd <-[0.28%]- M A MURUGAPPAN HOLDINGS LLP,E0381>E0210
E0381,Tube Investments of India Ltd,22,0.28,1,no_recorded_owner,E0321,Saraswathi Trust,Tube Investments of India Ltd <-[0.28%]- Saraswathi Trust,E0381>E0321
E0381,Tube Investments of India Ltd,23,0.26,1,no_recorded_owner,E0236,Meenakshi Murugappan Family Trust,Tube Investments of India Ltd <-[0.26%]- Meenakshi Murugappan Family Trust,E0381>E0236
E0381,Tube Investments of India Ltd,24,0.25,1,no_recorded_owner,E0216,M M Muthiah Family Trust,Tube Investments of India Ltd <-[0.25%]- M M Muthiah Family Trust,E0381>E0216
E0381,Tube Investments of India Ltd,25,0.24,1,no_recorded_owner,E0218,M M Veerappan Family Trust,Tube Investments of India Ltd <-[0.24%]- M M Veerappan Family Trust,E0381>E0218
E0381,Tube Investments of India Ltd,26,0.24,1,no_recorded_owner,E0221,M V Muthiah Family Trust,Tube Investments of India Ltd <-[0.24%]- M V Muthiah Family Trust,E0381>E0221
E0381,Tube Investments of India Ltd,27,0.24,1,no_recorded_owner,E0226,M V Subramanian Family Trust,Tube Investments of India Ltd <-[0.24%]- M V Subramanian Family Trust,E0381>E0226
E0381,Tube Investments of India Ltd,28,0.23,1,natural_person,E0037,ARUN VENKATACHALAM,Tube Investments of India Ltd <-[0.23%]- ARUN VENKATACHALAM,E0381>E0037
E0381,Tube Investments of India Ltd,29,0.23,1,no_recorded_owner,E0206,M A ALAGAPPAN HOLDINGS PRIVATE LIMITED,Tube Investments of India Ltd <-[0.23%]- M A ALAGAPPAN HOLDINGS PRIVATE LIMITED,E0381>E0206
E0381,Tube Investments of India Ltd,30,0.2,1,no_recorded_owner,E0031,AR LAKSHMI ACHI TRUST,Tube Investments of India Ltd <-[0.20%]- AR LAKSHMI ACHI TRUST,E0381>E0031
E0381,Tube Investments of India Ltd,31,0.2,1,no_recorded_owner,E0220,M M Venkatachalam Family Trust,Tube Investments of India Ltd <-[0.20%]- M M Venkatachalam Family Trust,E0381>E0220
E0381,Tube Investments of India Ltd,32,0.19,1,natural_person,E0237,MEYYAMMAI VENKATACHALAM,Tube Investments of India Ltd <-[0.19%]- MEYYAMMAI VENKATACHALAM,E0381>E0237
E0381,Tube Investments of India Ltd,33,0.19,1,natural_person,E0393,VALLI ANNAMALAI,Tube Investments of India Ltd <-[0.19%]- VALLI ANNAMALAI,E0381>E0393
E0381,Tube Investments of India Ltd,34,0.18,1,natural_person,E0215,M M MURUGAPPAN HUF,Tube Investments of India Ltd <-[0.18%]- M M MURUGAPPAN HUF,E0381>E0215
E0381,Tube Investments of India Ltd,35,0.17,1,no_recorded_owner,E0192,Lakshmi Venkatachalam Family Trust,Tube Investments of India Ltd <-[0.17%]- Lakshmi Venkatachalam Family Trust,E0381>E0192
E0381,Tube Investments of India Ltd,36,0.17,1,natural_person,E0304,R.MUTHATHA,Tube Investments of India Ltd <-[0.17%]- R.MUTHATHA,E0381>E0304
E0381,Tube Investments of India Ltd,37,0.15,1,no_recorded_owner,E0229,M.M.MUTHIAH RESEARCH FOUNDATION,Tube Investments of India Ltd <-[0.15%]- M.M.MUTHIAH RESEARCH FOUNDATION,E0381>E0229
E0381,Tube Investments of India Ltd,38,0.14,1,natural_person,E0217,M M Muthiah HUF,Tube Investments of India Ltd <-[0.14%]- M M Muthiah HUF,E0381>E0217
E0381,Tube Investments of India Ltd,39,0.12,1,natural_person,E0336,SIGAPI ARUNACHALAM,Tube Investments of India Ltd <-[0.12%]- SIGAPI ARUNACHALAM,E0381>E0336
E0381,Tube Investments of India Ltd,40,0.11,1,no_recorded_owner,E0035,Arun Murugappan Children's Trust,Tube Investments of India Ltd <-[0.11%]- Arun Murugappan Children's Trust,E0381>E0035
E0381,Tube Investments of India Ltd,41,0.11,1,no_recorded_owner,E0205,M A Alagappan Grand Children Trust,Tube Investments of India Ltd <-[0.11%]- M A Alagappan Grand Children Trust,E0381>E0205
E0381,Tube Investments of India Ltd,42,0.11,1,no_recorded_owner,E0249,Murugappan Arunachalam Children Trust,Tube Investments of India Ltd <-[0.11%]- Murugappan Arunachalam Children Trust,E0381>E0249
E0381,Tube Investments of India Ltd,43,0.1,1,no_recorded_owner,E0214,M M Murugappan Family Trust,Tube Investments of India Ltd <-[0.10%]- M M Murugappan Family Trust,E0381>E0214
E0381,Tube Investments of India Ltd,44,0.09,1,natural_person,E0213,M M MURUGAPPAN,Tube Investments of India Ltd <-[0.09%]- M M MURUGAPPAN,E0381>E0213
E0381,Tube Investments of India Ltd,45,0.09,1,natural_person,E0225,M V SUBBIAH HUF,Tube Investments of India Ltd <-[0.09%]- M V SUBBIAH HUF,E0381>E0225
E0381,Tube Investments of India Ltd,46,0.08,1,natural_person,E0211,M A Murugappan HUF,Tube Investments of India Ltd <-[0.08%]- M A Murugappan HUF,E0381>E0211
E0381,Tube Investments of India Ltd,47,0.07,1,natural_person,E0207,M A ALAGAPPAN HUF,Tube Investments of India Ltd <-[0.07%]- M A ALAGAPPAN HUF,E0381>E0207
E0381,Tube Investments of India Ltd,48,0.07,1,natural_person,E0224,M V SUBBIAH,Tube Investments of India Ltd <-[0.07%]- M V SUBBIAH,E0381>E0224
E0381,Tube Investments of India Ltd,49,0.04,1,natural_person,E0003,A M MEYYAMMAI,Tube Investments of India Ltd <-[0.04%]- A M MEYYAMMAI,E0381>E0003
E0381,Tube Investments of India Ltd,50,0.02,1,no_recorded_owner,E0002,A M M VELLAYAN SONS P LTD,Tube Investments of India Ltd <-[0.02%]- A M M VELLAYAN SONS P LTD,E0381>E0002
E0381,Tube Investments of India Ltd,51,0.02,1,natural_person,E0222,M V SEETHA SUBBIAH,Tube Investments of India Ltd <-[0.02%]- M V SEETHA SUBBIAH,E0381>E0222
E0381,Tube Investments of India Ltd,52,0.01,1,natural_person,E0092,DHRUV M ARUNACHALAM,Tube Investments of India Ltd <-[0.01%]- DHRUV M ARUNACHALAM,E0381>E0092
E0381,Tube Investments of India Ltd,53,0.01,1,no_recorded_owner,E0223,M V Seetha Subbiah Benefit Trust,Tube Investments of India Ltd <-[0.01%]- M V Seetha Subbiah Benefit Trust,E0381>E0223
E0381,Tube Investments of India Ltd,54,0.01,1,natural_person,E0296,PRANAV ALAGAPPAN,Tube Investments of India Ltd <-[0.01%]- PRANAV ALAGAPPAN,E0381>E0296
E0381,Tube Investments of India Ltd,55,0.01,1,no_recorded_owner,E0394,Valli Subbiah Benefit Trust,Tube Investments of India Ltd <-[0.01%]- Valli Subbiah Benefit Trust,E0381>E0394
E0381,Tube Investments of India Ltd,56,0.01,1,natural_person,E0395,VALLIAMMAI MURUGAPPAN,Tube Investments of India Ltd <-[0.01%]- VALLIAMMAI MURUGAPPAN,E0381>E0395
E0382,UltraTech Cement Ltd,1,13.006298,2,no_recorded_owner,E0057,Birla Group Holdings Private Limited,UltraTech Cement Ltd <-[56.11%]- Grasim Industries Ltd <-[23.18%]- Birla Group Holdings Private Limited,E0382>E0126>E0057
E0382,UltraTech Cement Ltd,2,3.725704,2,no_recorded_owner,E0154,IGH Holdings Private Limited,UltraTech Cement Ltd <-[56.11%]- Grasim Industries Ltd <-[6.64%]- IGH Holdings Private Limited,E0382>E0126>E0154
E0382,UltraTech Cement Ltd,3,3.697649,2,no_recorded_owner,E0201,Life Insurance Corporation Of India,UltraTech Cement Ltd <-[56.11%]- Grasim Industries Ltd <-[6.59%]- Life Insurance Corporation Of India,E0382>E0126>E0201
E0382,UltraTech Cement Ltd,4,3.01,1,no_recorded_owner,E0200,LICI NEW ENDOWMENT PLUS-SECURED FUND,UltraTech Cement Ltd <-[3.01%]- LICI NEW ENDOWMENT PLUS-SECURED FUND,E0382>E0200
E0382,UltraTech Cement Ltd,5,2.58,1,no_recorded_owner,E0150,ICICI PRUDENTIAL SENSEX ETF,UltraTech Cement Ltd <-[2.58%]- ICICI PRUDENTIAL SENSEX ETF,E0382>E0150
E0382,UltraTech Cement Ltd,6,2.57,1,no_recorded_owner,E0266,NPS TRUST A/C UTI PENSION FUND LIMITED-SCHEME CENT,UltraTech Cement Ltd <-[2.57%]- NPS TRUST A/C UTI PENSION FUND LIMITED-SCHEME CENT,E0382>E0266
E0382,UltraTech Cement Ltd,7,1.73,1,no_recorded_owner,E0322,SBI ARBITRAGE OPPORTUNITIES FUND,UltraTech Cement Ltd <-[1.73%]- SBI ARBITRAGE OPPORTUNITIES FUND,E0382>E0322
E0382,UltraTech Cement Ltd,8,1.649634,2,no_recorded_owner,E0278,P.T. Indo Bharat Rayon,UltraTech Cement Ltd <-[56.11%]- Grasim Industries Ltd <-[2.94%]- P.T. Indo Bharat Rayon,E0382>E0126>E0278
E0382,UltraTech Cement Ltd,9,1.419583,2,no_recorded_owner,E0077,"Citibank N.A. New York, NYADR Department","UltraTech Cement Ltd <-[56.11%]- Grasim Industries Ltd <-[2.53%]- Citibank N.A. New York, NYADR Department",E0382>E0126>E0077
E0382,UltraTech Cement Ltd,10,1.25,1,no_recorded_owner,E0179,KOTAK MAHINDRA TRUSTEE CO LTD A/C KOTAK NIFTY 100,UltraTech Cement Ltd <-[1.25%]- KOTAK MAHINDRA TRUSTEE CO LTD A/C KOTAK NIFTY 100,E0382>E0179
E0382,UltraTech Cement Ltd,11,0.89776,2,no_recorded_owner,E0328,Sbi Nifty 50 Etf,UltraTech Cement Ltd <-[56.11%]- Grasim Industries Ltd <-[1.60%]- Sbi Nifty 50 Etf,E0382>E0126>E0328
E0382,UltraTech Cement Ltd,12,0.86837,3,no_recorded_owner,E0057,Birla Group Holdings Private Limited,UltraTech Cement Ltd <-[56.11%]- Grasim Industries Ltd <-[4.46%]- Pilani Investment and Industries Corporation Ltd <-[34.70%]- Birla Group Holdings Private Limited,E0382>E0126>E0292>E0057
E0382,UltraTech Cement Ltd,13,0.819206,2,no_recorded_owner,E0117,GAGANDEEP CREDIT CAPITAL PVT LTD,UltraTech Cement Ltd <-[56.11%]- Grasim Industries Ltd <-[1.46%]- GAGANDEEP CREDIT CAPITAL PVT LTD,E0382>E0126>E0117
E0382,UltraTech Cement Ltd,14,0.807984,2,no_recorded_owner,E0267,Nps Trust A/C Uti Pension Fund Limited-Scheme State Govt,UltraTech Cement Ltd <-[56.11%]- Grasim Industries Ltd <-[1.44%]- Nps Trust A/C Uti Pension Fund Limited-Scheme State Govt,E0382>E0126>E0267
E0382,UltraTech Cement Ltd,15,0.802373,2,no_recorded_owner,E0332,Shamyak Investment Private Limited,UltraTech Cement Ltd <-[56.11%]- Grasim Industries Ltd <-[1.43%]- Shamyak Investment Private Limited,E0382>E0126>E0332
E0382,UltraTech Cement Ltd,16,0.78,1,no_recorded_owner,E0278,P.T. Indo Bharat Rayon,UltraTech Cement Ltd <-[0.78%]- P.T. Indo Bharat Rayon,E0382>E0278
E0382,UltraTech Cement Ltd,17,0.656487,2,no_recorded_owner,E0374,Theleme Master Fund Limited,UltraTech Cement Ltd <-[56.11%]- Grasim Industries Ltd <-[1.17%]- Theleme Master Fund Limited,E0382>E0126>E0374
E0382,UltraTech Cement Ltd,18,0.566711,2,no_recorded_owner,E0149,ICICI Prudential Nifty ETF,UltraTech Cement Ltd <-[56.11%]- Grasim Industries Ltd <-[1.01%]- ICICI Prudential Nifty ETF,E0382>E0126>E0149
E0382,UltraTech Cement Ltd,19,0.5205,2,no_recorded_owner,E0057,Birla Group Holdings Private Limited,UltraTech Cement Ltd <-[1.50%]- Pilani Investment and Industries Corporation Ltd <-[34.70%]- Birla Group Holdings Private Limited,E0382>E0292>E0057
E0382,UltraTech Cement Ltd,20,0.479981,3,no_recorded_owner,E0280,Padmavati Investment Private Limited,UltraTech Cement Ltd <-[56.11%]- Grasim Industries Ltd <-[4.46%]- Pilani Investment and Industries Corporation Ltd <-[19.18%]- Padmavati Investment Private Limited,E0382>E0126>E0292>E0280
E0382,UltraTech Cement Ltd,21,0.438439,3,no_recorded_owner,E0372,THE PUNJAB PRODUCE AND TRADING CO PVT LTD,UltraTech Cement Ltd <-[56.11%]- Grasim Industries Ltd <-[4.46%]- Pilani Investment and Industries Corporation Ltd <-[17.52%]- THE PUNJAB PRODUCE AND TRADING CO PVT LTD,E0382>E0126>E0292>E0372
E0382,UltraTech Cement Ltd,22,0.39277,2,no_recorded_owner,E0371,Thai Rayon Public Company Limited,UltraTech Cement Ltd <-[56.11%]- Grasim Industries Ltd <-[0.70%]- Thai Rayon Public Company Limited,E0382>E0126>E0371
E0382,UltraTech Cement Ltd,23,0.375029,3,no_recorded_owner,E0154,IGH Holdings Private Limited,UltraTech Cement Ltd <-[56.11%]- Grasim Industries Ltd <-[4.29%]- Hindalco Industries Ltd <-[15.58%]- IGH Holdings Private Limited,E0382>E0126>E0138>E0154
E0382,UltraTech Cement Ltd,24,0.370326,2,no_recorded_owner,E0028,Anatole Investments Pte Ltd,UltraTech Cement Ltd <-[56.11%]- Grasim Industries Ltd <-[0.66%]- Anatole Investments Pte Ltd,E0382>E0126>E0028
E0382,UltraTech Cement Ltd,25,0.2877,2,no_recorded_owner,E0280,Padmavati Investment Private Limited,UltraTech Cement Ltd <-[1.50%]- Pilani Investment and Industries Corporation Ltd <-[19.18%]- Padmavati Investment Private Limited,E0382>E0292>E0280
E0382,UltraTech Cement Ltd,26,0.27393,3,no_recorded_owner,E0057,Birla Group Holdings Private Limited,UltraTech Cement Ltd <-[56.11%]- Grasim Industries Ltd <-[4.29%]- Hindalco Industries Ltd <-[11.38%]- Birla Group Holdings Private Limited,E0382>E0126>E0138>E0057
E0382,UltraTech Cement Ltd,27,0.2628,2,no_recorded_owner,E0372,THE PUNJAB PRODUCE AND TRADING CO PVT LTD,UltraTech Cement Ltd <-[1.50%]- Pilani Investment and Industries Corporation Ltd <-[17.52%]- THE PUNJAB PRODUCE AND TRADING CO PVT LTD,E0382>E0292>E0372
E0382,UltraTech Cement Ltd,28,0.21,1,natural_person,E0186,Kumar Mangalam Birla,UltraTech Cement Ltd <-[0.21%]- Kumar Mangalam Birla,E0382>E0186
E0382,UltraTech Cement Ltd,29,0.145886,2,natural_person,E0186,Kumar Mangalam Birla,UltraTech Cement Ltd <-[56.11%]- Grasim Industries Ltd <-[0.26%]- Kumar Mangalam Birla,E0382>E0126>E0186
E0382,UltraTech Cement Ltd,30,0.143644,3,no_recorded_owner,E0129,GWALIOR WEBBING COMPANY PRIVATE LIMITED,UltraTech Cement Ltd <-[56.11%]- Grasim Industries Ltd <-[4.46%]- Pilani Investment and Industries Corporation Ltd <-[5.74%]- GWALIOR WEBBING COMPANY PRIVATE LIMITED,E0382>E0126>E0292>E0129
E0382,UltraTech Cement Ltd,31,0.112613,3,no_recorded_owner,E0294,PRAKASH EDUCATIONAL SOCIETY,UltraTech Cement Ltd <-[56.11%]- Grasim Industries Ltd <-[4.46%]- Pilani Investment and Industries Corporation Ltd <-[4.50%]- PRAKASH EDUCATIONAL SOCIETY,E0382>E0126>E0292>E0294
E0382,UltraTech Cement Ltd,32,0.110487,3,no_recorded_owner,E0201,Life Insurance Corporation Of India,UltraTech Cement Ltd <-[56.11%]- Grasim Industries Ltd <-[4.29%]- Hindalco Industries Ltd <-[4.59%]- Life Insurance Corporation Of India,E0382>E0126>E0138>E0201
E0382,UltraTech Cement Ltd,33,0.106609,2,no_recorded_owner,E0276,P T Sunrise Bumi Textiles,UltraTech Cement Ltd <-[56.11%]- Grasim Industries Ltd <-[0.19%]- P T Sunrise Bumi Textiles,E0382>E0126>E0276
E0382,UltraTech Cement Ltd,34,0.100618,3,no_recorded_owner,E0240,"Morgan Guaranty Trust Company Of New York, Asdepositary","UltraTech Cement Ltd <-[56.11%]- Grasim Industries Ltd <-[4.29%]- Hindalco Industries Ltd <-[4.18%]- Morgan Guaranty Trust Company Of New York, Asdepositary",E0382>E0126>E0138>E0240
E0382,UltraTech Cement Ltd,35,0.094359,3,circular,E0126,Grasim Industries Ltd,UltraTech Cement Ltd <-[56.11%]- Grasim Industries Ltd <-[4.29%]- Hindalco Industries Ltd <-[3.92%]- Grasim Industries Ltd,E0382>E0126>E0138>E0126
E0382,UltraTech Cement Ltd,36,0.0861,2,no_recorded_owner,E0129,GWALIOR WEBBING COMPANY PRIVATE LIMITED,UltraTech Cement Ltd <-[1.50%]- Pilani Investment and Industries Corporation Ltd <-[5.74%]- GWALIOR WEBBING COMPANY PRIVATE LIMITED,E0382>E0292>E0129
E0382,UltraTech Cement Ltd,37,0.07,1,no_recorded_owner,E0371,Thai Rayon Public Company Limited,UltraTech Cement Ltd <-[0.07%]- Thai Rayon Public Company Limited,E0382>E0371
E0382,UltraTech Cement Ltd,38,0.0675,2,no_recorded_owner,E0294,PRAKASH EDUCATIONAL SOCIETY,UltraTech Cement Ltd <-[1.50%]- Pilani Investment and Industries Corporation Ltd <-[4.50%]- PRAKASH EDUCATIONAL SOCIETY,E0382>E0292>E0294
E0382,UltraTech Cement Ltd,39,0.067332,2,no_recorded_owner,E0275,P T Elegant Textile Industry,UltraTech Cement Ltd <-[56.11%]- Grasim Industries Ltd <-[0.12%]- P T Elegant Textile Industry,E0382>E0126>E0275
E0382,UltraTech Cement Ltd,40,0.066994,2,no_recorded_owner,E0154,IGH Holdings Private Limited,UltraTech Cement Ltd <-[0.43%]- Hindalco Industries Ltd <-[15.58%]- IGH Holdings Private Limited,E0382>E0138>E0154
E0382,UltraTech Cement Ltd,41,0.063789,3,no_recorded_owner,E0123,Governement of Singapore,UltraTech Cement Ltd <-[56.11%]- Grasim Industries Ltd <-[4.29%]- Hindalco Industries Ltd <-[2.65%]- Governement of Singapore,E0382>E0126>E0138>E0123
E0382,UltraTech Cement Ltd,42,0.060659,3,no_recorded_owner,E0270,NPS TRUST- A/C SBI PENSION FUND SCHEME - STATE GOVT,UltraTech Cement Ltd <-[56.11%]- Grasim Industries Ltd <-[4.29%]- Hindalco Industries Ltd <-[2.52%]- NPS TRUST- A/C SBI PENSION FUND SCHEME - STATE GOVT,E0382>E0126>E0138>E0270
E0382,UltraTech Cement Ltd,43,0.05611,2,no_recorded_owner,E0060,Birla Institute of Technology and Science,UltraTech Cement Ltd <-[56.11%]- Grasim Industries Ltd <-[0.10%]- Birla Institute of Technology and Science,E0382>E0126>E0060
E0382,UltraTech Cement Ltd,44,0.055123,3,no_recorded_owner,E0328,Sbi Nifty 50 Etf,UltraTech Cement Ltd <-[56.11%]- Grasim Industries Ltd <-[4.29%]- Hindalco Industries Ltd <-[2.29%]- Sbi Nifty 50 Etf,E0382>E0126>E0138>E0328
E0382,UltraTech Cement Ltd,45,0.05,1,no_recorded_owner,E0276,P T Sunrise Bumi Textiles,UltraTech Cement Ltd <-[0.05%]- P T Sunrise Bumi Textiles,E0382>E0276
E0382,UltraTech Cement Ltd,46,0.048934,2,no_recorded_owner,E0057,Birla Group Holdings Private Limited,UltraTech Cement Ltd <-[0.43%]- Hindalco Industries Ltd <-[11.38%]- Birla Group Holdings Private Limited,E0382>E0138>E0057
E0382,UltraTech Cement Ltd,47,0.044888,2,natural_person,E0307,Rajashree Birla,UltraTech Cement Ltd <-[56.11%]- Grasim Industries Ltd <-[0.08%]- Rajashree Birla,E0382>E0126>E0307
E0382,UltraTech Cement Ltd,48,0.032496,3,no_recorded_owner,E0145,Icici Prudential Large & Mid Cap Fund,UltraTech Cement Ltd <-[56.11%]- Grasim Industries Ltd <-[4.29%]- Hindalco Industries Ltd <-[1.35%]- Icici Prudential Large & Mid Cap Fund,E0382>E0126>E0138>E0145
E0382,UltraTech Cement Ltd,49,0.03,1,no_recorded_owner,E0060,Birla Institute of Technology and Science,UltraTech Cement Ltd <-[0.03%]- Birla Institute of Technology and Science,E0382>E0060
E0382,UltraTech Cement Ltd,50,0.03,1,no_recorded_owner,E0275,P T Elegant Textile Industry,UltraTech Cement Ltd <-[0.03%]- P T Elegant Textile Industry,E0382>E0275
E0382,UltraTech Cement Ltd,51,0.026719,3,no_recorded_owner,E0014,Aditya Birla Sun Life Trustee Private Limited A/C - Aditya Birla Sun Life Large Cap Fund,UltraTech Cement Ltd <-[56.11%]- Grasim Industries Ltd <-[4.29%]- Hindalco Industries Ltd <-[1.11%]- Aditya Birla Sun Life Trustee Private Limited A/C - Aditya Birla Sun Life Large Cap Fund,E0382>E0126>E0138>E0014
E0382,UltraTech Cement Ltd,52,0.023108,3,no_recorded_owner,E0060,Birla Institute of Technology and Science,UltraTech Cement Ltd <-[56.11%]- Grasim Industries Ltd <-[4.29%]- Hindalco Industries Ltd <-[0.96%]- Birla Institute of Technology and Science,E0382>E0126>E0138>E0060
E0382,UltraTech Cement Ltd,53,0.022444,2,no_recorded_owner,E0316,Renuka Ventures Limited,UltraTech Cement Ltd <-[56.11%]- Grasim Industries Ltd <-[0.04%]- Renuka Ventures Limited,E0382>E0126>E0316
E0382,UltraTech Cement Ltd,54,0.02,1,no_recorded_owner,E0057,Birla Group Holdings Private Limited,UltraTech Cement Ltd <-[0.02%]- Birla Group Holdings Private Limited,E0382>E0057
E0382,UltraTech Cement Ltd,55,0.02,1,no_recorded_owner,E0280,Padmavati Investment Private Limited,UltraTech Cement Ltd <-[0.02%]- Padmavati Investment Private Limited,E0382>E0280
E0382,UltraTech Cement Ltd,56,0.019737,2,no_recorded_owner,E0201,Life Insurance Corporation Of India,UltraTech Cement Ltd <-[0.43%]- Hindalco Industries Ltd <-[4.59%]- Life Insurance Corporation Of India,E0382>E0138>E0201
E0382,UltraTech Cement Ltd,57,0.017974,2,no_recorded_owner,E0240,"Morgan Guaranty Trust Company Of New York, Asdepositary","UltraTech Cement Ltd <-[0.43%]- Hindalco Industries Ltd <-[4.18%]- Morgan Guaranty Trust Company Of New York, Asdepositary",E0382>E0138>E0240
E0382,UltraTech Cement Ltd,58,0.017572,3,no_recorded_owner,E0380,TRUSTEE HOLDING SHARES UNDER THE SCHEME OF MERGER OF HIL/IGCL/IGFL ON BEHALF OF HINDALCO,UltraTech Cement Ltd <-[56.11%]- Grasim Industries Ltd <-[4.29%]- Hindalco Industries Ltd <-[0.73%]- TRUSTEE HOLDING SHARES UNDER THE SCHEME OF MERGER OF HIL/IGCL/IGFL ON BEHALF OF HINDALCO,E0382>E0126>E0138>E0380
E0382,UltraTech Cement Ltd,59,0.016856,2,below_threshold,E0126,Grasim Industries Ltd,UltraTech Cement Ltd <-[0.43%]- Hindalco Industries Ltd <-[3.92%]- Grasim Industries Ltd,E0382>E0138>E0126
E0382,UltraTech Cement Ltd,60,0.016645,2,below_threshold,E0292,Pilani Investment and Industries Corporation Ltd,UltraTech Cement Ltd <-[0.05%]- Aditya Birla Real Estate Ltd <-[33.29%]- Pilani Investment and Industries Corporation Ltd,E0382>E0012>E0292
E0382,UltraTech Cement Ltd,61,0.011395,2,no_recorded_owner,E0123,Governement of Singapore,UltraTech Cement Ltd <-[0.43%]- Hindalco Industries Ltd <-[2.65%]- Governement of Singapore,E0382>E0138>E0123
E0382,UltraTech Cement Ltd,62,0.011222,2,natural_person,E0398,Vasavadatta Bajaj,UltraTech Cement Ltd <-[56.11%]- Grasim Industries Ltd <-[0.02%]- Vasavadatta Bajaj,E0382>E0126>E0398
E0382,UltraTech Cement Ltd,63,0.011109,4,no_recorded_owner,E0057,Birla Group Holdings Private Limited,UltraTech Cement Ltd <-[56.11%]- Grasim Industries Ltd <-[4.29%]- Hindalco Industries Ltd <-[1.33%]- Pilani Investment and Industries Corporation Ltd <-[34.70%]- Birla Group Holdings Private Limited,E0382>E0126>E0138>E0292>E0057
E0382,UltraTech Cement Ltd,64,0.010836,2,no_recorded_owner,E0270,NPS TRUST- A/C SBI PENSION FUND SCHEME - STATE GOVT,UltraTech Cement Ltd <-[0.43%]- Hindalco Industries Ltd <-[2.52%]- NPS TRUST- A/C SBI PENSION FUND SCHEME - STATE GOVT,E0382>E0138>E0270
E0382,UltraTech Cement Ltd,65,0.010351,3,no_recorded_owner,E0278,P.T. Indo Bharat Rayon,UltraTech Cement Ltd <-[56.11%]- Grasim Industries Ltd <-[4.29%]- Hindalco Industries Ltd <-[0.43%]- P.T. Indo Bharat Rayon,E0382>E0126>E0138>E0278
E0382,UltraTech Cement Ltd,66,0.01,1,below_threshold,E0070,Century Enka Ltd,UltraTech Cement Ltd <-[0.01%]- Century Enka Ltd,E0382>E0070
E0382,UltraTech Cement Ltd,67,0.01,1,natural_person,E0307,Rajashree Birla,UltraTech Cement Ltd <-[0.01%]- Rajashree Birla,E0382>E0307
E0402,Vodafone Idea Ltd,1,49.0,1,no_recorded_owner,E0090,Department of Investment and Public Asset Management,Vodafone Idea Ltd <-[49.00%]- Department of Investment and Public Asset Management,E0402>E0090
E0402,Vodafone Idea Ltd,2,5.16,1,no_recorded_owner,E0111,EURO PACIFIC SECURITIES LTD,Vodafone Idea Ltd <-[5.16%]- EURO PACIFIC SECURITIES LTD,E0402>E0111
E0402,Vodafone Idea Ltd,3,4.05,1,no_recorded_owner,E0273,ORIANA INVESTMENTS PTE LTD,Vodafone Idea Ltd <-[4.05%]- ORIANA INVESTMENTS PTE LTD,E0402>E0273
E0402,Vodafone Idea Ltd,4,2.54,1,no_recorded_owner,E0299,PRIME METALS LTD,Vodafone Idea Ltd <-[2.54%]- PRIME METALS LTD,E0402>E0299
E0402,Vodafone Idea Ltd,5,1.55,1,no_recorded_owner,E0239,MOBILVEST,Vodafone Idea Ltd <-[1.55%]- MOBILVEST,E0402>E0239
E0402,Vodafone Idea Ltd,6,1.5,1,no_recorded_owner,E0403,VODAFONE TELECOMMUNICATIONS (INDIA) LIMITED,Vodafone Idea Ltd <-[1.50%]- VODAFONE TELECOMMUNICATIONS (INDIA) LIMITED,E0402>E0403
E0402,Vodafone Idea Ltd,7,1.35,1,no_recorded_owner,E0377,TRANS CRYSTAL LTD,Vodafone Idea Ltd <-[1.35%]- TRANS CRYSTAL LTD,E0402>E0377
E0402,Vodafone Idea Ltd,8,1.26,1,no_recorded_owner,E0272,OMEGA TELECOM HOLDINGS PRIVATE LIMITED,Vodafone Idea Ltd <-[1.26%]- OMEGA TELECOM HOLDINGS PRIVATE LIMITED,E0402>E0272
E0402,Vodafone Idea Ltd,9,1.04,1,no_recorded_owner,E0181,KOTAK MAHINDRA TRUSTEE CO LTD A/C KOTAK NIFTY MIDCAP 150 MOMENTUM 50 INDEX FUND,Vodafone Idea Ltd <-[1.04%]- KOTAK MAHINDRA TRUSTEE CO LTD A/C KOTAK NIFTY MIDCAP 150 MOMENTUM 50 INDEX FUND,E0402>E0181
E0402,Vodafone Idea Ltd,10,0.9,1,no_recorded_owner,E0039,ASIAN TELECOMMUNICATIONS INVESTMENTS (MAURITIUS) LIMITED,Vodafone Idea Ltd <-[0.90%]- ASIAN TELECOMMUNICATIONS INVESTMENTS (MAURITIUS) LIMITED,E0402>E0039
E0402,Vodafone Idea Ltd,11,0.79,1,no_recorded_owner,E0109,ELAINE INVESTMENTS PTE LTD,Vodafone Idea Ltd <-[0.79%]- ELAINE INVESTMENTS PTE LTD,E0402>E0109
E0402,Vodafone Idea Ltd,12,0.75,1,no_recorded_owner,E0019,AL-AMIN INVESTMENTS LTD,Vodafone Idea Ltd <-[0.75%]- AL-AMIN INVESTMENTS LTD,E0402>E0019
E0402,Vodafone Idea Ltd,13,0.709308,2,no_recorded_owner,E0057,Birla Group Holdings Private Limited,Vodafone Idea Ltd <-[3.06%]- Grasim Industries Ltd <-[23.18%]- Birla Group Holdings Private Limited,E0402>E0126>E0057
E0402,Vodafone Idea Ltd,14,0.65,1,no_recorded_owner,E0384,USHA MARTIN TELEMATICS LIMITED,Vodafone Idea Ltd <-[0.65%]- USHA MARTIN TELEMATICS LIMITED,E0402>E0384
E0402,Vodafone Idea Ltd,15,0.41,1,no_recorded_owner,E0069,CC II (MAURITIUS) INC,Vodafone Idea Ltd <-[0.41%]- CC II (MAURITIUS) INC,E0402>E0069
E0402,Vodafone Idea Ltd,16,0.38,1,no_recorded_owner,E0154,IGH Holdings Private Limited,Vodafone Idea Ltd <-[0.38%]- IGH Holdings Private Limited,E0402>E0154
E0402,Vodafone Idea Ltd,17,0.33,1,no_recorded_owner,E0057,Birla Group Holdings Private Limited,Vodafone Idea Ltd <-[0.33%]- Birla Group Holdings Private Limited,E0402>E0057
E0402,Vodafone Idea Ltd,18,0.203184,2,no_recorded_owner,E0154,IGH Holdings Private Limited,Vodafone Idea Ltd <-[3.06%]- Grasim Industries Ltd <-[6.64%]- IGH Holdings Private Limited,E0402>E0126>E0154
E0402,Vodafone Idea Ltd,19,0.201654,2,no_recorded_owner,E0201,Life Insurance Corporation Of India,Vodafone Idea Ltd <-[3.06%]- Grasim Industries Ltd <-[6.59%]- Life Insurance Corporation Of India,E0402>E0126>E0201
E0402,Vodafone Idea Ltd,20,0.107502,2,no_recorded_owner,E0154,IGH Holdings Private Limited,Vodafone Idea Ltd <-[0.69%]- Hindalco Industries Ltd <-[15.58%]- IGH Holdings Private Limited,E0402>E0138>E0154
E0402,Vodafone Idea Ltd,21,0.09,1,natural_person,E0186,Kumar Mangalam Birla,Vodafone Idea Ltd <-[0.09%]- Kumar Mangalam Birla,E0402>E0186
E0402,Vodafone Idea Ltd,22,0.089964,2,no_recorded_owner,E0278,P.T. Indo Bharat Rayon,Vodafone Idea Ltd <-[3.06%]- Grasim Industries Ltd <-[2.94%]- P.T. Indo Bharat Rayon,E0402>E0126>E0278
E0402,Vodafone Idea Ltd,23,0.078522,2,no_recorded_owner,E0057,Birla Group Holdings Private Limited,Vodafone Idea Ltd <-[0.69%]- Hindalco Industries Ltd <-[11.38%]- Birla Group Holdings Private Limited,E0402>E0138>E0057
E0402,Vodafone Idea Ltd,24,0.077418,2,no_recorded_owner,E0077,"Citibank N.A. New York, NYADR Department","Vodafone Idea Ltd <-[3.06%]- Grasim Industries Ltd <-[2.53%]- Citibank N.A. New York, NYADR Department",E0402>E0126>E0077
E0402,Vodafone Idea Ltd,25,0.05899,2,no_recorded_owner,E0057,Birla Group Holdings Private Limited,Vodafone Idea Ltd <-[0.17%]- Pilani Investment and Industries Corporation Ltd <-[34.70%]- Birla Group Holdings Private Limited,E0402>E0292>E0057
E0402,Vodafone Idea Ltd,26,0.04896,2,no_recorded_owner,E0328,Sbi Nifty 50 Etf,Vodafone Idea Ltd <-[3.06%]- Grasim Industries Ltd <-[1.60%]- Sbi Nifty 50 Etf,E0402>E0126>E0328
E0402,Vodafone Idea Ltd,27,0.047357,3,no_recorded_owner,E0057,Birla Group Holdings Private Limited,Vodafone Idea Ltd <-[3.06%]- Grasim Industries Ltd <-[4.46%]- Pilani Investment and Industries Corporation Ltd <-[34.70%]- Birla Group Holdings Private Limited,E0402>E0126>E0292>E0057
E0402,Vodafone Idea Ltd,28,0.044676,2,no_recorded_owner,E0117,GAGANDEEP CREDIT CAPITAL PVT LTD,Vodafone Idea Ltd <-[3.06%]- Grasim Industries Ltd <-[1.46%]- GAGANDEEP CREDIT CAPITAL PVT LTD,E0402>E0126>E0117
E0402,Vodafone Idea Ltd,29,0.044064,2,no_recorded_owner,E0267,Nps Trust A/C Uti Pension Fund Limited-Scheme State Govt,Vodafone Idea Ltd <-[3.06%]- Grasim Industries Ltd <-[1.44%]- Nps Trust A/C Uti Pension Fund Limited-Scheme State Govt,E0402>E0126>E0267
E0402,Vodafone Idea Ltd,30,0.043758,2,no_recorded_owner,E0332,Shamyak Investment Private Limited,Vodafone Idea Ltd <-[3.06%]- Grasim Industries Ltd <-[1.43%]- Shamyak Investment Private Limited,E0402>E0126>E0332
E0402,Vodafone Idea Ltd,31,0.035802,2,no_recorded_owner,E0374,Theleme Master Fund Limited,Vodafone Idea Ltd <-[3.06%]- Grasim Industries Ltd <-[1.17%]- Theleme Master Fund Limited,E0402>E0126>E0374
E0402,Vodafone Idea Ltd,32,0.032606,2,no_recorded_owner,E0280,Padmavati Investment Private Limited,Vodafone Idea Ltd <-[0.17%]- Pilani Investment and Industries Corporation Ltd <-[19.18%]- Padmavati Investment Private Limited,E0402>E0292>E0280
E0402,Vodafone Idea Ltd,33,0.031671,2,no_recorded_owner,E0201,Life Insurance Corporation Of India,Vodafone Idea Ltd <-[0.69%]- Hindalco Industries Ltd <-[4.59%]- Life Insurance Corporation Of India,E0402>E0138>E0201
E0402,Vodafone Idea Ltd,34,0.030906,2,no_recorded_owner,E0149,ICICI Prudential Nifty ETF,Vodafone Idea Ltd <-[3.06%]- Grasim Industries Ltd <-[1.01%]- ICICI Prudential Nifty ETF,E0402>E0126>E0149
E0402,Vodafone Idea Ltd,35,0.029784,2,no_recorded_owner,E0372,THE PUNJAB PRODUCE AND TRADING CO PVT LTD,Vodafone Idea Ltd <-[0.17%]- Pilani Investment and Industries Corporation Ltd <-[17.52%]- THE PUNJAB PRODUCE AND TRADING CO PVT LTD,E0402>E0292>E0372
E0402,Vodafone Idea Ltd,36,0.028842,2,no_recorded_owner,E0240,"Morgan Guaranty Trust Company Of New York, Asdepositary","Vodafone Idea Ltd <-[0.69%]- Hindalco Industries Ltd <-[4.18%]- Morgan Guaranty Trust Company Of New York, Asdepositary",E0402>E0138>E0240
E0402,Vodafone Idea Ltd,37,0.027048,2,below_threshold,E0126,Grasim Industries Ltd,Vodafone Idea Ltd <-[0.69%]- Hindalco Industries Ltd <-[3.92%]- Grasim Industries Ltd,E0402>E0138>E0126
E0402,Vodafone Idea Ltd,38,0.026176,3,no_recorded_owner,E0280,Padmavati Investment Private Limited,Vodafone Idea Ltd <-[3.06%]- Grasim Industries Ltd <-[4.46%]- Pilani Investment and Industries Corporation Ltd <-[19.18%]- Padmavati Investment Private Limited,E0402>E0126>E0292>E0280
E0402,Vodafone Idea Ltd,39,0.023911,3,no_recorded_owner,E0372,THE PUNJAB PRODUCE AND TRADING CO PVT LTD,Vodafone Idea Ltd <-[3.06%]- Grasim Industries Ltd <-[4.46%]- Pilani Investment and Industries Corporation Ltd <-[17.52%]- THE PUNJAB PRODUCE AND TRADING CO PVT LTD,E0402>E0126>E0292>E0372
E0402,Vodafone Idea Ltd,40,0.02142,2,no_recorded_owner,E0371,Thai Rayon Public Company Limited,Vodafone Idea Ltd <-[3.06%]- Grasim Industries Ltd <-[0.70%]- Thai Rayon Public Company Limited,E0402>E0126>E0371
E0402,Vodafone Idea Ltd,41,0.020452,3,no_recorded_owner,E0154,IGH Holdings Private Limited,Vodafone Idea Ltd <-[3.06%]- Grasim Industries Ltd <-[4.29%]- Hindalco Industries Ltd <-[15.58%]- IGH Holdings Private Limited,E0402>E0126>E0138>E0154
E0402,Vodafone Idea Ltd,42,0.020196,2,no_recorded_owner,E0028,Anatole Investments Pte Ltd,Vodafone Idea Ltd <-[3.06%]- Grasim Industries Ltd <-[0.66%]- Anatole Investments Pte Ltd,E0402>E0126>E0028
E0402,Vodafone Idea Ltd,43,0.018285,2,no_recorded_owner,E0123,Governement of Singapore,Vodafone Idea Ltd <-[0.69%]- Hindalco Industries Ltd <-[2.65%]- Governement of Singapore,E0402>E0138>E0123
E0402,Vodafone Idea Ltd,44,0.017388,2,no_recorded_owner,E0270,NPS TRUST- A/C SBI PENSION FUND SCHEME - STATE GOVT,Vodafone Idea Ltd <-[0.69%]- Hindalco Industries Ltd <-[2.52%]- NPS TRUST- A/C SBI PENSION FUND SCHEME - STATE GOVT,E0402>E0138>E0270
E0402,Vodafone Idea Ltd,45,0.015801,2,no_recorded_owner,E0328,Sbi Nifty 50 Etf,Vodafone Idea Ltd <-[0.69%]- Hindalco Industries Ltd <-[2.29%]- Sbi Nifty 50 Etf,E0402>E0138>E0328
E0402,Vodafone Idea Ltd,46,0.014939,3,no_recorded_owner,E0057,Birla Group Holdings Private Limited,Vodafone Idea Ltd <-[3.06%]- Grasim Industries Ltd <-[4.29%]- Hindalco Industries Ltd <-[11.38%]- Birla Group Holdings Private Limited,E0402>E0126>E0138>E0057
E0404,Voltas Ltd,1,26.64,1,no_recorded_owner,E0365,Tata Sons Private Limited,Voltas Ltd <-[26.64%]- Tata Sons Private Limited,E0404>E0365
E0404,Voltas Ltd,2,7.72,1,no_recorded_owner,E0201,Life Insurance Corporation Of India,Voltas Ltd <-[7.72%]- Life Insurance Corporation Of India,E0404>E0201
E0404,Voltas Ltd,3,5.79,1,no_recorded_owner,E0270,NPS TRUST- A/C SBI PENSION FUND SCHEME - STATE GOVT,Voltas Ltd <-[5.79%]- NPS TRUST- A/C SBI PENSION FUND SCHEME - STATE GOVT,E0404>E0270
E0404,Voltas Ltd,4,5.73,1,no_recorded_owner,E0258,Nippon Life India Trustee Ltd,Voltas Ltd <-[5.73%]- Nippon Life India Trustee Ltd,E0404>E0258
E0404,Voltas Ltd,5,2.29,1,no_recorded_owner,E0182,Kotak Midcap Fund,Voltas Ltd <-[2.29%]- Kotak Midcap Fund,E0404>E0182
E0404,Voltas Ltd,6,2.26,1,no_recorded_owner,E0325,SBI Life Insurance Co. Ltd,Voltas Ltd <-[2.26%]- SBI Life Insurance Co. Ltd,E0404>E0325
E0404,Voltas Ltd,7,2.062151,2,no_recorded_owner,E0365,Tata Sons Private Limited,Voltas Ltd <-[3.01%]- Tata Investment Corporation Ltd <-[68.51%]- Tata Sons Private Limited,E0404>E0360>E0365
E0404,Voltas Ltd,8,1.92,1,no_recorded_owner,E0132,HDFC LIFE INSURANCE COMPANY LIMITED,Voltas Ltd <-[1.92%]- HDFC LIFE INSURANCE COMPANY LIMITED,E0404>E0132
E0404,Voltas Ltd,9,1.61,1,no_recorded_owner,E0348,Tata AIA Life Insurance Co Ltd,Voltas Ltd <-[1.61%]- Tata AIA Life Insurance Co Ltd,E0404>E0348
E0404,Voltas Ltd,10,1.36,1,no_recorded_owner,E0323,SBI LARGE & MIDCAP FUND,Voltas Ltd <-[1.36%]- SBI LARGE & MIDCAP FUND,E0404>E0323
E0404,Voltas Ltd,11,1.28,1,no_recorded_owner,E0103,DSP Midcap Fund,Voltas Ltd <-[1.28%]- DSP Midcap Fund,E0404>E0103
E0404,Voltas Ltd,12,1.02,1,no_recorded_owner,E0146,ICICI Prudential Life Insurance Company Limited,Voltas Ltd <-[1.02%]- ICICI Prudential Life Insurance Company Limited,E0404>E0146
E0404,Voltas Ltd,13,1.02,1,no_recorded_owner,E0396,Vanguard Total International Stock Index Fund,Voltas Ltd <-[1.02%]- Vanguard Total International Stock Index Fund,E0404>E0396
E0404,Voltas Ltd,14,0.58,1,no_recorded_owner,E0112,Ewart Investments Limited,Voltas Ltd <-[0.58%]- Ewart Investments Limited,E0404>E0112
E0404,Voltas Ltd,15,0.047859,2,no_recorded_owner,E0112,Ewart Investments Limited,Voltas Ltd <-[3.01%]- Tata Investment Corporation Ltd <-[1.59%]- Ewart Investments Limited,E0404>E0360>E0112
E0404,Voltas Ltd,16,0.031647,2,no_recorded_owner,E0365,Tata Sons Private Limited,Voltas Ltd <-[0.07%]- Tata Power Company Ltd <-[45.21%]- Tata Sons Private Limited,E0404>E0363>E0365
E0404,Voltas Ltd,17,0.026187,2,below_threshold,E0351,Tata Chemicals Ltd,Voltas Ltd <-[3.01%]- Tata Investment Corporation Ltd <-[0.87%]- Tata Chemicals Ltd,E0404>E0360>E0351
E0404,Voltas Ltd,18,0.021365,3,no_recorded_owner,E0365,Tata Sons Private Limited,Voltas Ltd <-[3.01%]- Tata Investment Corporation Ltd <-[1.57%]- Tata Power Company Ltd <-[45.21%]- Tata Sons Private Limited,E0404>E0360>E0363>E0365
E0404,Voltas Ltd,19,0.013545,2,below_threshold,E0366,Tata Steel Ltd,Voltas Ltd <-[3.01%]- Tata Investment Corporation Ltd <-[0.45%]- Tata Steel Ltd,E0404>E0360>E0366
