holder_name,held_name,stake_pct,filing_date,entity_type,holder_role,shares_held,held_scrip_code,as_on_date,group
GRASIM INDUSTRIES LIMITED,Aditya Birla Capital Ltd,53.06,2026-07-21,corporate,Promoter,1450703682,540691,2026-06-30,Aditya Birla
BIRLA GROUP HOLDINGS PRIVATE LIMITED,Aditya Birla Capital Ltd,8.12,2026-07-21,corporate,Promoter Group,221950922,540691,2026-06-30,Aditya Birla
PI OPPORTUNITIES FUND I,Aditya Birla Capital Ltd,2.9,2026-07-21,corporate,Public (>1%),79350373,540691,2026-06-30,Aditya Birla
MOTILAL OSWAL NIFTY 200 MOMENTUM 30 INDEX FUND,Aditya Birla Capital Ltd,2.08,2026-07-21,corporate,Public (>1%),56816071,540691,2026-06-30,Aditya Birla
ESSEL MINING & INDUSTRIES LTD,Aditya Birla Capital Ltd,1.96,2026-07-21,corporate,Promoter Group,53692810,540691,2026-06-30,Aditya Birla
LIFE INSURANCE CORPORATION OF INDIA,Aditya Birla Capital Ltd,1.48,2026-07-21,corporate,Public (>1%),40602681,540691,2026-06-30,Aditya Birla
HINDALCO INDUSTRIES LIMITED,Aditya Birla Capital Ltd,1.45,2026-07-21,corporate,Promoter Group,39511455,540691,2026-06-30,Aditya Birla
Surya Kiran Investments Pte Limited,Aditya Birla Capital Ltd,1.38,2026-07-21,corporate,Promoter Group,37649337,540691,2026-06-30,Aditya Birla
PILANI INVESTMENT AND INDUSTRIES,Aditya Birla Capital Ltd,1.23,2026-07-21,corporate,Promoter Group,33601721,540691,2026-06-30,Aditya Birla
P.T. Indo Bharat Rayon,Aditya Birla Capital Ltd,1.02,2026-07-21,corporate,Promoter Group,28005628,540691,2026-06-30,Aditya Birla
Suryaja Investments Pte. Ltd.,Aditya Birla Capital Ltd,0.21,2026-07-21,corporate,Promoter Group,5617661,540691,2026-06-30,Aditya Birla
Thai Rayon Public Company Limited,Aditya Birla Capital Ltd,0.1,2026-07-21,corporate,Promoter Group,2695000,540691,2026-06-30,Aditya Birla
KUMAR MANGALAM BIRLA,Aditya Birla Capital Ltd,0.08,2026-07-21,individual,Promoter Group,2268790,540691,2026-06-30,Aditya Birla
P T Sunrise Bumi Textiles,Aditya Birla Capital Ltd,0.06,2026-07-21,corporate,Promoter Group,1776250,540691,2026-06-30,Aditya Birla
P T elegant Textile Industry,Aditya Birla Capital Ltd,0.04,2026-07-21,corporate,Promoter Group,1132250,540691,2026-06-30,Aditya Birla
BIRLA INSTITUTE OF TECHNOLOGY AND SCIENCE,Aditya Birla Capital Ltd,0.03,2026-07-21,corporate,Promoter Group,925687,540691,2026-06-30,Aditya Birla
RAJASHREE BIRLA,Aditya Birla Capital Ltd,0.03,2026-07-21,individual,Promoter Group,773989,540691,2026-06-30,Aditya Birla
RENUKA INVESTMENTS AND FINANCE LIMITED,Aditya Birla Capital Ltd,0.01,2026-07-21,corporate,Promoter Group,339059,540691,2026-06-30,Aditya Birla
VASAVADATTA BAJAJ,Aditya Birla Capital Ltd,0.01,2026-07-21,individual,Promoter Group,165951,540691,2026-06-30,Aditya Birla
ADITYA VIKRAM KUMARMANGALAM BIRLA HUF . (KARTA - KUMAR MANGALAM BIRLA),Aditya Birla Capital Ltd,0.0,2026-07-21,individual,Promoter Group,125608,540691,2026-06-30,Aditya Birla
BIRLA CONSULTANTS LIMITED,Aditya Birla Capital Ltd,0.0,2026-07-21,corporate,Promoter Group,122334,540691,2026-06-30,Aditya Birla
BIRLA INDUSTRIAL FINANCE INDIA LIMITED,Aditya Birla Capital Ltd,0.0,2026-07-21,corporate,Promoter Group,122479,540691,2026-06-30,Aditya Birla
BIRLA INDUSTRIAL INVESTMENTS INDIA LIMITED,Aditya Birla Capital Ltd,0.0,2026-07-21,corporate,Promoter Group,26119,540691,2026-06-30,Aditya Birla
NEERJA BIRLA,Aditya Birla Capital Ltd,0.0,2026-07-21,individual,Promoter Group,102286,540691,2026-06-30,Aditya Birla
RAJRATNA HOLDINGS PRIVATE LIMITED,Aditya Birla Capital Ltd,0.0,2026-07-21,corporate,Promoter Group,938,540691,2026-06-30,Aditya Birla
VAIBHAV HOLDINGS PRIVATE LIMITED,Aditya Birla Capital Ltd,0.0,2026-07-21,corporate,Promoter Group,938,540691,2026-06-30,Aditya Birla
VIKRAM HOLDINGS PVT LTD,Aditya Birla Capital Ltd,0.0,2026-07-21,corporate,Promoter Group,1050,540691,2026-06-30,Aditya Birla
Birla Group Holdings Private Limited,Aditya Birla Fashion and Retail Ltd,17.4,2026-07-21,corporate,Promoter,212354965,535755,2026-06-30,Aditya Birla
Igh Holdings Private Limited,Aditya Birla Fashion and Retail Ltd,11.18,2026-07-21,corporate,Promoter Group,136472680,535755,2026-06-30,Aditya Birla
Grasim Industries Limited,Aditya Birla Fashion and Retail Ltd,8.0,2026-07-21,corporate,Promoter Group,97593931,535755,2026-06-30,Aditya Birla
Pilani Investment And Industries,Aditya Birla Fashion and Retail Ltd,5.67,2026-07-21,corporate,Promoter Group,69222856,535755,2026-06-30,Aditya Birla
Hindalco Industries Limited,Aditya Birla Fashion and Retail Ltd,4.12,2026-07-21,corporate,Promoter Group,50239794,535755,2026-06-30,Aditya Birla
Caladium Investment Pte. Ltd.,Aditya Birla Fashion and Retail Ltd,3.29,2026-07-21,corporate,Public (>1%),40190925,535755,2026-06-30,Aditya Birla
Theleme India Master Fund Limited,Aditya Birla Fashion and Retail Ltd,3.19,2026-07-21,corporate,Public (>1%),38913846,535755,2026-06-30,Aditya Birla
Quant Mutual Fund - Quant Small Cap Fund,Aditya Birla Fashion and Retail Ltd,2.0,2026-07-21,corporate,Public (>1%),24364757,535755,2026-06-30,Aditya Birla
Bandhan Large & Mid Cap Fund,Aditya Birla Fashion and Retail Ltd,1.77,2026-07-21,corporate,Public (>1%),21632332,535755,2026-06-30,Aditya Birla
Sachin Bansal,Aditya Birla Fashion and Retail Ltd,1.4,2026-07-21,individual,Public (>1%),17100000,535755,2026-06-30,Aditya Birla
Hn Safal Infra Developers Private Limited,Aditya Birla Fashion and Retail Ltd,1.16,2026-07-21,corporate,Public (>1%),14100000,535755,2026-06-30,Aditya Birla
Peanence Commercial Pvt Limited,Aditya Birla Fashion and Retail Ltd,1.05,2026-07-21,corporate,Public (>1%),12867909,535755,2026-06-30,Aditya Birla
Kumar Mangalam Birla,Aditya Birla Fashion and Retail Ltd,0.1,2026-07-21,individual,Promoter Group,1251589,535755,2026-06-30,Aditya Birla
Rajashree Birla,Aditya Birla Fashion and Retail Ltd,0.07,2026-07-21,individual,Promoter Group,863696,535755,2026-06-30,Aditya Birla
Aryaman Vikram Birla,Aditya Birla Fashion and Retail Ltd,0.03,2026-07-21,individual,Promoter Group,425000,535755,2026-06-30,Aditya Birla
ABNL Investment Limited,Aditya Birla Fashion and Retail Ltd,0.01,2026-07-21,corporate,Promoter Group,77430,535755,2026-06-30,Aditya Birla
Birla Consultants Limited,Aditya Birla Fashion and Retail Ltd,0.01,2026-07-21,corporate,Promoter Group,166422,535755,2026-06-30,Aditya Birla
Birla Industrial Finance India Limited,Aditya Birla Fashion and Retail Ltd,0.01,2026-07-21,corporate,Promoter Group,166508,535755,2026-06-30,Aditya Birla
Aditya Vikram Kumarmangalam Birla Huf .,Aditya Birla Fashion and Retail Ltd,0.0,2026-07-21,individual,Promoter Group,1780,535755,2026-06-30,Aditya Birla
Birla Industrial Investments India Limited,Aditya Birla Fashion and Retail Ltd,0.0,2026-07-21,corporate,Promoter Group,34666,535755,2026-06-30,Aditya Birla
Neerja Birla,Aditya Birla Fashion and Retail Ltd,0.0,2026-07-21,individual,Promoter Group,20270,535755,2026-06-30,Aditya Birla
Vasavadatta Bajaj,Aditya Birla Fashion and Retail Ltd,0.0,2026-07-21,individual,Promoter Group,19542,535755,2026-06-30,Aditya Birla
Birla Group Holdings Private Limited,Aditya Birla Lifestyle Brands Ltd,14.55,2026-07-21,corporate,Promoter,177602065,544403,2026-06-30,Aditya Birla
Igh Holdings Private Limited,Aditya Birla Lifestyle Brands Ltd,11.18,2026-07-21,corporate,Promoter Group,136472680,544403,2026-06-30,Aditya Birla
Pilani Investment And Industries,Aditya Birla Lifestyle Brands Ltd,8.52,2026-07-21,corporate,Promoter Group,103969875,544403,2026-06-30,Aditya Birla
Grasim Industries Ltd,Aditya Birla Lifestyle Brands Ltd,8.0,2026-07-21,corporate,Promoter Group,97593931,544403,2026-06-30,Aditya Birla
Caladium Investment Pte. Ltd.,Aditya Birla Lifestyle Brands Ltd,5.39,2026-07-21,corporate,Public (>1%),65800866,544403,2026-06-30,Aditya Birla
Nippon Life India Trustee Ltd-A/C Nippon India Multi Cap Fund,Aditya Birla Lifestyle Brands Ltd,5.34,2026-07-21,corporate,Public (>1%),65217601,544403,2026-06-30,Aditya Birla
Quant Mutual Fund - Quant Small Cap Fund,Aditya Birla Lifestyle Brands Ltd,4.6,2026-07-21,corporate,Public (>1%),56182335,544403,2026-06-30,Aditya Birla
ICICI Prudential India Opportunities Fund,Aditya Birla Lifestyle Brands Ltd,4.29,2026-07-21,corporate,Public (>1%),52396547,544403,2026-06-30,Aditya Birla
Hindalco Industries Limited,Aditya Birla Lifestyle Brands Ltd,4.12,2026-07-21,corporate,Promoter Group,50239794,544403,2026-06-30,Aditya Birla
SBI Life Insurance Co. Ltd,Aditya Birla Lifestyle Brands Ltd,3.78,2026-07-21,corporate,Public (>1%),46164947,544403,2026-06-30,Aditya Birla
Amansa Holdings Private Limited,Aditya Birla Lifestyle Brands Ltd,2.47,2026-07-21,corporate,Public (>1%),30105517,544403,2026-06-30,Aditya Birla
Peanence Commercial Pvt Limited,Aditya Birla Lifestyle Brands Ltd,1.01,2026-07-21,corporate,Public (>1%),12284762,544403,2026-06-30,Aditya Birla
Kumar Mangalam Birla,Aditya Birla Lifestyle Brands Ltd,0.1,2026-07-21,individual,Promoter Group,1251589,544403,2026-06-30,Aditya Birla
Rajashree Birla,Aditya Birla Lifestyle Brands Ltd,0.07,2026-07-21,individual,Promoter Group,863696,544403,2026-06-30,Aditya Birla
Aryaman Vikram Birla,Aditya Birla Lifestyle Brands Ltd,0.02,2026-07-21,individual,Promoter Group,268000,544403,2026-06-30,Aditya Birla
Abnl Investment Limited,Aditya Birla Lifestyle Brands Ltd,0.01,2026-07-21,corporate,Promoter Group,77430,544403,2026-06-30,Aditya Birla
Birla Consultants Limited,Aditya Birla Lifestyle Brands Ltd,0.01,2026-07-21,corporate,Promoter Group,166422,544403,2026-06-30,Aditya Birla
Birla Industrial Finance India Limited,Aditya Birla Lifestyle Brands Ltd,0.01,2026-07-21,corporate,Promoter Group,166508,544403,2026-06-30,Aditya Birla
Aditya Vikram Kumarmangalam Birla Huf,Aditya Birla Lifestyle Brands Ltd,0.0,2026-07-21,individual,Promoter Group,1780,544403,2026-06-30,Aditya Birla
Birla Industrial Investments India Limited,Aditya Birla Lifestyle Brands Ltd,0.0,2026-07-21,corporate,Promoter Group,34666,544403,2026-06-30,Aditya Birla
Neerja Birla,Aditya Birla Lifestyle Brands Ltd,0.0,2026-07-21,individual,Promoter Group,20270,544403,2026-06-30,Aditya Birla
Vasavadatta Bajaj,Aditya Birla Lifestyle Brands Ltd,0.0,2026-07-21,individual,Promoter Group,19542,544403,2026-06-30,Aditya Birla
Pilani Investment and Industries Corporation Limited,Aditya Birla Real Estate Ltd,33.29,2026-07-20,corporate,Promoter,37180000,500040,2026-06-30,Aditya Birla
IGH Holdings Private Limited,Aditya Birla Real Estate Ltd,9.98,2026-07-20,corporate,Promoter Group,11150000,500040,2026-06-30,Aditya Birla
Birla Group Holdings Private Limited,Aditya Birla Real Estate Ltd,6.77,2026-07-20,corporate,Promoter Group,7560900,500040,2026-06-30,Aditya Birla
Canara Robeco Mutual Fund A/C Canara Robeco Large And Mid Cap Fund,Aditya Birla Real Estate Ltd,2.93,2026-07-20,corporate,Public (>1%),3271326,500040,2026-06-30,Aditya Birla
Invesco India Focused Fund,Aditya Birla Real Estate Ltd,2.57,2026-07-20,corporate,Public (>1%),2867895,500040,2026-06-30,Aditya Birla
Aditya Birla Sun Life Trustee Private Limited A/C - Aditya Birla Sun Life Elss Tax Saver Fund,Aditya Birla Real Estate Ltd,2.11,2026-07-20,corporate,Public (>1%),2352594,500040,2026-06-30,Aditya Birla
Bandhan Small Cap Fund,Aditya Birla Real Estate Ltd,1.97,2026-07-20,corporate,Public (>1%),2200652,500040,2026-06-30,Aditya Birla
Nippon Life India Trustee Ltd-A/C Nippon India Small Cap Fund,Aditya Birla Real Estate Ltd,1.63,2026-07-20,corporate,Public (>1%),1822974,500040,2026-06-30,Aditya Birla
Birla Corporation Limited,Aditya Birla Real Estate Ltd,1.62,2026-07-20,corporate,Public (>1%),1807660,500040,2026-06-30,Aditya Birla
Hitesh Satishchandra Doshi,Aditya Birla Real Estate Ltd,1.52,2026-07-20,individual,Public (>1%),1694109,500040,2026-06-30,Aditya Birla
Goldman Sachs Funds - Goldman Sachs India Equity Portfolio,Aditya Birla Real Estate Ltd,1.4,2026-07-20,corporate,Public (>1%),1567923,500040,2026-06-30,Aditya Birla
Hsbc Mutual Fund - Hsbc Value Fund,Aditya Birla Real Estate Ltd,1.0,2026-07-20,corporate,Public (>1%),1117507,500040,2026-06-30,Aditya Birla
Prakash Educational Society,Aditya Birla Real Estate Ltd,0.11,2026-07-20,corporate,Promoter Group,128000,500040,2026-06-30,Aditya Birla
Birla Educational Institution,Aditya Birla Real Estate Ltd,0.04,2026-07-20,corporate,Promoter Group,44000,500040,2026-06-30,Aditya Birla
Padmavati Investment Private Limited,Aditya Birla Real Estate Ltd,0.01,2026-07-20,corporate,Promoter Group,16700,500040,2026-06-30,Aditya Birla
Birla Group Holdings Private Limited,Century Enka Ltd,16.63,2026-07-18,corporate,Promoter Group,3633690,500280,2026-06-30,Aditya Birla
Quant Mutual Fund - Quant Multi Cap Fund,Century Enka Ltd,7.87,2026-07-18,corporate,Public (>1%),1720053,500280,2026-06-30,Aditya Birla
Aditya Birla Real Estate Limited,Century Enka Ltd,5.8,2026-07-18,corporate,Promoter Group,1266887,500280,2026-06-30,Aditya Birla
Hitesh Ramji Javeri,Century Enka Ltd,3.39,2026-07-18,individual,Public (>1%),739764,500280,2026-06-30,Aditya Birla
Harsha Hitesh Javeri,Century Enka Ltd,2.52,2026-07-18,individual,Public (>1%),550000,500280,2026-06-30,Aditya Birla
Zen Securities Ltd,Century Enka Ltd,2.27,2026-07-18,corporate,Public (>1%),495818,500280,2026-06-30,Aditya Birla
Larsin Enterprises Corp,Century Enka Ltd,2.06,2026-07-18,corporate,Public (>1%),450000,500280,2026-06-30,Aditya Birla
Malingos International Holdings Limited,Century Enka Ltd,2.06,2026-07-18,corporate,Public (>1%),450000,500280,2026-06-30,Aditya Birla
Icici Prudential Smallcap Fund,Century Enka Ltd,1.97,2026-07-18,corporate,Public (>1%),429938,500280,2026-06-30,Aditya Birla
Investor Education And Protection Fund Authority Ministry Of Corporate Affairs,Century Enka Ltd,1.54,2026-07-18,corporate,Public (>1%),335990,500280,2026-06-30,Aditya Birla
Ramesh Chimanlal Shah,Century Enka Ltd,1.28,2026-07-18,individual,Public (>1%),280076,500280,2026-06-30,Aditya Birla
Prakash Educational Society,Century Enka Ltd,1.27,2026-07-18,corporate,Promoter,277360,500280,2026-06-30,Aditya Birla
French Wilbert Ltd,Century Enka Ltd,1.14,2026-07-18,corporate,Public (>1%),250000,500280,2026-06-30,Aditya Birla
Birla Education Trust,Century Enka Ltd,0.34,2026-07-18,corporate,Promoter Group,75000,500280,2026-06-30,Aditya Birla
Pilani Investment And Industries,Century Enka Ltd,0.33,2026-07-18,corporate,Promoter Group,71360,500280,2026-06-30,Aditya Birla
Aditya Vikram Kumarmangalam Birla Huf .,Century Enka Ltd,0.14,2026-07-18,individual,Promoter,29760,500280,2026-06-30,Aditya Birla
Padmavati Investment Private Limited,Century Enka Ltd,0.13,2026-07-18,corporate,Promoter Group,28891,500280,2026-06-30,Aditya Birla
Rajashree Birla,Century Enka Ltd,0.12,2026-07-18,individual,Promoter,26080,500280,2026-06-30,Aditya Birla
B. K. Birla Foundation,Century Enka Ltd,0.07,2026-07-18,corporate,Promoter Group,15090,500280,2026-06-30,Aditya Birla
Vasavadatta Bajaj,Century Enka Ltd,0.04,2026-07-18,individual,Promoter,8930,500280,2026-06-30,Aditya Birla
Birla Group Holdings Private Limited,Grasim Industries Ltd,23.18,2026-07-17,corporate,Promoter,157782973,500300,2026-06-30,Aditya Birla
IGH Holdings Private Limited,Grasim Industries Ltd,6.64,2026-07-17,corporate,Promoter Group,45195313,500300,2026-06-30,Aditya Birla
Life Insurance Corporation of India,Grasim Industries Ltd,6.59,2026-07-17,corporate,Public (>1%),44867472,500300,2026-06-30,Aditya Birla
Pilani Investment and Industries,Grasim Industries Ltd,4.46,2026-07-17,corporate,Promoter Group,30335623,500300,2026-06-30,Aditya Birla
Hindalco Industries Limited,Grasim Industries Ltd,4.29,2026-07-17,corporate,Promoter Group,29168472,500300,2026-06-30,Aditya Birla
P.T. Indo Bharat Rayon,Grasim Industries Ltd,2.94,2026-07-17,corporate,Promoter Group,20004020,500300,2026-06-30,Aditya Birla
"Citibank N.A. New York, NYADR Department",Grasim Industries Ltd,2.53,2026-07-17,corporate,Public (>1%),17247309,500300,2026-06-30,Aditya Birla
SBI Nifty 50 ETF,Grasim Industries Ltd,1.6,2026-07-17,corporate,Public (>1%),10916925,500300,2026-06-30,Aditya Birla
Gagandeep Credit Capital Pvt Ltd,Grasim Industries Ltd,1.46,2026-07-17,corporate,Public (>1%),9923232,500300,2026-06-30,Aditya Birla
NPS Trust A/c UTI Pension Fund Limited-Scheme Stat,Grasim Industries Ltd,1.44,2026-07-17,corporate,Public (>1%),9803199,500300,2026-06-30,Aditya Birla
Shamyak Investment Private Limited,Grasim Industries Ltd,1.43,2026-07-17,corporate,Public (>1%),9754231,500300,2026-06-30,Aditya Birla
Theleme Master Fund Limited,Grasim Industries Ltd,1.17,2026-07-17,corporate,Public (>1%),7976267,500300,2026-06-30,Aditya Birla
ICICI Prudential Nifty ETF,Grasim Industries Ltd,1.01,2026-07-17,corporate,Public (>1%),6900184,500300,2026-06-30,Aditya Birla
Thai Rayon Public Company Limited,Grasim Industries Ltd,0.7,2026-07-17,corporate,Promoter Group,4774666,500300,2026-06-30,Aditya Birla
Anatole Investments Pte Ltd,Grasim Industries Ltd,0.66,2026-07-17,corporate,Promoter Group,4459323,500300,2026-06-30,Aditya Birla
Kumar Mangalam Birla,Grasim Industries Ltd,0.26,2026-07-17,individual,Promoter,1776589,500300,2026-06-30,Aditya Birla
P T Sunrise Bumi Textiles,Grasim Industries Ltd,0.19,2026-07-17,corporate,Promoter Group,1268750,500300,2026-06-30,Aditya Birla
P T Elegant Textile Industry,Grasim Industries Ltd,0.12,2026-07-17,corporate,Promoter Group,808750,500300,2026-06-30,Aditya Birla
Birla Institute of Technology and Science,Grasim Industries Ltd,0.1,2026-07-17,corporate,Promoter Group,661205,500300,2026-06-30,Aditya Birla
Rajashree Birla,Grasim Industries Ltd,0.08,2026-07-17,individual,Promoter Group,574829,500300,2026-06-30,Aditya Birla
Renuka Ventures Limited,Grasim Industries Ltd,0.04,2026-07-17,corporate,Promoter Group,250302,500300,2026-06-30,Aditya Birla
Vasavadatta Bajaj,Grasim Industries Ltd,0.02,2026-07-17,individual,Promoter Group,123249,500300,2026-06-30,Aditya Birla
Aditya Vikram Kumarmangalam Birla HUF (Karta - Mr. Kumar Mangalam Birla),Grasim Industries Ltd,0.01,2026-07-17,individual,Promoter Group,93287,500300,2026-06-30,Aditya Birla
Advaitesha Birla,Grasim Industries Ltd,0.01,2026-07-17,individual,Promoter Group,36800,500300,2026-06-30,Aditya Birla
Ananyashree Birla,Grasim Industries Ltd,0.01,2026-07-17,individual,Promoter Group,36800,500300,2026-06-30,Aditya Birla
Aryaman Vikram Birla,Grasim Industries Ltd,0.01,2026-07-17,individual,Promoter Group,36800,500300,2026-06-30,Aditya Birla
Birla Consultants Limited,Grasim Industries Ltd,0.01,2026-07-17,corporate,Promoter Group,90856,500300,2026-06-30,Aditya Birla
Birla Industrial Finance (India) Limited,Grasim Industries Ltd,0.01,2026-07-17,corporate,Promoter Group,90962,500300,2026-06-30,Aditya Birla
Neerja Birla,Grasim Industries Ltd,0.01,2026-07-17,individual,Promoter Group,75967,500300,2026-06-30,Aditya Birla
Birla Industrial Investments (India) Limited,Grasim Industries Ltd,0.0,2026-07-17,corporate,Promoter Group,19400,500300,2026-06-30,Aditya Birla
Rajratna Holdings Private Limited,Grasim Industries Ltd,0.0,2026-07-17,corporate,Promoter Group,697,500300,2026-06-30,Aditya Birla
Surya Kiran Investments Pte Limited,Grasim Industries Ltd,0.0,2026-07-17,corporate,Promoter Group,5000,500300,2026-06-30,Aditya Birla
Vaibhav Holdings Private Limited,Grasim Industries Ltd,0.0,2026-07-17,corporate,Promoter Group,697,500300,2026-06-30,Aditya Birla
Vikram Holdings Pvt Ltd,Grasim Industries Ltd,0.0,2026-07-17,corporate,Promoter Group,781,500300,2026-06-30,Aditya Birla
Igh Holdings Private Limited,Hindalco Industries Ltd,15.58,2026-07-10,corporate,Promoter Group,350088487,500440,2026-06-30,Aditya Birla
Birla Group Holdings Private Limited,Hindalco Industries Ltd,11.38,2026-07-10,corporate,Promoter,255622668,500440,2026-06-30,Aditya Birla
Life Insurance Corporation Of India,Hindalco Industries Ltd,4.59,2026-07-10,corporate,Public (>1%),103152710,500440,2026-06-30,Aditya Birla
"Morgan Guaranty Trust Company Of New York, Asdepositary",Hindalco Industries Ltd,4.18,2026-07-10,corporate,Public (>1%),93880883,500440,2026-06-30,Aditya Birla
Grasim Industries Ltd,Hindalco Industries Ltd,3.92,2026-07-10,corporate,Promoter Group,88048812,500440,2026-06-30,Aditya Birla
Government Of Singapore,Hindalco Industries Ltd,2.65,2026-07-10,corporate,Public (>1%),59446613,500440,2026-06-30,Aditya Birla
Nps Trust- A/C Sbi Pension Fund Scheme - State Govt,Hindalco Industries Ltd,2.52,2026-07-10,corporate,Public (>1%),56668740,500440,2026-06-30,Aditya Birla
Sbi Nifty 50 Etf,Hindalco Industries Ltd,2.29,2026-07-10,corporate,Public (>1%),51397571,500440,2026-06-30,Aditya Birla
Icici Prudential Large & Mid Cap Fund,Hindalco Industries Ltd,1.35,2026-07-10,corporate,Public (>1%),30353511,500440,2026-06-30,Aditya Birla
Pilani Investment And Industries,Hindalco Industries Ltd,1.33,2026-07-10,corporate,Promoter Group,29857969,500440,2026-06-30,Aditya Birla
Aditya Birla Sun Life Trustee Private Limited A/C - Aditya Birla Sun Life Large Cap Fund,Hindalco Industries Ltd,1.11,2026-07-10,corporate,Public (>1%),25024473,500440,2026-06-30,Aditya Birla
Birla Institute Of Technology And Science,Hindalco Industries Ltd,0.96,2026-07-10,corporate,Promoter Group,21583090,500440,2026-06-30,Aditya Birla
TRUSTEE HOLDING SHARES UNDER THE SCHEME OF MERGER OF HIL/IGCL/IGFL ON BEHALF OF HINDALCO,Hindalco Industries Ltd,0.73,2026-07-10,corporate,Promoter Group,16316130,500440,2026-06-30,Aditya Birla
PT Indo Bharat Rayon,Hindalco Industries Ltd,0.43,2026-07-10,corporate,Promoter Group,9633890,500440,2026-06-30,Aditya Birla
P T Sunrise Bumi Textiles,Hindalco Industries Ltd,0.13,2026-07-10,corporate,Promoter Group,3004167,500440,2026-06-30,Aditya Birla
PT Elegant Textile Industry,Hindalco Industries Ltd,0.08,2026-07-10,corporate,Promoter Group,1902752,500440,2026-06-30,Aditya Birla
Kumar Mangalam Birla,Hindalco Industries Ltd,0.06,2026-07-10,individual,Promoter,1341635,500440,2026-06-30,Aditya Birla
Aditya Vikram Kumarmangalam Birla Huf.,Hindalco Industries Ltd,0.03,2026-07-10,individual,Promoter Group,648632,500440,2026-06-30,Aditya Birla
Rajashree Birla,Hindalco Industries Ltd,0.03,2026-07-10,individual,Promoter Group,612470,500440,2026-06-30,Aditya Birla
Neerja Birla,Hindalco Industries Ltd,0.01,2026-07-10,individual,Promoter Group,114640,500440,2026-06-30,Aditya Birla
Vasavadatta Bajaj,Hindalco Industries Ltd,0.01,2026-07-10,individual,Promoter Group,121319,500440,2026-06-30,Aditya Birla
Global Holdings Private Limited,Hindalco Industries Ltd,0.0,2026-07-10,corporate,Promoter Group,6336,500440,2026-06-30,Aditya Birla
Surya Kiran Investments Pte Ltd,Hindalco Industries Ltd,0.0,2026-07-10,corporate,Promoter Group,1500,500440,2026-06-30,Aditya Birla
JAYASHREE FINVEST PRIVATE LIMITED,Jay Shree Tea & Industries Ltd,23.09,2026-07-20,corporate,Promoter,6668806,509715,2026-06-30,Aditya Birla
JPM MERCHANDISE AGENCIES LIMITED,Jay Shree Tea & Industries Ltd,21.17,2026-07-20,corporate,Promoter,6114108,509715,2026-06-30,Aditya Birla
ARES DIVERSIFIED,Jay Shree Tea & Industries Ltd,4.85,2026-07-20,corporate,Public (>1%),1400000,509715,2026-06-30,Aditya Birla
MRS.JAYASHREE MOHTA,Jay Shree Tea & Industries Ltd,3.83,2026-07-20,individual,Promoter,1105770,509715,2026-06-30,Aditya Birla
LOK PRAKASHAN,Jay Shree Tea & Industries Ltd,2.96,2026-07-20,corporate,Public (>1%),855030,509715,2026-06-30,Aditya Birla
MR.VIKAS NAVNIT GANDHI,Jay Shree Tea & Industries Ltd,1.3,2026-07-20,individual,Public (>1%),374017,509715,2026-06-30,Aditya Birla
BIRLA EDUCATION TRUST,Jay Shree Tea & Industries Ltd,1.09,2026-07-20,corporate,Promoter,313788,509715,2026-06-30,Aditya Birla
INVESTOR EDUCATION & PROTECTION FUND,Jay Shree Tea & Industries Ltd,1.07,2026-07-20,corporate,Public (>1%),307664,509715,2026-06-30,Aditya Birla
ADITYA BIRLA REAL ESTATE LIMITED (FORMERLY CENTURY TEXTILES AND INDUSTRIES LIMITED),Jay Shree Tea & Industries Ltd,1.04,2026-07-20,corporate,Promoter,300000,509715,2026-06-30,Aditya Birla
BIRLA GROUP HOLDINGS PRIVATE LIMITED,Jay Shree Tea & Industries Ltd,0.24,2026-07-20,corporate,Promoter Group,70000,509715,2026-06-30,Aditya Birla
BHARAT AROGYA AND GYAN MANDIR,Jay Shree Tea & Industries Ltd,0.13,2026-07-20,corporate,Promoter,36828,509715,2026-06-30,Aditya Birla
MRS.VASAVADATTA BAJAJ,Jay Shree Tea & Industries Ltd,0.05,2026-07-20,individual,Promoter,15264,509715,2026-06-30,Aditya Birla
MR.KUMARMANGALAM BIRLA,Jay Shree Tea & Industries Ltd,0.02,2026-07-20,individual,Promoter,4500,509715,2026-06-30,Aditya Birla
PILANI INVESTMENT AND INDUSTRIES CORPORATION LIMITED,Jay Shree Tea & Industries Ltd,0.01,2026-07-20,corporate,Promoter,2844,509715,2026-06-30,Aditya Birla
PRAKASH EDUCATIONAL SOCIETY,Jay Shree Tea & Industries Ltd,0.01,2026-07-20,corporate,Promoter,3000,509715,2026-06-30,Aditya Birla
MR.VIKASH KANDOI,Jay Shree Tea & Industries Ltd,0.0,2026-07-20,individual,Promoter,1126,509715,2026-06-30,Aditya Birla
BIRLA GROUP HOLDINGS PRIVATE LIMITED,Pilani Investment and Industries Corporation Ltd,34.7,2026-07-14,corporate,Promoter,3841871,539883,2026-06-30,Aditya Birla
PADMAVATI INVESTMENT PRIVATE LIMITED,Pilani Investment and Industries Corporation Ltd,19.18,2026-07-14,corporate,Promoter Group,2123630,539883,2026-06-30,Aditya Birla
THE PUNJAB PRODUCE AND TRADING CO PVT LTD,Pilani Investment and Industries Corporation Ltd,17.52,2026-07-14,corporate,Public (>1%),1939312,539883,2026-06-30,Aditya Birla
GWALIOR WEBBING COMPANY PRIVATE LIMITED,Pilani Investment and Industries Corporation Ltd,5.74,2026-07-14,corporate,Public (>1%),635835,539883,2026-06-30,Aditya Birla
PRAKASH EDUCATIONAL SOCIETY,Pilani Investment and Industries Corporation Ltd,4.5,2026-07-14,corporate,Promoter Group,498129,539883,2026-06-30,Aditya Birla
BIRLA EDUCATIONAL INSTITUTION,Pilani Investment and Industries Corporation Ltd,0.21,2026-07-14,corporate,Promoter Group,23100,539883,2026-06-30,Aditya Birla
ESSEL MINING & INDUSTRIES LTD,Pilani Investment and Industries Corporation Ltd,0.09,2026-07-14,corporate,Promoter Group,10000,539883,2026-06-30,Aditya Birla
Grasim Industries Limited,UltraTech Cement Ltd,56.11,2026-07-15,corporate,Promoter,165335150,532538,2026-06-30,Aditya Birla
LICI NEW ENDOWMENT PLUS-SECURED FUND,UltraTech Cement Ltd,3.01,2026-07-15,corporate,Public (>1%),8862483,532538,2026-06-30,Aditya Birla
ICICI PRUDENTIAL SENSEX ETF,UltraTech Cement Ltd,2.58,2026-07-15,corporate,Public (>1%),7591888,532538,2026-06-30,Aditya Birla
NPS TRUST A/C UTI PENSION FUND LIMITED-SCHEME CENT,UltraTech Cement Ltd,2.57,2026-07-15,corporate,Public (>1%),7568236,532538,2026-06-30,Aditya Birla
SBI ARBITRAGE OPPORTUNITIES FUND,UltraTech Cement Ltd,1.73,2026-07-15,corporate,Public (>1%),5091349,532538,2026-06-30,Aditya Birla
Pilani Investment and Industries Corporation Limited,UltraTech Cement Ltd,1.5,2026-07-15,corporate,Promoter Group,4405944,532538,2026-06-30,Aditya Birla
KOTAK MAHINDRA TRUSTEE CO LTD A/C KOTAK NIFTY 100,UltraTech Cement Ltd,1.25,2026-07-15,corporate,Public (>1%),3680222,532538,2026-06-30,Aditya Birla
PT. Indo Bharat Rayon,UltraTech Cement Ltd,0.78,2026-07-15,corporate,Promoter Group,2286172,532538,2026-06-30,Aditya Birla
Hindalco Industries Limited,UltraTech Cement Ltd,0.43,2026-07-15,corporate,Promoter Group,1258515,532538,2026-06-30,Aditya Birla
Shri Kumar Mangalam Birla,UltraTech Cement Ltd,0.21,2026-07-15,individual,Promoter,611500,532538,2026-06-30,Aditya Birla
Thai Rayon Public Co. Ltd.,UltraTech Cement Ltd,0.07,2026-07-15,corporate,Promoter Group,219998,532538,2026-06-30,Aditya Birla
Aditya Birla Real Estate Limited,UltraTech Cement Ltd,0.05,2026-07-15,corporate,Promoter Group,146163,532538,2026-06-30,Aditya Birla
PT. Sunrise Bumi Textiles,UltraTech Cement Ltd,0.05,2026-07-15,corporate,Promoter Group,144998,532538,2026-06-30,Aditya Birla
Birla Institute of Technology and Science,UltraTech Cement Ltd,0.03,2026-07-15,corporate,Promoter Group,75566,532538,2026-06-30,Aditya Birla
PT. Elegant Textile Industry,UltraTech Cement Ltd,0.03,2026-07-15,corporate,Promoter Group,92428,532538,2026-06-30,Aditya Birla
Birla Group Holdings Pvt. Limited,UltraTech Cement Ltd,0.02,2026-07-15,corporate,Promoter Group,69963,532538,2026-06-30,Aditya Birla
Padmavati Investment Private Limited,UltraTech Cement Ltd,0.02,2026-07-15,corporate,Promoter Group,56336,532538,2026-06-30,Aditya Birla
Century Enka Limited,UltraTech Cement Ltd,0.01,2026-07-15,corporate,Promoter Group,40105,532538,2026-06-30,Aditya Birla
Smt. Rajashree Birla,UltraTech Cement Ltd,0.01,2026-07-15,individual,Promoter Group,41793,532538,2026-06-30,Aditya Birla
Aditya Vikram Kumarmangalam Birla HUF,UltraTech Cement Ltd,0.0,2026-07-15,individual,Promoter Group,10228,532538,2026-06-30,Aditya Birla
Advaitesha Birla,UltraTech Cement Ltd,0.0,2026-07-15,individual,Promoter Group,4300,532538,2026-06-30,Aditya Birla
Ananyashree Birla,UltraTech Cement Ltd,0.0,2026-07-15,individual,Promoter Group,4300,532538,2026-06-30,Aditya Birla
Aryaman Vikram Birla,UltraTech Cement Ltd,0.0,2026-07-15,individual,Promoter Group,4300,532538,2026-06-30,Aditya Birla
IGH Holdings Private Limited,UltraTech Cement Ltd,0.0,2026-07-15,corporate,Promoter Group,1,532538,2026-06-30,Aditya Birla
Rajratna Holdings Pvt. Limited,UltraTech Cement Ltd,0.0,2026-07-15,corporate,Promoter Group,76,532538,2026-06-30,Aditya Birla
Smt. Neerja Birla,UltraTech Cement Ltd,0.0,2026-07-15,individual,Promoter Group,8011,532538,2026-06-30,Aditya Birla
Smt. Vasavadatta Bajaj,UltraTech Cement Ltd,0.0,2026-07-15,individual,Promoter Group,13396,532538,2026-06-30,Aditya Birla
Surya Kiran Investments Pte. Ltd.,UltraTech Cement Ltd,0.0,2026-07-15,corporate,Promoter Group,572,532538,2026-06-30,Aditya Birla
Vaibhav Holdings Pvt. Limited,UltraTech Cement Ltd,0.0,2026-07-15,corporate,Promoter Group,76,532538,2026-06-30,Aditya Birla
Vikram Holding Pvt. Limited,UltraTech Cement Ltd,0.0,2026-07-15,corporate,Promoter Group,85,532538,2026-06-30,Aditya Birla
Department of Investment and Public Asset Management,Vodafone Idea Ltd,49.0,2026-07-21,corporate,Public (>1%),53083184899,532822,2026-06-30,Aditya Birla
EURO PACIFIC SECURITIES LTD,Vodafone Idea Ltd,5.16,2026-07-21,corporate,Promoter,5593277865,532822,2026-06-30,Aditya Birla
ORIANA INVESTMENTS PTE LTD,Vodafone Idea Ltd,4.05,2026-07-21,corporate,Promoter Group,4388598920,532822,2026-06-30,Aditya Birla
GRASIM INDUSTRIES LTD,Vodafone Idea Ltd,3.06,2026-07-21,corporate,Promoter,3317566167,532822,2026-06-30,Aditya Birla
PRIME METALS LTD,Vodafone Idea Ltd,2.54,2026-07-21,corporate,Promoter,2756484727,532822,2026-06-30,Aditya Birla
MOBILVEST,Vodafone Idea Ltd,1.55,2026-07-21,corporate,Promoter,1675994466,532822,2026-06-30,Aditya Birla
VODAFONE TELECOMMUNICATIONS (INDIA) LIMITED,Vodafone Idea Ltd,1.5,2026-07-21,corporate,Promoter,1624511788,532822,2026-06-30,Aditya Birla
TRANS CRYSTAL LTD.,Vodafone Idea Ltd,1.35,2026-07-21,corporate,Promoter,1461143311,532822,2026-06-30,Aditya Birla
OMEGA TELECOM HOLDINGS PRIVATE LIMITED,Vodafone Idea Ltd,1.26,2026-07-21,corporate,Promoter,1363612391,532822,2026-06-30,Aditya Birla
KOTAK MAHINDRA TRUSTEE CO LTD A/C KOTAK NIFTY MIDCAP 150 MOMENTUM 50 INDEX FUND,Vodafone Idea Ltd,1.04,2026-07-21,corporate,Public (>1%),1122284594,532822,2026-06-30,Aditya Birla
ASIAN TELECOMMUNICATIONS INVESTMENTS (MAURITIUS) LIMITED,Vodafone Idea Ltd,0.9,2026-07-21,corporate,Promoter,980469868,532822,2026-06-30,Aditya Birla
ELAINE INVESTMENTS PTE LTD,Vodafone Idea Ltd,0.79,2026-07-21,corporate,Promoter Group,861128643,532822,2026-06-30,Aditya Birla
AL-AMIN INVESTMENTS LTD,Vodafone Idea Ltd,0.75,2026-07-21,corporate,Promoter,812744186,532822,2026-06-30,Aditya Birla
HINDALCO INDUSTRIES LIMITED,Vodafone Idea Ltd,0.69,2026-07-21,corporate,Promoter,751119164,532822,2026-06-30,Aditya Birla
USHA MARTIN TELEMATICS LIMITED,Vodafone Idea Ltd,0.65,2026-07-21,corporate,Promoter,699746867,532822,2026-06-30,Aditya Birla
CC II (MAURITIUS) INC,Vodafone Idea Ltd,0.41,2026-07-21,corporate,Promoter,446059752,532822,2026-06-30,Aditya Birla
IGH HOLDINGS PRIVATE LIMITED,Vodafone Idea Ltd,0.38,2026-07-21,corporate,Promoter Group,407528454,532822,2026-06-30,Aditya Birla
BIRLA GROUP HOLDINGS PRIVATE LIMITED,Vodafone Idea Ltd,0.33,2026-07-21,corporate,Promoter,353798538,532822,2026-06-30,Aditya Birla
PILANI INVESTMENT AND INDUSTRIES CORPORATION LIMITED,Vodafone Idea Ltd,0.17,2026-07-21,corporate,Promoter Group,189528530,532822,2026-06-30,Aditya Birla
Kumar Mangalam Birla,Vodafone Idea Ltd,0.09,2026-07-21,individual,Promoter,97764906,532822,2026-06-30,Aditya Birla
Tube Investments of India Limited,CG Power and Industrial Solutions Ltd,56.29,2026-07-20,corporate,Promoter,886485532,500093,2026-06-30,Murugappa
NPS TRUST- A/C SBI PENSION FUND SCHEME - STATE GOVT,CG Power and Industrial Solutions Ltd,3.51,2026-07-20,corporate,Public (>1%),55304797,500093,2026-06-30,Murugappa
MOTILAL OSWAL LARGE AND MIDCAP FUND,CG Power and Industrial Solutions Ltd,1.62,2026-07-20,corporate,Public (>1%),25535832,500093,2026-06-30,Murugappa
AXIS ELSS TAX SAVER FUND,CG Power and Industrial Solutions Ltd,1.57,2026-07-20,corporate,Public (>1%),24685253,500093,2026-06-30,Murugappa
GOVERNMENT PENSION FUND GLOBAL,CG Power and Industrial Solutions Ltd,1.1,2026-07-20,corporate,Public (>1%),17357839,500093,2026-06-30,Murugappa
NIPPON LIFE INDIA TRUSTEE LTD-A/C NIPPON INDIA MULTI CAP FUND,CG Power and Industrial Solutions Ltd,1.1,2026-07-20,corporate,Public (>1%),17287162,500093,2026-06-30,Murugappa
"M A MURUGAPPAN HOLDINGS LLP (Formerly, M A Murugappan Holdings Private Limited)",CG Power and Industrial Solutions Ltd,0.02,2026-07-20,corporate,Promoter Group,369530,500093,2026-06-30,Murugappa
M A M ARUNACHALAM,CG Power and Industrial Solutions Ltd,0.01,2026-07-20,individual,Promoter Group,220920,500093,2026-06-30,Murugappa
M A M ARUNACHALAM (in the capacity as Kartha of HUF),CG Power and Industrial Solutions Ltd,0.01,2026-07-20,individual,Promoter Group,87300,500093,2026-06-30,Murugappa
M.A.ALAGAPPAN,CG Power and Industrial Solutions Ltd,0.01,2026-07-20,individual,Promoter Group,165000,500093,2026-06-30,Murugappa
MAM ARUNACHALAM(MAM A & S Arunachalam hold on behalf of Arun Murugappan Children's Trust),CG Power and Industrial Solutions Ltd,0.01,2026-07-20,corporate,Promoter Group,125090,500093,2026-06-30,Murugappa
A M M VELLAYAN SONS P LTD,CG Power and Industrial Solutions Ltd,0.0,2026-07-20,corporate,Promoter Group,1959,500093,2026-06-30,Murugappa
A M MEYYAMMAI,CG Power and Industrial Solutions Ltd,0.0,2026-07-20,individual,Promoter Group,8980,500093,2026-06-30,Murugappa
A.KEERTIKA UNNAMALAI,CG Power and Industrial Solutions Ltd,0.0,2026-07-20,individual,Promoter Group,889,500093,2026-06-30,Murugappa
DHRUV M ARUNACHALAM,CG Power and Industrial Solutions Ltd,0.0,2026-07-20,individual,Promoter Group,1690,500093,2026-06-30,Murugappa
KANIKA SUBBIAH,CG Power and Industrial Solutions Ltd,0.0,2026-07-20,individual,Promoter Group,14850,500093,2026-06-30,Murugappa
LAKSHMI CHOCKALINGAM,CG Power and Industrial Solutions Ltd,0.0,2026-07-20,individual,Promoter Group,44900,500093,2026-06-30,Murugappa
LAKSHMI RAMASWAMY,CG Power and Industrial Solutions Ltd,0.0,2026-07-20,individual,Promoter Group,7490,500093,2026-06-30,Murugappa
"Murugappa & Sons (M.V.Subbiah, M A A and M M M hold shares on behalf of the Firm)",CG Power and Industrial Solutions Ltd,0.0,2026-07-20,corporate,Promoter Group,5100,500093,2026-06-30,Murugappa
NIRANTHARA ALAMELU JAWAHAR,CG Power and Industrial Solutions Ltd,0.0,2026-07-20,individual,Promoter Group,15,500093,2026-06-30,Murugappa
"Sigappi Arunachalam SigappiArun,MAMArunachalam&AMMeyyammaiholdsshares-Murug.Arun.ChildrenTrust",CG Power and Industrial Solutions Ltd,0.0,2026-07-20,corporate,Promoter Group,47750,500093,2026-06-30,Murugappa
UMA RAMANATHAN,CG Power and Industrial Solutions Ltd,0.0,2026-07-20,individual,Promoter Group,2500,500093,2026-06-30,Murugappa
VALLI ALAGAPPAN,CG Power and Industrial Solutions Ltd,0.0,2026-07-20,individual,Promoter Group,500,500093,2026-06-30,Murugappa
VALLI ANNAMALAI,CG Power and Industrial Solutions Ltd,0.0,2026-07-20,individual,Promoter Group,1000,500093,2026-06-30,Murugappa
VEDHIKA MEYYAMMAI ARUNACHALAM,CG Power and Industrial Solutions Ltd,0.0,2026-07-20,individual,Promoter Group,74350,500093,2026-06-30,Murugappa
AMBADI INVESTMENTS LIMITED,Carborundum Universal Ltd,29.43,2026-07-20,corporate,Promoter,56054244,513375,2026-06-30,Murugappa
SBI MIDCAP FUND,Carborundum Universal Ltd,9.66,2026-07-20,corporate,Public (>1%),18394250,513375,2026-06-30,Murugappa
NIPPON LIFE INDIA TRUSTEE LTD-A/C NIPPON INDIA NIF,Carborundum Universal Ltd,5.16,2026-07-20,corporate,Public (>1%),9824737,513375,2026-06-30,Murugappa
KOTAK SMALL CAP FUND,Carborundum Universal Ltd,2.33,2026-07-20,corporate,Public (>1%),4440833,513375,2026-06-30,Murugappa
ICICI PRUDENTIAL MUTUAL FUND - ICICI PRUDENTIAL,Carborundum Universal Ltd,2.21,2026-07-20,corporate,Public (>1%),4205393,513375,2026-06-30,Murugappa
KOTAK FUNDS - INDIA MIDCAP FUND,Carborundum Universal Ltd,2.05,2026-07-20,corporate,Public (>1%),3899986,513375,2026-06-30,Murugappa
MURUGAPPA EDUCATIONAL AND MEDICAL FOUNDATION,Carborundum Universal Ltd,2.0,2026-07-20,corporate,Promoter Group,3811920,513375,2026-06-30,Murugappa
HDFC LARGE AND MID CAP FUND,Carborundum Universal Ltd,1.7,2026-07-20,corporate,Public (>1%),3229169,513375,2026-06-30,Murugappa
TATA ETHICAL FUND,Carborundum Universal Ltd,1.52,2026-07-20,corporate,Public (>1%),2898976,513375,2026-06-30,Murugappa
INVESCO INDIA BALANCED ADVANTAGE FUND,Carborundum Universal Ltd,1.51,2026-07-20,corporate,Public (>1%),2869093,513375,2026-06-30,Murugappa
AXIS MUTUAL FUND TRUSTEE LIMITED A/C AXIS MUTUAL FUND,Carborundum Universal Ltd,1.36,2026-07-20,corporate,Public (>1%),2594355,513375,2026-06-30,Murugappa
SOUTHERN ENERGY DEVELOPMENT CORPORATION LTD,Carborundum Universal Ltd,0.76,2026-07-20,corporate,Promoter Group,1449240,513375,2026-06-30,Murugappa
M.M.MUTHIAH RESEARCH FOUNDATION,Carborundum Universal Ltd,0.58,2026-07-20,corporate,Promoter Group,1104160,513375,2026-06-30,Murugappa
R.MUTHATHA,Carborundum Universal Ltd,0.54,2026-07-20,individual,Promoter Group,1031790,513375,2026-06-30,Murugappa
M A M ARUNACHALAM,Carborundum Universal Ltd,0.53,2026-07-20,individual,Promoter,1003800,513375,2026-06-30,Murugappa
M.A.ALAGAPPAN,Carborundum Universal Ltd,0.41,2026-07-20,individual,Promoter,786000,513375,2026-06-30,Murugappa
A VENKATACHALAM,Carborundum Universal Ltd,0.38,2026-07-20,individual,Promoter,721204,513375,2026-06-30,Murugappa
ARUN ALAGAPPAN,Carborundum Universal Ltd,0.25,2026-07-20,individual,Promoter,471400,513375,2026-06-30,Murugappa
MEENAKSHI MURUGAPPAN,Carborundum Universal Ltd,0.25,2026-07-20,individual,Promoter Group,479900,513375,2026-06-30,Murugappa
V NARAYANAN,Carborundum Universal Ltd,0.22,2026-07-20,individual,Promoter,419000,513375,2026-06-30,Murugappa
V ARUNACHALAM,Carborundum Universal Ltd,0.21,2026-07-20,individual,Promoter,396840,513375,2026-06-30,Murugappa
"A A ALAGAMMAI, Trustee of Lakshmi Ramaswamy Family Trust",Carborundum Universal Ltd,0.2,2026-07-20,corporate,Promoter Group,390000,513375,2026-06-30,Murugappa
"M V SUBBIAH, trustee of Saraswathi Trust",Carborundum Universal Ltd,0.2,2026-07-20,corporate,Promoter Group,388860,513375,2026-06-30,Murugappa
ARUN ALAGAPPAN Trustee of M A Alagappan Grandchildren Trust (AOP),Carborundum Universal Ltd,0.18,2026-07-20,individual,Promoter Group,345600,513375,2026-06-30,Murugappa
M A M ARUNACHALAM Trustee of Arun Murugappan Children Trust (AOP),Carborundum Universal Ltd,0.18,2026-07-20,individual,Promoter Group,345600,513375,2026-06-30,Murugappa
M M MURUGAPPAN,Carborundum Universal Ltd,0.18,2026-07-20,individual,Promoter,340140,513375,2026-06-30,Murugappa
M M MURUGAPPAN As a karta of M M Muthiah HUF,Carborundum Universal Ltd,0.18,2026-07-20,individual,Promoter,335200,513375,2026-06-30,Murugappa
"M M MURUGAPPAN, Trustee of M M Muthiah Family Trust",Carborundum Universal Ltd,0.18,2026-07-20,corporate,Promoter Group,352000,513375,2026-06-30,Murugappa
"M M MURUGAPPAN, Trustee of M M Veerappan Family Trust",Carborundum Universal Ltd,0.18,2026-07-20,corporate,Promoter Group,352000,513375,2026-06-30,Murugappa
M.M.MUTHIAH SONS PRIVATE LTD,Carborundum Universal Ltd,0.16,2026-07-20,corporate,Promoter Group,304000,513375,2026-06-30,Murugappa
MA ALAGAPPAN Karta of AMM Arunachalam HUF,Carborundum Universal Ltd,0.16,2026-07-20,individual,Promoter,300400,513375,2026-06-30,Murugappa
"M V SUBBIAH, trustee of Shambho Trust",Carborundum Universal Ltd,0.15,2026-07-20,corporate,Promoter Group,293181,513375,2026-06-30,Murugappa
"M M VENKATACHALAM, Trustee of M V Muthiah Family Trust",Carborundum Universal Ltd,0.14,2026-07-20,corporate,Promoter Group,262400,513375,2026-06-30,Murugappa
"M M VENKATACHALAM, Trustee of M V Subramanian Family Trust",Carborundum Universal Ltd,0.14,2026-07-20,corporate,Promoter Group,262400,513375,2026-06-30,Murugappa
VALLI ANNAMALAI,Carborundum Universal Ltd,0.14,2026-07-20,individual,Promoter Group,259134,513375,2026-06-30,Murugappa
"M M VENKATACHALAM, trustee of M M Venkatachalam Family Trust",Carborundum Universal Ltd,0.12,2026-07-20,corporate,Promoter Group,222740,513375,2026-06-30,Murugappa
M A ALAGAPPAN HOLDINGS PRIVATE LIMITED,Carborundum Universal Ltd,0.11,2026-07-20,corporate,Promoter Group,210020,513375,2026-06-30,Murugappa
ARUN VENKATACHALAM,Carborundum Universal Ltd,0.1,2026-07-20,individual,Promoter,187840,513375,2026-06-30,Murugappa
M A ALAGAPPAN Karta of M A ALAGAPPAN HUF,Carborundum Universal Ltd,0.1,2026-07-20,individual,Promoter,188000,513375,2026-06-30,Murugappa
"M M VENKATACHALAM, Trustee of Lakshmi Venkatachalam Family Trust",Carborundum Universal Ltd,0.1,2026-07-20,corporate,Promoter Group,200000,513375,2026-06-30,Murugappa
AR.LAKSHMI ACHI TRUST,Carborundum Universal Ltd,0.08,2026-07-20,corporate,Promoter Group,153140,513375,2026-06-30,Murugappa
M A MURUGAPPAN HOLDINGS LLP,Carborundum Universal Ltd,0.08,2026-07-20,corporate,Promoter Group,145940,513375,2026-06-30,Murugappa
LALITHA VELLAYAN,Carborundum Universal Ltd,0.06,2026-07-20,individual,Promoter Group,116500,513375,2026-06-30,Murugappa
M A M ARUNACHALAM As a karta of M A Murugappan HUF,Carborundum Universal Ltd,0.05,2026-07-20,individual,Promoter,92000,513375,2026-06-30,Murugappa
MEYYAMMAI VENKATACHALAM,Carborundum Universal Ltd,0.05,2026-07-20,individual,Promoter Group,100000,513375,2026-06-30,Murugappa
M V SUBBIAH As a Karta of M V SUBBIAH HUF,Carborundum Universal Ltd,0.04,2026-07-20,individual,Promoter,81600,513375,2026-06-30,Murugappa
VALLIAMMAI MURUGAPPAN,Carborundum Universal Ltd,0.03,2026-07-20,individual,Promoter Group,52000,513375,2026-06-30,Murugappa
A M MEYYAMMAI,Carborundum Universal Ltd,0.01,2026-07-20,individual,Promoter Group,21300,513375,2026-06-30,Murugappa
M M MURUGAPPAN Karta of M M Murugappan HUF,Carborundum Universal Ltd,0.01,2026-07-20,individual,Promoter,16000,513375,2026-06-30,Murugappa
VALLI ALAGAPPAN,Carborundum Universal Ltd,0.01,2026-07-20,individual,Promoter Group,15151,513375,2026-06-30,Murugappa
A M M VELLAYAN SONS P LTD,Carborundum Universal Ltd,0.0,2026-07-20,corporate,Promoter Group,1700,513375,2026-06-30,Murugappa
A V NAGALAKSHMI,Carborundum Universal Ltd,0.0,2026-07-20,individual,Promoter Group,75,513375,2026-06-30,Murugappa
A.KEERTIKA UNNAMALAI,Carborundum Universal Ltd,0.0,2026-07-20,individual,Promoter Group,1000,513375,2026-06-30,Murugappa
CHOLAMANDALAM FINANCIAL HOLDINGS LIMITED,Carborundum Universal Ltd,0.0,2026-07-20,corporate,Promoter,6000,513375,2026-06-30,Murugappa
DHRUV M ARUNACHALAM,Carborundum Universal Ltd,0.0,2026-07-20,individual,Promoter Group,1200,513375,2026-06-30,Murugappa
E.I.D.PARRY (INDIA) LTD.,Carborundum Universal Ltd,0.0,2026-07-20,corporate,Promoter,2000,513375,2026-06-30,Murugappa
KRISHNA MURUGAPPAN MUTHIAH,Carborundum Universal Ltd,0.0,2026-07-20,individual,Promoter Group,5000,513375,2026-06-30,Murugappa
PRANAV ALAGAPPAN,Carborundum Universal Ltd,0.0,2026-07-20,individual,Promoter Group,2000,513375,2026-06-30,Murugappa
SOLACHI RAMANATHAN,Carborundum Universal Ltd,0.0,2026-07-20,individual,Promoter Group,2000,513375,2026-06-30,Murugappa
"SUBBIAH.M.V, ALAGAPPAN M A and M M MURUGAPPAN holds on behalf of the firm Murugappa & Sons",Carborundum Universal Ltd,0.0,2026-07-20,corporate,Promoter,480,513375,2026-06-30,Murugappa
UMA RAMANATHAN,Carborundum Universal Ltd,0.0,2026-07-20,individual,Promoter Group,3250,513375,2026-06-30,Murugappa
V VASANTHA,Carborundum Universal Ltd,0.0,2026-07-20,individual,Promoter Group,50,513375,2026-06-30,Murugappa
AMBADI INVESTMENTS LIMITED,Cholamandalam Financial Holdings Ltd,37.69,2026-07-16,corporate,Promoter,70766595,504973,2026-06-30,Murugappa
NIPPON LIFE INDIA TRUSTEE LTD-A/C NIPPON INDIA NIF,Cholamandalam Financial Holdings Ltd,4.78,2026-07-16,corporate,Public (>1%),8977807,504973,2026-06-30,Murugappa
SBI LARGE & MIDCAP FUND,Cholamandalam Financial Holdings Ltd,4.12,2026-07-16,corporate,Public (>1%),7744605,504973,2026-06-30,Murugappa
BANDHAN MULTI CAP FUND,Cholamandalam Financial Holdings Ltd,3.01,2026-07-16,corporate,Public (>1%),5651763,504973,2026-06-30,Murugappa
AXIS MUTUAL FUND TRUSTEE LIMITED A/C AXIS MUTUAL F,Cholamandalam Financial Holdings Ltd,2.13,2026-07-16,corporate,Public (>1%),4004428,504973,2026-06-30,Murugappa
HDFC MUTUAL FUND - HDFC BSE 500 ETF,Cholamandalam Financial Holdings Ltd,2.13,2026-07-16,corporate,Public (>1%),4006730,504973,2026-06-30,Murugappa
INVESCO INDIA MIDCAP FUND,Cholamandalam Financial Holdings Ltd,1.18,2026-07-16,corporate,Public (>1%),2218049,504973,2026-06-30,Murugappa
CANARA ROBECO MUTUAL FUND A/C CANARA ROBECO EQUITY,Cholamandalam Financial Holdings Ltd,1.17,2026-07-16,corporate,Public (>1%),2197724,504973,2026-06-30,Murugappa
PI OPPORTUNITIES AIF V LLP,Cholamandalam Financial Holdings Ltd,1.01,2026-07-16,corporate,Public (>1%),1904424,504973,2026-06-30,Murugappa
M A M ARUNACHALAM,Cholamandalam Financial Holdings Ltd,0.45,2026-07-16,individual,Promoter,842760,504973,2026-06-30,Murugappa
LAKSHMI RAMASWAMY FAMILY TRUST(AA ALAGAMMAI & LAKSHMI RAMASWAMY HOLDS SHARES ON BEHALF OF TRUST),Cholamandalam Financial Holdings Ltd,0.4,2026-07-16,corporate,Promoter Group,743000,504973,2026-06-30,Murugappa
V ARUNACHALAM,Cholamandalam Financial Holdings Ltd,0.4,2026-07-16,individual,Promoter,747622,504973,2026-06-30,Murugappa
ARUN ALAGAPPAN,Cholamandalam Financial Holdings Ltd,0.39,2026-07-16,individual,Promoter,741090,504973,2026-06-30,Murugappa
MURUGAPPA EDUCATIONAL AND MEDICAL FOUNDATION,Cholamandalam Financial Holdings Ltd,0.39,2026-07-16,corporate,Promoter Group,726200,504973,2026-06-30,Murugappa
M.A.ALAGAPPAN,Cholamandalam Financial Holdings Ltd,0.38,2026-07-16,individual,Promoter,710000,504973,2026-06-30,Murugappa
V NARAYANAN,Cholamandalam Financial Holdings Ltd,0.37,2026-07-16,individual,Promoter,689771,504973,2026-06-30,Murugappa
A VENKATACHALAM,Cholamandalam Financial Holdings Ltd,0.31,2026-07-16,individual,Promoter,573979,504973,2026-06-30,Murugappa
LAKSHMI CHOCKA LINGAM,Cholamandalam Financial Holdings Ltd,0.29,2026-07-16,individual,Promoter Group,542060,504973,2026-06-30,Murugappa
M A MURUGAPPAN HOLDINGS LLP,Cholamandalam Financial Holdings Ltd,0.29,2026-07-16,corporate,Promoter Group,546860,504973,2026-06-30,Murugappa
Shambho Trust (M V Subbiah & S Vellayan are trustees of the trust),Cholamandalam Financial Holdings Ltd,0.29,2026-07-16,corporate,Promoter Group,537940,504973,2026-06-30,Murugappa
M A ALAGAPPAN HOLDINGS PRIVATE LIMITED,Cholamandalam Financial Holdings Ltd,0.28,2026-07-16,corporate,Promoter Group,529860,504973,2026-06-30,Murugappa
Meenakshi Murugappan Family Trust (M M Murugappan & Meenakshi Murugappan are trustees of the trust),Cholamandalam Financial Holdings Ltd,0.27,2026-07-16,corporate,Promoter Group,500000,504973,2026-06-30,Murugappa
"Saraswathi Trust (M V Subbiah, S Vellayan & M V Seetha Subbiah are trustees of the trust)",Cholamandalam Financial Holdings Ltd,0.27,2026-07-16,corporate,Promoter Group,515180,504973,2026-06-30,Murugappa
M M MUTHIAH FAMILY TRUST (M M MURUGAPPAN & M M MUTHIAH HOLDS SHARES ON BEHALF OF THE TRUST),Cholamandalam Financial Holdings Ltd,0.25,2026-07-16,corporate,Promoter Group,478055,504973,2026-06-30,Murugappa
MM VEERAPPAN FAMILY TRUST(MM MURUGAPPAN & MEENAKSHI MURUGAPPAN HOLDS SHARES ON BEHALF OF THE TRUST),Cholamandalam Financial Holdings Ltd,0.25,2026-07-16,corporate,Promoter Group,468055,504973,2026-06-30,Murugappa
ARUN VENKATACHALAM,Cholamandalam Financial Holdings Ltd,0.24,2026-07-16,individual,Promoter,452000,504973,2026-06-30,Murugappa
MV MUTHIAH FAMILY TRUST (M M VENKATACHALAM & M V MUTHIAH HOLDS SHARES ON BEHALF OF THE TRUST,Cholamandalam Financial Holdings Ltd,0.24,2026-07-16,corporate,Promoter Group,459830,504973,2026-06-30,Murugappa
MV SUBRAMANIAN FAMILY TRUST (Mr. MM Venkatachalam & MV Subramanian hold shares on behalf of trust),Cholamandalam Financial Holdings Ltd,0.24,2026-07-16,corporate,Promoter Group,459830,504973,2026-06-30,Murugappa
MM Venkatachalam Family Trust(MM Venkatachalam&Lakshmi Venkatachalam hold shares on behalf oftrust),Cholamandalam Financial Holdings Ltd,0.22,2026-07-16,corporate,Promoter Group,403900,504973,2026-06-30,Murugappa
AR LAKSHMI ACHI TRUST,Cholamandalam Financial Holdings Ltd,0.21,2026-07-16,corporate,Promoter Group,391510,504973,2026-06-30,Murugappa
Lakshmi Venkatachalam Family Trust(M M Venkatachalam&Lakshmi Venkatachalam are trustees of trust),Cholamandalam Financial Holdings Ltd,0.2,2026-07-16,corporate,Promoter Group,379905,504973,2026-06-30,Murugappa
M M MURUGAPPAN HUF(M M Murugappan holds shares in the capacity as kartha),Cholamandalam Financial Holdings Ltd,0.19,2026-07-16,individual,Promoter,355330,504973,2026-06-30,Murugappa
MEYYAMMAI VENKATACHALAM,Cholamandalam Financial Holdings Ltd,0.19,2026-07-16,individual,Promoter Group,358580,504973,2026-06-30,Murugappa
VALLI ANNAMALAI,Cholamandalam Financial Holdings Ltd,0.19,2026-07-16,individual,Promoter Group,361025,504973,2026-06-30,Murugappa
Muthatha Ramanathan,Cholamandalam Financial Holdings Ltd,0.18,2026-07-16,individual,Promoter Group,337830,504973,2026-06-30,Murugappa
M M Muthiah HUF (M M Murugappan hold shares in the capacity as kartha),Cholamandalam Financial Holdings Ltd,0.15,2026-07-16,individual,Promoter,277360,504973,2026-06-30,Murugappa
M.M.MUTHIAH RESEARCH FOUNDATION,Cholamandalam Financial Holdings Ltd,0.15,2026-07-16,corporate,Promoter Group,280920,504973,2026-06-30,Murugappa
Arun Murugappan Children's Trust (MAM Arunachalam & Sigappi Arunachalam hold on behalf of trust),Cholamandalam Financial Holdings Ltd,0.12,2026-07-16,corporate,Promoter Group,220278,504973,2026-06-30,Murugappa
M A Alagappan Grand Children Trust (Arun Alagappan& AA Alagammai hold shares on behalf of Trust),Cholamandalam Financial Holdings Ltd,0.12,2026-07-16,corporate,Promoter Group,216777,504973,2026-06-30,Murugappa
M M Murugappan Family Trust (M M Murugappan & Meenakshi Murugappan are trustees of the trust),Cholamandalam Financial Holdings Ltd,0.12,2026-07-16,corporate,Promoter Group,231800,504973,2026-06-30,Murugappa
SIGAPI ARUNACHALAM,Cholamandalam Financial Holdings Ltd,0.12,2026-07-16,individual,Promoter Group,227990,504973,2026-06-30,Murugappa
M M MURUGAPPAN,Cholamandalam Financial Holdings Ltd,0.11,2026-07-16,individual,Promoter,209715,504973,2026-06-30,Murugappa
Murugappan Arunachalam Children Trust (Sigapi Arunachalam alongwith others hold shares of Trust),Cholamandalam Financial Holdings Ltd,0.11,2026-07-16,corporate,Promoter Group,215410,504973,2026-06-30,Murugappa
M V SUBBIAH (Hold shares in the capacity as Kartha of HUF),Cholamandalam Financial Holdings Ltd,0.09,2026-07-16,individual,Promoter,171200,504973,2026-06-30,Murugappa
M A M ARUNACHALAM (in the capacity of Karta of HUF),Cholamandalam Financial Holdings Ltd,0.08,2026-07-16,individual,Promoter,148660,504973,2026-06-30,Murugappa
M A ALAGAPPAN HUF(M A Alagappan hold shares in the capacity as kartha ),Cholamandalam Financial Holdings Ltd,0.07,2026-07-16,individual,Promoter,130660,504973,2026-06-30,Murugappa
A M MEYYAMMAI,Cholamandalam Financial Holdings Ltd,0.05,2026-07-16,individual,Promoter Group,93150,504973,2026-06-30,Murugappa
A M M VELLAYAN SONS P LTD,Cholamandalam Financial Holdings Ltd,0.02,2026-07-16,corporate,Promoter Group,38430,504973,2026-06-30,Murugappa
DHRUV M ARUNACHALAM,Cholamandalam Financial Holdings Ltd,0.01,2026-07-16,individual,Promoter Group,11000,504973,2026-06-30,Murugappa
M V Seetha Subbiah Benefit trust (M.V.Subbiah & S Vellayan hold shares on behalf of the Trust),Cholamandalam Financial Holdings Ltd,0.01,2026-07-16,corporate,Promoter Group,14500,504973,2026-06-30,Murugappa
PRANAV ALAGAPPAN,Cholamandalam Financial Holdings Ltd,0.01,2026-07-16,individual,Promoter Group,28050,504973,2026-06-30,Murugappa
VALLIAMMAI MURUGAPPAN,Cholamandalam Financial Holdings Ltd,0.01,2026-07-16,individual,Promoter Group,17032,504973,2026-06-30,Murugappa
Valli Subbiah Benefit Trust (S Vellayan & M V Subbiah hold shares on behalf of the Trust),Cholamandalam Financial Holdings Ltd,0.01,2026-07-16,corporate,Promoter Group,14500,504973,2026-06-30,Murugappa
A V NAGALAKSHMI,Cholamandalam Financial Holdings Ltd,0.0,2026-07-16,individual,Promoter Group,3600,504973,2026-06-30,Murugappa
A.KEERTIKA UNNAMALAI,Cholamandalam Financial Holdings Ltd,0.0,2026-07-16,individual,Promoter Group,500,504973,2026-06-30,Murugappa
CARBORUNDUM UNIVERSAL LIMITED,Cholamandalam Financial Holdings Ltd,0.0,2026-07-16,corporate,Promoter,1000,504973,2026-06-30,Murugappa
LAKSHMI VENKATACHALAM,Cholamandalam Financial Holdings Ltd,0.0,2026-07-16,individual,Promoter Group,1200,504973,2026-06-30,Murugappa
M M VENKATACHALAM,Cholamandalam Financial Holdings Ltd,0.0,2026-07-16,individual,Promoter,4000,504973,2026-06-30,Murugappa
M.M.MUTHIAH SONS PRIVATE LTD,Cholamandalam Financial Holdings Ltd,0.0,2026-07-16,corporate,Promoter Group,4200,504973,2026-06-30,Murugappa
MEENAKSHI MURUGAPPAN,Cholamandalam Financial Holdings Ltd,0.0,2026-07-16,individual,Promoter Group,70,504973,2026-06-30,Murugappa
SOLACHI RAMANATHAN,Cholamandalam Financial Holdings Ltd,0.0,2026-07-16,individual,Promoter Group,8500,504973,2026-06-30,Murugappa
UMA RAMANATHAN,Cholamandalam Financial Holdings Ltd,0.0,2026-07-16,individual,Promoter Group,2000,504973,2026-06-30,Murugappa
V VASANTHA,Cholamandalam Financial Holdings Ltd,0.0,2026-07-16,individual,Promoter Group,2300,504973,2026-06-30,Murugappa
Cholamandalam Financial Holdings Limited,Cholamandalam Investment and Finance Company Ltd,43.74,2026-07-20,corporate,Promoter,372885889,511243,2026-06-30,Murugappa
Ambadi Investments Limited,Cholamandalam Investment and Finance Company Ltd,3.96,2026-07-20,corporate,Promoter,33721870,511243,2026-06-30,Murugappa
NPS TRUST A/C (Through Multiple Schemes),Cholamandalam Investment and Finance Company Ltd,2.77,2026-07-20,corporate,Public (>1%),23575659,511243,2026-06-30,Murugappa
SBI NIFTY 500 INDEX FUND A/C (Through Multiple Schemes),Cholamandalam Investment and Finance Company Ltd,2.01,2026-07-20,corporate,Public (>1%),17146182,511243,2026-06-30,Murugappa
AXIS MUTUAL FUND TRUSTEE LTD. A/C (Through Multiple Schemes),Cholamandalam Investment and Finance Company Ltd,1.98,2026-07-20,corporate,Public (>1%),16876740,511243,2026-06-30,Murugappa
KOTAK MAHINDRA TRUSTEE CO LTD A/C (Through Multiple Schemes),Cholamandalam Investment and Finance Company Ltd,1.39,2026-07-20,corporate,Public (>1%),11869234,511243,2026-06-30,Murugappa
GOVERNMENT PENSION FUND GLOBAL,Cholamandalam Investment and Finance Company Ltd,1.38,2026-07-20,corporate,Public (>1%),11796871,511243,2026-06-30,Murugappa
ICICI PRUDENTIAL MUTUAL FUND A/C (Through Multiple Schemes),Cholamandalam Investment and Finance Company Ltd,1.28,2026-07-20,corporate,Public (>1%),10939510,511243,2026-06-30,Murugappa
HDFC TRUSTEE COMPANY LTD A/C (Through Multiple Schemes),Cholamandalam Investment and Finance Company Ltd,1.22,2026-07-20,corporate,Public (>1%),10414778,511243,2026-06-30,Murugappa
INVESCO INDIA FOCUSED FUND (Through Multiple Schemes),Cholamandalam Investment and Finance Company Ltd,1.06,2026-07-20,corporate,Public (>1%),9046737,511243,2026-06-30,Murugappa
M.A.Alagappan,Cholamandalam Investment and Finance Company Ltd,0.29,2026-07-20,individual,Promoter,2488760,511243,2026-06-30,Murugappa
"Shambho Trust (M V Subbiah & S Vellayan,Trustees holds shares for Trust)",Cholamandalam Investment and Finance Company Ltd,0.16,2026-07-20,corporate,Promoter Group,1350284,511243,2026-06-30,Murugappa
Arun Alagappan,Cholamandalam Investment and Finance Company Ltd,0.1,2026-07-20,individual,Promoter,865000,511243,2026-06-30,Murugappa
"Saraswathi Trust (M V Subbiah, S Vellayan & M V Seetha Subbiah, Trustees holds shares for Trust)",Cholamandalam Investment and Finance Company Ltd,0.09,2026-07-20,corporate,Promoter Group,779785,511243,2026-06-30,Murugappa
A Venkatachalam,Cholamandalam Investment and Finance Company Ltd,0.06,2026-07-20,individual,Promoter,493990,511243,2026-06-30,Murugappa
AR Lakshmi Achi Trust,Cholamandalam Investment and Finance Company Ltd,0.06,2026-07-20,corporate,Promoter Group,477145,511243,2026-06-30,Murugappa
Lakshmi Ramaswamy Family Trust(A A Alagammai & Lakshmi Ramaswamy Trustees holds shares for Trust),Cholamandalam Investment and Finance Company Ltd,0.06,2026-07-20,corporate,Promoter Group,550630,511243,2026-06-30,Murugappa
Arun Venkatachalam,Cholamandalam Investment and Finance Company Ltd,0.05,2026-07-20,individual,Promoter,410750,511243,2026-06-30,Murugappa
V Arunachalam,Cholamandalam Investment and Finance Company Ltd,0.05,2026-07-20,individual,Promoter,452598,511243,2026-06-30,Murugappa
V Narayanan,Cholamandalam Investment and Finance Company Ltd,0.05,2026-07-20,individual,Promoter,464082,511243,2026-06-30,Murugappa
M.A.Alagappan (Holds shares in the capacity of Partner of Kadamane Estates - Firm),Cholamandalam Investment and Finance Company Ltd,0.04,2026-07-20,individual,Promoter,355850,511243,2026-06-30,Murugappa
Pranav Alagappan,Cholamandalam Investment and Finance Company Ltd,0.04,2026-07-20,individual,Promoter Group,311440,511243,2026-06-30,Murugappa
Ambadi Enterprises Ltd,Cholamandalam Investment and Finance Company Ltd,0.03,2026-07-20,corporate,Promoter,291380,511243,2026-06-30,Murugappa
"M V Muthiah Family Trust (M M Venkatachalam & M V Muthiah, Trustees holds shares for Trust)",Cholamandalam Investment and Finance Company Ltd,0.03,2026-07-20,corporate,Promoter Group,294130,511243,2026-06-30,Murugappa
"M V Seetha Subbiah Benefit Trust (M V Subbiah & S Vellayan, Trustees holds shares for Trust)",Cholamandalam Investment and Finance Company Ltd,0.03,2026-07-20,corporate,Promoter Group,264000,511243,2026-06-30,Murugappa
"M V Subramanian Family Trust (M M Venkatachalam & M V Subramanian, Trustees holds shares for Trust)",Cholamandalam Investment and Finance Company Ltd,0.03,2026-07-20,corporate,Promoter Group,294130,511243,2026-06-30,Murugappa
Valli Annamalai,Cholamandalam Investment and Finance Company Ltd,0.03,2026-07-20,individual,Promoter Group,296890,511243,2026-06-30,Murugappa
Arun Murugappan ChildrenTrust(MAM Arunachalam & Sigappi Arunachalam Trustees holds shares for Trust,Cholamandalam Investment and Finance Company Ltd,0.02,2026-07-20,corporate,Promoter Group,141160,511243,2026-06-30,Murugappa
"K S Shambhavi Trust (M V Subbiah & S Vellayan, Trustees holds shares for Trust)",Cholamandalam Investment and Finance Company Ltd,0.02,2026-07-20,corporate,Promoter Group,158765,511243,2026-06-30,Murugappa
Lalitha Vellayan,Cholamandalam Investment and Finance Company Ltd,0.02,2026-07-20,individual,Promoter Group,139630,511243,2026-06-30,Murugappa
M A M Arunachalam,Cholamandalam Investment and Finance Company Ltd,0.02,2026-07-20,individual,Promoter,165752,511243,2026-06-30,Murugappa
M M Murugappan Family Trust (M M Murugappan & Meenakshi Murugappan Trustees holds shares forTrust,Cholamandalam Investment and Finance Company Ltd,0.02,2026-07-20,corporate,Promoter Group,133000,511243,2026-06-30,Murugappa
M.M.Muthiah Research Foundation,Cholamandalam Investment and Finance Company Ltd,0.02,2026-07-20,corporate,Promoter Group,141750,511243,2026-06-30,Murugappa
"MA.Alagappan Grand Children Trust (Arun Alagappan & AA Alagammai, Trustees holds shares for Trust)",Cholamandalam Investment and Finance Company Ltd,0.02,2026-07-20,corporate,Promoter Group,157250,511243,2026-06-30,Murugappa
"V S Bhairavi Trust (M V Subbiah & Subbiah Vellayan, Trustees holds shares for Trust)",Cholamandalam Investment and Finance Company Ltd,0.02,2026-07-20,corporate,Promoter Group,192246,511243,2026-06-30,Murugappa
"Valli Subbiah Benefit Trust (Subbiah Vellayan & M.V.Subbiah, Trustees holds shares for Trust)",Cholamandalam Investment and Finance Company Ltd,0.02,2026-07-20,corporate,Promoter Group,199278,511243,2026-06-30,Murugappa
A. Keertika Unnamalai,Cholamandalam Investment and Finance Company Ltd,0.01,2026-07-20,individual,Promoter Group,108881,511243,2026-06-30,Murugappa
Dhruv M Arunachalam,Cholamandalam Investment and Finance Company Ltd,0.01,2026-07-20,individual,Promoter Group,50000,511243,2026-06-30,Murugappa
Kanika Subbiah,Cholamandalam Investment and Finance Company Ltd,0.01,2026-07-20,individual,Promoter Group,67000,511243,2026-06-30,Murugappa
Lakshmi Chockalingam,Cholamandalam Investment and Finance Company Ltd,0.01,2026-07-20,individual,Promoter Group,103125,511243,2026-06-30,Murugappa
M A Alagappan Holdings Private Limited,Cholamandalam Investment and Finance Company Ltd,0.01,2026-07-20,corporate,Promoter Group,112700,511243,2026-06-30,Murugappa
"M M Muthiah Family Trust (M M Murugappan, M M Muthiah, Trustees holds shares for Trust)",Cholamandalam Investment and Finance Company Ltd,0.01,2026-07-20,corporate,Promoter Group,46620,511243,2026-06-30,Murugappa
M M Veerappan Family Trust (M M Murugappan & Meenakshi Murugappan Trustees holds shares for Trust),Cholamandalam Investment and Finance Company Ltd,0.01,2026-07-20,corporate,Promoter Group,46055,511243,2026-06-30,Murugappa
MA Murugappan Holdings LLP (M A Murugappan Holdings Private Ltd was converted its status to LLP),Cholamandalam Investment and Finance Company Ltd,0.01,2026-07-20,corporate,Promoter Group,75000,511243,2026-06-30,Murugappa
Meyyammai Venkatachalam,Cholamandalam Investment and Finance Company Ltd,0.01,2026-07-20,individual,Promoter Group,50255,511243,2026-06-30,Murugappa
"Murugappan Arunachalam Children Trust(Sigappi Arunachalam,MAM Arunachalam, AM Meyammai are Trustees",Cholamandalam Investment and Finance Company Ltd,0.01,2026-07-20,corporate,Promoter Group,74405,511243,2026-06-30,Murugappa
R.Muthatha,Cholamandalam Investment and Finance Company Ltd,0.01,2026-07-20,individual,Promoter Group,94195,511243,2026-06-30,Murugappa
Sigapi Arunachalam,Cholamandalam Investment and Finance Company Ltd,0.01,2026-07-20,individual,Promoter Group,74255,511243,2026-06-30,Murugappa
Vedika Meyyammai Arunachalam,Cholamandalam Investment and Finance Company Ltd,0.01,2026-07-20,individual,Promoter Group,108280,511243,2026-06-30,Murugappa
A A Alagammai,Cholamandalam Investment and Finance Company Ltd,0.0,2026-07-20,individual,Promoter Group,2894,511243,2026-06-30,Murugappa
A M M Vellayan Sons P Ltd,Cholamandalam Investment and Finance Company Ltd,0.0,2026-07-20,corporate,Promoter Group,27030,511243,2026-06-30,Murugappa
A M Meyyammai,Cholamandalam Investment and Finance Company Ltd,0.0,2026-07-20,individual,Promoter Group,25188,511243,2026-06-30,Murugappa
A V Nagalakshmi,Cholamandalam Investment and Finance Company Ltd,0.0,2026-07-20,individual,Promoter Group,15960,511243,2026-06-30,Murugappa
Carborundum Universal Limited,Cholamandalam Investment and Finance Company Ltd,0.0,2026-07-20,corporate,Promoter,500,511243,2026-06-30,Murugappa
E.I.D. Parry (India) Ltd.,Cholamandalam Investment and Finance Company Ltd,0.0,2026-07-20,corporate,Promoter,1965,511243,2026-06-30,Murugappa
M A M Arunachalam HUF (M A M Arunachalam is the Karta of HUF),Cholamandalam Investment and Finance Company Ltd,0.0,2026-07-20,individual,Promoter,38,511243,2026-06-30,Murugappa
M M Murugappan,Cholamandalam Investment and Finance Company Ltd,0.0,2026-07-20,individual,Promoter,21035,511243,2026-06-30,Murugappa
M V Subbiah HUF (M V Subbiah holds shares in the capacity of Karta),Cholamandalam Investment and Finance Company Ltd,0.0,2026-07-20,individual,Promoter,10000,511243,2026-06-30,Murugappa
Meenakshi Murugappan,Cholamandalam Investment and Finance Company Ltd,0.0,2026-07-20,individual,Promoter Group,245,511243,2026-06-30,Murugappa
"Meenakshi Murugappan Family Trust (M M Murugappan & Meenakshi Murugappan, Trustees for Trust)",Cholamandalam Investment and Finance Company Ltd,0.0,2026-07-20,corporate,Promoter Group,25000,511243,2026-06-30,Murugappa
Murugappa Educational and Medical Foundation,Cholamandalam Investment and Finance Company Ltd,0.0,2026-07-20,corporate,Promoter Group,1965,511243,2026-06-30,Murugappa
Parry Enterprises India Ltd,Cholamandalam Investment and Finance Company Ltd,0.0,2026-07-20,corporate,Promoter Group,1965,511243,2026-06-30,Murugappa
Solachi Ramanathan,Cholamandalam Investment and Finance Company Ltd,0.0,2026-07-20,individual,Promoter Group,20000,511243,2026-06-30,Murugappa
Uma Ramanathan,Cholamandalam Investment and Finance Company Ltd,0.0,2026-07-20,individual,Promoter Group,23500,511243,2026-06-30,Murugappa
V Vasantha,Cholamandalam Investment and Finance Company Ltd,0.0,2026-07-20,individual,Promoter Group,1250,511243,2026-06-30,Murugappa
VALLIAMMAI MURUGAPPAN,Cholamandalam Investment and Finance Company Ltd,0.0,2026-07-20,individual,Promoter Group,12890,511243,2026-06-30,Murugappa
Valli Alagappan,Cholamandalam Investment and Finance Company Ltd,0.0,2026-07-20,individual,Promoter Group,5215,511243,2026-06-30,Murugappa
E.I.D.PARRY (INDIA) Limited,Coromandel International Ltd,55.58,2026-07-21,corporate,Promoter,163955580,506395,2026-06-30,Murugappa
KOTAK MAHINDRA TRUSTEE CO LTD A/C KOTAK NIFTY CHEM,Coromandel International Ltd,4.02,2026-07-21,corporate,Public (>1%),11862149,506395,2026-06-30,Murugappa
DSP NIFTY 500 INDEX FUND,Coromandel International Ltd,2.53,2026-07-21,corporate,Public (>1%),7478226,506395,2026-06-30,Murugappa
HDFC LARGE AND MID CAP FUND,Coromandel International Ltd,1.87,2026-07-21,corporate,Public (>1%),5506379,506395,2026-06-30,Murugappa
GROUPE CHIMIQUE TUNISIEN,Coromandel International Ltd,1.63,2026-07-21,corporate,Public (>1%),4800000,506395,2026-06-30,Murugappa
AXIS ELSS TAX SAVER FUND,Coromandel International Ltd,1.6,2026-07-21,corporate,Public (>1%),4734771,506395,2026-06-30,Murugappa
INVESTOR EDUCATION AND PROTECTION FUND,Coromandel International Ltd,1.43,2026-07-21,corporate,Public (>1%),4209337,506395,2026-06-30,Murugappa
NPS TRUST A/C UTI PENSION FUND LIMITED-SCHEME CENT,Coromandel International Ltd,1.33,2026-07-21,corporate,Public (>1%),3934154,506395,2026-06-30,Murugappa
LICI MARKET PLUS 1 GROWTH FUND,Coromandel International Ltd,1.31,2026-07-21,corporate,Public (>1%),3873104,506395,2026-06-30,Murugappa
M M Muthiah Family Trust(M M Murugappan & M M Muthiah holds shares on behalf of Trust),Coromandel International Ltd,0.07,2026-07-21,corporate,Promoter Group,218520,506395,2026-06-30,Murugappa
M M Veerappan Family Trust (M M Murugappan & Meenakshi Murugappan holds shares on behalf of Trust),Coromandel International Ltd,0.07,2026-07-21,corporate,Promoter Group,218520,506395,2026-06-30,Murugappa
V ARUNACHALAM,Coromandel International Ltd,0.07,2026-07-21,individual,Promoter,205912,506395,2026-06-30,Murugappa
V NARAYANAN,Coromandel International Ltd,0.07,2026-07-21,individual,Promoter,211512,506395,2026-06-30,Murugappa
ARUN VENKATACHALAM,Coromandel International Ltd,0.05,2026-07-21,individual,Promoter,157010,506395,2026-06-30,Murugappa
A VENKATACHALAM,Coromandel International Ltd,0.04,2026-07-21,individual,Promoter,113431,506395,2026-06-30,Murugappa
ARUN ALAGAPPAN,Coromandel International Ltd,0.04,2026-07-21,individual,Promoter,103340,506395,2026-06-30,Murugappa
LALITHA VELLAYAN,Coromandel International Ltd,0.04,2026-07-21,individual,Promoter Group,103400,506395,2026-06-30,Murugappa
Lakshmi Ramaswamy Family Trust (A A Alagammai & Lakshmi Ramaswamy holds shares on behalf of Trust,Coromandel International Ltd,0.04,2026-07-21,corporate,Promoter Group,109900,506395,2026-06-30,Murugappa
M A M ARUNACHALAM,Coromandel International Ltd,0.04,2026-07-21,individual,Promoter,107556,506395,2026-06-30,Murugappa
"Saraswathi Trust (M V Subbiah, S Vellayan, M V Seetha Subbiah holds shares on behalf of Trust)",Coromandel International Ltd,0.04,2026-07-21,corporate,Promoter Group,103273,506395,2026-06-30,Murugappa
MEYYAMMAI VENKATACHALAM,Coromandel International Ltd,0.03,2026-07-21,individual,Promoter Group,80800,506395,2026-06-30,Murugappa
M V Muthiah Family Trust (M M Venkatachalam and M V Muthiah hold shares on behalf of Trust),Coromandel International Ltd,0.02,2026-07-21,corporate,Promoter Group,65472,506395,2026-06-30,Murugappa
M V Subramanian Family Trust (M M Venkatachalam & M V Subramanian hold shares on behalf of Trust),Coromandel International Ltd,0.02,2026-07-21,corporate,Promoter Group,65472,506395,2026-06-30,Murugappa
SIGAPI ARUNACHALAM,Coromandel International Ltd,0.02,2026-07-21,individual,Promoter Group,63580,506395,2026-06-30,Murugappa
VALLI ANNAMALAI,Coromandel International Ltd,0.02,2026-07-21,individual,Promoter Group,64965,506395,2026-06-30,Murugappa
AR. Lakshmi Achi Trust,Coromandel International Ltd,0.01,2026-07-21,corporate,Promoter Group,25140,506395,2026-06-30,Murugappa
Arun Murugappan Children'sTrust (M A M Arunachalam & Sigappi Arunachalam are Trustees),Coromandel International Ltd,0.01,2026-07-21,corporate,Promoter Group,15000,506395,2026-06-30,Murugappa
LAKSHMI CHOCKALINGAM,Coromandel International Ltd,0.01,2026-07-21,individual,Promoter Group,36520,506395,2026-06-30,Murugappa
"M M Venkatachalam Family Trust, (M M Venkatachalam & Lakshmi Venkatachalam are Trustees)",Coromandel International Ltd,0.01,2026-07-21,corporate,Promoter Group,40101,506395,2026-06-30,Murugappa
M.A.ALAGAPPAN,Coromandel International Ltd,0.01,2026-07-21,individual,Promoter,34298,506395,2026-06-30,Murugappa
M.A.Alagappan Grand Children Trust (Arun Alagappan & A A Alagammai holds shares on behalf of Trust),Coromandel International Ltd,0.01,2026-07-21,corporate,Promoter Group,17000,506395,2026-06-30,Murugappa
Shambho Trust (M V Subbiah and S Vellayan holds shares on behalf of Trust),Coromandel International Ltd,0.01,2026-07-21,corporate,Promoter Group,39048,506395,2026-06-30,Murugappa
A M M Vellayan Sons P Limited,Coromandel International Ltd,0.0,2026-07-21,corporate,Promoter Group,6745,506395,2026-06-30,Murugappa
A M MEYYAMMAI,Coromandel International Ltd,0.0,2026-07-21,individual,Promoter Group,7224,506395,2026-06-30,Murugappa
Ambadi Investments Limited,Coromandel International Ltd,0.0,2026-07-21,corporate,Promoter,7453,506395,2026-06-30,Murugappa
Carborundum Universal Limited,Coromandel International Ltd,0.0,2026-07-21,corporate,Promoter,330,506395,2026-06-30,Murugappa
DHRUV M ARUNACHALAM,Coromandel International Ltd,0.0,2026-07-21,individual,Promoter Group,10600,506395,2026-06-30,Murugappa
Kadamane Estates Company (M A Alagappan hold shares on behalf of the firm),Coromandel International Ltd,0.0,2026-07-21,corporate,Promoter Group,4540,506395,2026-06-30,Murugappa
M M Murugappan Family Trust (M M Murugappan & Meenakshi Murugappan hold shares on behalf of Trust),Coromandel International Ltd,0.0,2026-07-21,corporate,Promoter Group,3300,506395,2026-06-30,Murugappa
M V Seetha Subbiah Benefit Trust (M V Subbiah & Subbiah Vellayan holds shares on behalf of Trust),Coromandel International Ltd,0.0,2026-07-21,corporate,Promoter Group,8500,506395,2026-06-30,Murugappa
M.M. Muthiah Sons Private Limited,Coromandel International Ltd,0.0,2026-07-21,corporate,Promoter Group,90,506395,2026-06-30,Murugappa
MEENAKSHI MURUGAPPAN,Coromandel International Ltd,0.0,2026-07-21,individual,Promoter Group,90,506395,2026-06-30,Murugappa
"MurugappanArunachalamChildrenTrust(SigappiArunachalam,MAMArunachalam&AM MeyyammaiareTrustees)",Coromandel International Ltd,0.0,2026-07-21,corporate,Promoter Group,330,506395,2026-06-30,Murugappa
Muthatha Ramanathan (Legal heir of Late UMAYAL.R),Coromandel International Ltd,0.0,2026-07-21,individual,Promoter Group,7466,506395,2026-06-30,Murugappa
PRANAV ALAGAPPAN,Coromandel International Ltd,0.0,2026-07-21,individual,Promoter Group,13295,506395,2026-06-30,Murugappa
SOLACHI RAMANATHAN,Coromandel International Ltd,0.0,2026-07-21,individual,Promoter Group,3600,506395,2026-06-30,Murugappa
UMA RAMANATHAN,Coromandel International Ltd,0.0,2026-07-21,individual,Promoter Group,2000,506395,2026-06-30,Murugappa
V VASANTHA,Coromandel International Ltd,0.0,2026-07-21,individual,Promoter Group,2500,506395,2026-06-30,Murugappa
VALLIAMMAI MURUGAPPAN,Coromandel International Ltd,0.0,2026-07-21,individual,Promoter Group,1832,506395,2026-06-30,Murugappa
Valli Subbiah Benefit Trust (Subbiah Vellayan & M V Subbiah holds shares on behalf of Trust),Coromandel International Ltd,0.0,2026-07-21,corporate,Promoter Group,8500,506395,2026-06-30,Murugappa
AMBADI INVESTMENTS LIMITED,EID Parry India Ltd,38.24,2026-09-11,corporate,Promoter,68058444,500125,2026-06-30,Murugappa
SBI NIFTY 500 INDEX FUND,EID Parry India Ltd,7.11,2026-09-11,corporate,Public (>1%),12647418,500125,2026-06-30,Murugappa
PARAG PARIKH FLEXI CAP FUND,EID Parry India Ltd,5.89,2026-09-11,corporate,Public (>1%),10479279,500125,2026-06-30,Murugappa
GOVINDLAL M PARIKH,EID Parry India Ltd,2.53,2026-09-11,individual,Public (>1%),4509457,500125,2026-06-30,Murugappa
HITESH SATISHCHANDRA DOSHI,EID Parry India Ltd,2.21,2026-09-11,individual,Public (>1%),3929844,500125,2026-06-30,Murugappa
CANARA ROBECO MUTUAL FUND A/C GAD,EID Parry India Ltd,1.15,2026-09-11,corporate,Public (>1%),2054646,500125,2026-06-30,Murugappa
V NARAYANAN,EID Parry India Ltd,0.26,2026-09-11,individual,Promoter,453863,500125,2026-06-30,Murugappa
V ARUNACHALAM,EID Parry India Ltd,0.25,2026-09-11,individual,Promoter,438573,500125,2026-06-30,Murugappa
A VENKATACHALAM,EID Parry India Ltd,0.23,2026-09-11,individual,Promoter,412193,500125,2026-06-30,Murugappa
ARUN ALAGAPPAN,EID Parry India Ltd,0.23,2026-09-11,individual,Promoter,408820,500125,2026-06-30,Murugappa
ARUN VENKATACHALAM,EID Parry India Ltd,0.2,2026-09-11,individual,Promoter,348540,500125,2026-06-30,Murugappa
A A ALAGAMMAI(A A Alagammai & Lakshmi Ramaswamy holds behalf of the Lakshmi Ramaswamy Family Trust),EID Parry India Ltd,0.18,2026-09-11,corporate,Promoter Group,323700,500125,2026-06-30,Murugappa
M.A.ALAGAPPAN,EID Parry India Ltd,0.12,2026-09-11,individual,Promoter,210000,500125,2026-06-30,Murugappa
Shambho Trust (M V Subbiah & S Vellayan hold shares on behalf of the Trust),EID Parry India Ltd,0.12,2026-09-11,corporate,Promoter Group,219882,500125,2026-06-30,Murugappa
M M MURUGAPPAN (M M Murugappan & M M Muthiah holds shares on behalf of M M Muthiah Family Trust),EID Parry India Ltd,0.11,2026-09-11,corporate,Promoter Group,192610,500125,2026-06-30,Murugappa
M M MURUGAPPAN (M M Murugappan & Meenakshi Murugappan holds on behalf of M M Veerappan Family Trust),EID Parry India Ltd,0.11,2026-09-11,corporate,Promoter Group,200610,500125,2026-06-30,Murugappa
MEYYAMMAI VENKATACHALAM,EID Parry India Ltd,0.11,2026-09-11,individual,Promoter Group,204420,500125,2026-06-30,Murugappa
SIGAPI ARUNACHALAM,EID Parry India Ltd,0.1,2026-09-11,individual,Promoter Group,175950,500125,2026-06-30,Murugappa
"Saraswathi Trust (M V Subbiah, S Vellayan and M V Seetha Subbiah hold shares on behalf of the Trust)",EID Parry India Ltd,0.09,2026-09-11,corporate,Promoter Group,152898,500125,2026-06-30,Murugappa
M M VENKATACHALAM (M M Venkatachalam & M V Muthiah holds on behalf of M V Muthiah Family Trust),EID Parry India Ltd,0.08,2026-09-11,corporate,Promoter Group,133928,500125,2026-06-30,Murugappa
M M VENKATACHALAM(M M Venkatachalam & M V Subramanian holds behalf of M V Subramanian Family Trust),EID Parry India Ltd,0.08,2026-09-11,corporate,Promoter Group,133928,500125,2026-06-30,Murugappa
Meenakshi Murugappan Fly Trust (M M Murugappan & Meenakshi Murugappan hold behalf of the Trust),EID Parry India Ltd,0.08,2026-09-11,corporate,Promoter Group,150000,500125,2026-06-30,Murugappa
VALLI ANNAMALAI,EID Parry India Ltd,0.08,2026-09-11,individual,Promoter Group,144981,500125,2026-06-30,Murugappa
Lakshmi Venkatachalam Fly Trust (M M Venkatachalam & Lakshmi Venkatachalam hold behalf of the Trust),EID Parry India Ltd,0.07,2026-09-11,corporate,Promoter Group,132817,500125,2026-06-30,Murugappa
M A MURUGAPPAN HOLDINGS LLP (Formerly M A MURUGAPPAN HOLDINGS PVT LTD),EID Parry India Ltd,0.07,2026-09-11,corporate,Promoter Group,125500,500125,2026-06-30,Murugappa
M M Venkatachalam Fly Trust (M M Venkatachalam & Lakshmi Venkatachalam hold behalf of the Trust),EID Parry India Ltd,0.07,2026-09-11,corporate,Promoter Group,132817,500125,2026-06-30,Murugappa
M A ALAGAPPAN HOLDINGS PRIVATE LIMITED,EID Parry India Ltd,0.06,2026-09-11,corporate,Promoter Group,110500,500125,2026-06-30,Murugappa
AR Lakshmi Achi Trust,EID Parry India Ltd,0.05,2026-09-11,corporate,Promoter Group,95430,500125,2026-06-30,Murugappa
M A M ARUNACHALAM,EID Parry India Ltd,0.05,2026-09-11,individual,Promoter,86008,500125,2026-06-30,Murugappa
LAKSHMI CHOCKA LINGAM,EID Parry India Ltd,0.04,2026-09-11,individual,Promoter Group,73376,500125,2026-06-30,Murugappa
ARUN ALAGAPPAN (Arun Alagappan&AA Alagammai holds behalf of MA Alagappan Grand Children Trust),EID Parry India Ltd,0.02,2026-09-11,individual,Promoter Group,42000,500125,2026-06-30,Murugappa
M A M ARUNACHALAM(MAM Arunachalam&Sigappi Arunachalam behalf of Arun Murugappan Childiren's Trust),EID Parry India Ltd,0.02,2026-09-11,individual,Promoter Group,42000,500125,2026-06-30,Murugappa
M M MURUGAPPAN,EID Parry India Ltd,0.02,2026-09-11,individual,Promoter,27670,500125,2026-06-30,Murugappa
R.MUTHATHA,EID Parry India Ltd,0.02,2026-09-11,individual,Promoter Group,33816,500125,2026-06-30,Murugappa
A M M VELLAYAN SONS P LTD,EID Parry India Ltd,0.01,2026-09-11,corporate,Promoter Group,15500,500125,2026-06-30,Murugappa
A M MEYYAMMAI,EID Parry India Ltd,0.01,2026-09-11,individual,Promoter Group,23752,500125,2026-06-30,Murugappa
DHRUV M ARUNACHALAM,EID Parry India Ltd,0.01,2026-09-11,individual,Promoter Group,11000,500125,2026-06-30,Murugappa
Kadamane Estates Company (Shares held by M.A.Alagappan in the capacity of Partner in the firm),EID Parry India Ltd,0.01,2026-09-11,corporate,Promoter Group,13640,500125,2026-06-30,Murugappa
LALITHA VELLAYAN,EID Parry India Ltd,0.01,2026-09-11,individual,Promoter Group,22210,500125,2026-06-30,Murugappa
M M MURUGAPPAN HUF (Karta - M M MURUGAPPAN),EID Parry India Ltd,0.01,2026-09-11,individual,Promoter,20000,500125,2026-06-30,Murugappa
M M Murugappan Fly Trust (M M Murugappan & Meenakshi Murugappan hold shares on behalf of the Trust),EID Parry India Ltd,0.01,2026-09-11,corporate,Promoter Group,25000,500125,2026-06-30,Murugappa
PRANAV ALAGAPPAN,EID Parry India Ltd,0.01,2026-09-11,individual,Promoter Group,15950,500125,2026-06-30,Murugappa
SOLACHI RAMANATHAN,EID Parry India Ltd,0.01,2026-09-11,individual,Promoter Group,11100,500125,2026-06-30,Murugappa
VALLIAMMAI MURUGAPPAN,EID Parry India Ltd,0.01,2026-09-11,individual,Promoter Group,12100,500125,2026-06-30,Murugappa
A V NAGALAKSHMI,EID Parry India Ltd,0.0,2026-09-11,individual,Promoter Group,2796,500125,2026-06-30,Murugappa
A.KEERTIKA UNNAMALAI,EID Parry India Ltd,0.0,2026-09-11,individual,Promoter Group,2000,500125,2026-06-30,Murugappa
CARBORUNDUM UNIVERSAL LIMITED,EID Parry India Ltd,0.0,2026-09-11,corporate,Promoter,1000,500125,2026-06-30,Murugappa
M V SUBBIAH (in the capacity of Karta in HUF),EID Parry India Ltd,0.0,2026-09-11,individual,Promoter,6000,500125,2026-06-30,Murugappa
M.M.MUTHIAH SONS PRIVATE LTD,EID Parry India Ltd,0.0,2026-09-11,corporate,Promoter Group,280,500125,2026-06-30,Murugappa
Sigapi Arunacham (with MAM Arunachalam&AM Meyyammai behalf of Murugappan Arunachalam Chldren Trust),EID Parry India Ltd,0.0,2026-09-11,corporate,Promoter Group,1000,500125,2026-06-30,Murugappa
Uma Ramanathan,EID Parry India Ltd,0.0,2026-09-11,individual,Promoter Group,1000,500125,2026-06-30,Murugappa
V VASANTHA,EID Parry India Ltd,0.0,2026-09-11,individual,Promoter Group,2850,500125,2026-06-30,Murugappa
Valli Alagappan,EID Parry India Ltd,0.0,2026-09-11,individual,Promoter Group,500,500125,2026-06-30,Murugappa
AMBADI INVESTMENTS LIMITED,Kartik Investments Trust Ltd,30.64,2026-07-21,corporate,Promoter,74758,501151,2026-06-30,Murugappa
CHOLAMANDALAM FINANCIAL HOLDINGS LIMITED (Formerly TI Financial Holdings Ltd),Kartik Investments Trust Ltd,13.85,2026-07-21,corporate,Promoter,33790,501151,2026-06-30,Murugappa
CARBORUNDUM UNIVERSAL LIMITED,Kartik Investments Trust Ltd,9.93,2026-07-21,corporate,Promoter,24240,501151,2026-06-30,Murugappa
E.I.D.PARRY (INDIA) LTD.,Kartik Investments Trust Ltd,9.67,2026-07-21,corporate,Promoter,23600,501151,2026-06-30,Murugappa
MURUGAPPA EDUCATIONAL AND MEDICAL FOUNDATION,Kartik Investments Trust Ltd,5.01,2026-07-21,corporate,Promoter Group,12220,501151,2026-06-30,Murugappa
IGFT PRIVATE LIMITED,Kartik Investments Trust Ltd,4.14,2026-07-21,corporate,Public (>1%),10100,501151,2026-06-30,Murugappa
ANVIL FINTRADE PVT LTD,Kartik Investments Trust Ltd,2.54,2026-07-21,corporate,Public (>1%),6200,501151,2026-06-30,Murugappa
GAGANDEEP CREDIT CAPITAL PVT LTD,Kartik Investments Trust Ltd,2.54,2026-07-21,corporate,Public (>1%),6200,501151,2026-06-30,Murugappa
PRESCIENT WEALTH MANAGEMENT PRIVATE LIMITED,Kartik Investments Trust Ltd,2.54,2026-07-21,corporate,Public (>1%),6200,501151,2026-06-30,Murugappa
M.M.MUTHIAH RESEARCH FOUNDATION,Kartik Investments Trust Ltd,2.03,2026-07-21,corporate,Promoter Group,4960,501151,2026-06-30,Murugappa
AR LAKSHMI ACHI TRUST,Kartik Investments Trust Ltd,1.64,2026-07-21,corporate,Promoter Group,4000,501151,2026-06-30,Murugappa
A M M VELLAYAN SONS P LTD,Kartik Investments Trust Ltd,1.52,2026-07-21,corporate,Promoter Group,3700,501151,2026-06-30,Murugappa
CHOLA BUSINESS SERVICES LIMITED,Kartik Investments Trust Ltd,0.23,2026-07-21,corporate,Promoter Group,550,501151,2026-06-30,Murugappa
"Murugappa & Sons (M.V.SUBBIAH, M A Alagappan and M M Murugappan are the partners of the Firm)",Kartik Investments Trust Ltd,0.08,2026-07-21,corporate,Promoter,200,501151,2026-06-30,Murugappa
M M MURUGAPPAN,Kartik Investments Trust Ltd,0.04,2026-07-21,individual,Promoter,100,501151,2026-06-30,Murugappa
M V SUBBIAH,Kartik Investments Trust Ltd,0.04,2026-07-21,individual,Promoter,100,501151,2026-06-30,Murugappa
M.A.ALAGAPPAN,Kartik Investments Trust Ltd,0.04,2026-07-21,individual,Promoter,100,501151,2026-06-30,Murugappa
A VENKATACHALAM,Kartik Investments Trust Ltd,0.02,2026-07-21,individual,Promoter,50,501151,2026-06-30,Murugappa
M A ALAGAPPAN HOLDINGS PRIVATE LIMITED,Kartik Investments Trust Ltd,0.02,2026-07-21,corporate,Promoter Group,50,501151,2026-06-30,Murugappa
M.A. Murugappan Holdings LLP,Kartik Investments Trust Ltd,0.02,2026-07-21,corporate,Promoter Group,50,501151,2026-06-30,Murugappa
PARRY ENTERPRISES INDIA LTD,Kartik Investments Trust Ltd,0.01,2026-07-21,corporate,Promoter Group,32,501151,2026-06-30,Murugappa
V ARUNACHALAM,Kartik Investments Trust Ltd,0.01,2026-07-21,individual,Promoter,25,501151,2026-06-30,Murugappa
V NARAYANAN,Kartik Investments Trust Ltd,0.01,2026-07-21,individual,Promoter,25,501151,2026-06-30,Murugappa
COROMANDEL INTERNATIONAL LIMITED,NACL Industries Ltd,53.68,2026-07-20,corporate,Promoter,125736882,524709,2026-06-30,Murugappa
KRISHI RASAYAN EXPORTS PRIVATE LIMITED,NACL Industries Ltd,7.84,2026-07-20,corporate,Public (>1%),18369655,524709,2026-06-30,Murugappa
RAJESH KUMAR AGARWAL,NACL Industries Ltd,7.84,2026-07-20,individual,Public (>1%),18369655,524709,2026-06-30,Murugappa
KLR PRODUCTS LIMITED,NACL Industries Ltd,3.34,2026-07-20,corporate,Public (>1%),7827354,524709,2026-06-30,Murugappa
Investor Educaton and Protection Fund(IEPF),NACL Industries Ltd,1.4,2026-07-20,corporate,Public (>1%),3286236,524709,2026-06-30,Murugappa
Arun Murugappan Children'sTrust (M A M Arunachalam & Sigappi Arunachalam are Trustees),NACL Industries Ltd,0.0,2026-07-20,corporate,Promoter Group,3209,524709,2026-06-30,Murugappa
M A Alagappan Holdings Private Limited,NACL Industries Ltd,0.0,2026-07-20,corporate,Promoter Group,2588,524709,2026-06-30,Murugappa
M A M ARUNACHALAM,NACL Industries Ltd,0.0,2026-07-20,individual,Promoter Group,1709,524709,2026-06-30,Murugappa
"M A Murugappan HUF rep. by M A M Arunachalam, Karta",NACL Industries Ltd,0.0,2026-07-20,individual,Promoter Group,1004,524709,2026-06-30,Murugappa
M A Murugappan Holdings LLP,NACL Industries Ltd,0.0,2026-07-20,corporate,Promoter Group,3664,524709,2026-06-30,Murugappa
M.A.ALAGAPPAN,NACL Industries Ltd,0.0,2026-07-20,individual,Promoter Group,2279,524709,2026-06-30,Murugappa
"MurugappanArunachalamChildrenTrust(SigappiArunachalam,MAMArunachalam&AM MeyyammaiareTrustees)",NACL Industries Ltd,0.0,2026-07-20,corporate,Promoter Group,4202,524709,2026-06-30,Murugappa
Vedhika Meyyammai Arunachalam,NACL Industries Ltd,0.0,2026-07-20,individual,Promoter Group,91,524709,2026-06-30,Murugappa
Tube Investments Of India Limited,Shanthi Gears Ltd,70.46,2026-07-17,corporate,Promoter,54057475,522034,2026-06-30,Murugappa
Pacific Assets Trust PLC,Shanthi Gears Ltd,2.9,2026-07-17,corporate,Public (>1%),2221090,522034,2026-06-30,Murugappa
Dhanesh S Shah,Shanthi Gears Ltd,1.27,2026-07-17,individual,Public (>1%),974114,522034,2026-06-30,Murugappa
Durgesh S Shah,Shanthi Gears Ltd,1.27,2026-07-17,individual,Public (>1%),974114,522034,2026-06-30,Murugappa
Nimesh Sumatilal,Shanthi Gears Ltd,1.27,2026-07-17,individual,Public (>1%),974114,522034,2026-06-30,Murugappa
Ambadi Investments Limited,Shanthi Gears Ltd,0.01,2026-07-17,corporate,Promoter,5714,522034,2026-06-30,Murugappa
A M M Vellayan Sons P,Shanthi Gears Ltd,0.0,2026-07-17,corporate,Promoter,660,522034,2026-06-30,Murugappa
AMBADI INVESTMENTS LIMITED,Tube Investments of India Ltd,35.63,2026-09-18,corporate,Promoter,68966595,540762,2026-06-30,Murugappa
"SMALLCAP WORLD FUND, INC",Tube Investments of India Ltd,4.31,2026-09-18,corporate,Public (>1%),8350149,540762,2026-06-30,Murugappa
NIPPON LIFE INDIA TRUSTEE LTD-A/C NIPPON INDIA MUL,Tube Investments of India Ltd,3.84,2026-09-18,corporate,Public (>1%),7428970,540762,2026-06-30,Murugappa
MOTILAL OSWAL NIFTY MIDCAP 100 ETF,Tube Investments of India Ltd,2.29,2026-09-18,corporate,Public (>1%),4424507,540762,2026-06-30,Murugappa
LIFE INSURANCE CORPORATION OF INDIA,Tube Investments of India Ltd,1.85,2026-09-18,corporate,Public (>1%),3582416,540762,2026-06-30,Murugappa
DSP FLEXI CAP FUND,Tube Investments of India Ltd,1.18,2026-09-18,corporate,Public (>1%),2280926,540762,2026-06-30,Murugappa
FRANKLIN ASIAN EQUITY FUND,Tube Investments of India Ltd,1.16,2026-09-18,corporate,Public (>1%),2246574,540762,2026-06-30,Murugappa
HDFC LIFE INSURANCE COMPANY LIMITED,Tube Investments of India Ltd,1.09,2026-09-18,corporate,Public (>1%),2115817,540762,2026-06-30,Murugappa
UTI NIFTY500 SHARIAH INDEX FUND,Tube Investments of India Ltd,1.09,2026-09-18,corporate,Public (>1%),2102915,540762,2026-06-30,Murugappa
NPS TRUST- A/C HDFC PENSION FUND MANAGEMENT LIMITE,Tube Investments of India Ltd,1.02,2026-09-18,corporate,Public (>1%),1976757,540762,2026-06-30,Murugappa
M A M ARUNACHALAM,Tube Investments of India Ltd,0.44,2026-09-18,individual,Promoter,859938,540762,2026-06-30,Murugappa
ARUN ALAGAPPAN,Tube Investments of India Ltd,0.39,2026-09-18,individual,Promoter,749090,540762,2026-06-30,Murugappa
MURUGAPPA EDUCATIONAL AND MEDICAL FOUNDATION,Tube Investments of India Ltd,0.38,2026-09-18,corporate,Promoter Group,726200,540762,2026-06-30,Murugappa
V ARUNACHALAM,Tube Investments of India Ltd,0.38,2026-09-18,individual,Promoter,732622,540762,2026-06-30,Murugappa
M.A.ALAGAPPAN,Tube Investments of India Ltd,0.37,2026-09-18,individual,Promoter,710000,540762,2026-06-30,Murugappa
Lakshmi Ramaswamy Family Trust (A A Alagammai & Lakshmi Ramaswamy holds shares on behalf of Trust),Tube Investments of India Ltd,0.36,2026-09-18,corporate,Promoter Group,689998,540762,2026-06-30,Murugappa
V NARAYANAN,Tube Investments of India Ltd,0.35,2026-09-18,individual,Promoter,674771,540762,2026-06-30,Murugappa
A VENKATACHALAM,Tube Investments of India Ltd,0.3,2026-09-18,individual,Promoter,573979,540762,2026-06-30,Murugappa
LAKSHMI CHOCKALINGAM,Tube Investments of India Ltd,0.29,2026-09-18,individual,Promoter Group,566607,540762,2026-06-30,Murugappa
Shambho Trust (M V Subbiah and S Vellayan hold shares),Tube Investments of India Ltd,0.29,2026-09-18,corporate,Promoter Group,568080,540762,2026-06-30,Murugappa
"M A MURUGAPPAN HOLDINGS LLP (Formerly, M A Murugappan Holdings Pvt. Ltd).",Tube Investments of India Ltd,0.28,2026-09-18,corporate,Promoter Group,546860,540762,2026-06-30,Murugappa
"Saraswathi Trust (M V Subbiah, S Vellayan and M V Seetha Subbiah hold shares)",Tube Investments of India Ltd,0.28,2026-09-18,corporate,Promoter Group,537360,540762,2026-06-30,Murugappa
Meenakshi Murugappan Family Trust (M M Murugappan and Meenakshi Murugappan hold shares),Tube Investments of India Ltd,0.26,2026-09-18,corporate,Promoter Group,500000,540762,2026-06-30,Murugappa
M M Muthiah Family Trust (M M Murugappan & M M Muthiah holds shares on behalf of Trust),Tube Investments of India Ltd,0.25,2026-09-18,corporate,Promoter Group,478055,540762,2026-06-30,Murugappa
M M Veerappan Family Trust - M M Murugappan & Meenkashi Murugappan holds shares on behalf of Trust,Tube Investments of India Ltd,0.24,2026-09-18,corporate,Promoter Group,468055,540762,2026-06-30,Murugappa
M V Muthiah Family Trust (M M Venkatachalam & M V Muthiah holds shares on behalf of Trust),Tube Investments of India Ltd,0.24,2026-09-18,corporate,Promoter Group,459830,540762,2026-06-30,Murugappa
M V Subramanian Family Trust - M M Venkatachalam and M V Subramanian holds shares,Tube Investments of India Ltd,0.24,2026-09-18,corporate,Promoter Group,459830,540762,2026-06-30,Murugappa
ARUN VENKATACHALAM,Tube Investments of India Ltd,0.23,2026-09-18,individual,Promoter,450130,540762,2026-06-30,Murugappa
M A ALAGAPPAN HOLDINGS PRIVATE LIMITED,Tube Investments of India Ltd,0.23,2026-09-18,corporate,Promoter Group,446360,540762,2026-06-30,Murugappa
AR LAKSHMI ACHI TRUST,Tube Investments of India Ltd,0.2,2026-09-18,corporate,Promoter Group,391510,540762,2026-06-30,Murugappa
M M Venkatachalam Family Trust (M M Venkatachalam and Lakshmi Venkatachalam hold shares),Tube Investments of India Ltd,0.2,2026-09-18,corporate,Promoter Group,390900,540762,2026-06-30,Murugappa
MEYYAMMAI VENKATACHALAM,Tube Investments of India Ltd,0.19,2026-09-18,individual,Promoter Group,358580,540762,2026-06-30,Murugappa
VALLI ANNAMALAI,Tube Investments of India Ltd,0.19,2026-09-18,individual,Promoter Group,361025,540762,2026-06-30,Murugappa
M M MURUGAPPAN - As Karta of M M Murugappan HUF,Tube Investments of India Ltd,0.18,2026-09-18,individual,Promoter,355330,540762,2026-06-30,Murugappa
Lakshmi Venkatachalam Family Trust (M M Venkatachalam and Lakshmi Venkatachalam hold shares),Tube Investments of India Ltd,0.17,2026-09-18,corporate,Promoter Group,336905,540762,2026-06-30,Murugappa
R.Muthatha,Tube Investments of India Ltd,0.17,2026-09-18,individual,Promoter Group,337830,540762,2026-06-30,Murugappa
M.M.MUTHIAH RESEARCH FOUNDATION,Tube Investments of India Ltd,0.15,2026-09-18,corporate,Promoter Group,280920,540762,2026-06-30,Murugappa
M M MURUGAPPAN - As Karta of M M Muthiah HUF,Tube Investments of India Ltd,0.14,2026-09-18,individual,Promoter,277360,540762,2026-06-30,Murugappa
SIGAPI ARUNACHALAM,Tube Investments of India Ltd,0.12,2026-09-18,individual,Promoter Group,227990,540762,2026-06-30,Murugappa
Arun Murugappan Children's Trust (MAM Arunachalam & Sigappi Arunachalam hold shares on behalf of trust),Tube Investments of India Ltd,0.11,2026-09-18,corporate,Promoter Group,220278,540762,2026-06-30,Murugappa
M A Alagappan Grand Children Trust (Arun Alagappan & AA Alagammai hold shares on behalf of Trust),Tube Investments of India Ltd,0.11,2026-09-18,corporate,Promoter Group,216777,540762,2026-06-30,Murugappa
"Murugappan Arunachalam Children Trust (Sigapi Arunachalam, MAM Arunachalam and AM Meyyammai hold shares on behalf of trust)",Tube Investments of India Ltd,0.11,2026-09-18,corporate,Promoter Group,215410,540762,2026-06-30,Murugappa
M M Murugappan Family Trust (M M Murugappan and Meenakshi Murugappan hold shares),Tube Investments of India Ltd,0.1,2026-09-18,corporate,Promoter Group,194800,540762,2026-06-30,Murugappa
M M MURUGAPPAN,Tube Investments of India Ltd,0.09,2026-09-18,individual,Promoter,167715,540762,2026-06-30,Murugappa
M V SUBBIAH - As Karta of MV Subbiah HUF,Tube Investments of India Ltd,0.09,2026-09-18,individual,Promoter,171200,540762,2026-06-30,Murugappa
M A M ARUNACHALAM - As Karta of M A Murugappan HUF,Tube Investments of India Ltd,0.08,2026-09-18,individual,Promoter,148660,540762,2026-06-30,Murugappa
M A ALAGAPPAN - As Karta of M A Alagappan HUF,Tube Investments of India Ltd,0.07,2026-09-18,individual,Promoter,130660,540762,2026-06-30,Murugappa
M V SUBBIAH,Tube Investments of India Ltd,0.07,2026-09-18,individual,Promoter,135000,540762,2026-06-30,Murugappa
A M MEYYAMMAI,Tube Investments of India Ltd,0.04,2026-09-18,individual,Promoter Group,78425,540762,2026-06-30,Murugappa
A M M VELLAYAN SONS P LTD,Tube Investments of India Ltd,0.02,2026-09-18,corporate,Promoter Group,38454,540762,2026-06-30,Murugappa
M V SEETHA SUBBIAH,Tube Investments of India Ltd,0.02,2026-09-18,individual,Promoter Group,45000,540762,2026-06-30,Murugappa
DHRUV M ARUNACHALAM,Tube Investments of India Ltd,0.01,2026-09-18,individual,Promoter Group,11100,540762,2026-06-30,Murugappa
M V Seetha Subbiah Benefit Trust (M V Subbiah & Subbiah Vellayan holds shares),Tube Investments of India Ltd,0.01,2026-09-18,corporate,Promoter Group,14500,540762,2026-06-30,Murugappa
PRANAV ALAGAPPAN,Tube Investments of India Ltd,0.01,2026-09-18,individual,Promoter Group,25950,540762,2026-06-30,Murugappa
VALLIAMMAI MURUGAPPAN,Tube Investments of India Ltd,0.01,2026-09-18,individual,Promoter Group,17032,540762,2026-06-30,Murugappa
Valli Subbiah Benefit Trust (Subbiah Vellayan and M V Subbiah holds shares),Tube Investments of India Ltd,0.01,2026-09-18,corporate,Promoter Group,14500,540762,2026-06-30,Murugappa
A V NAGALAKSHMI,Tube Investments of India Ltd,0.0,2026-09-18,individual,Promoter Group,3600,540762,2026-06-30,Murugappa
A.KEERTIKA UNNAMALAI,Tube Investments of India Ltd,0.0,2026-09-18,individual,Promoter Group,500,540762,2026-06-30,Murugappa
CARBORUNDUM UNIVERSAL LIMITED,Tube Investments of India Ltd,0.0,2026-09-18,corporate,Promoter,1000,540762,2026-06-30,Murugappa
KANIKA SUBBIAH,Tube Investments of India Ltd,0.0,2026-09-18,individual,Promoter Group,3750,540762,2026-06-30,Murugappa
KRISHNA MURUGAPPAN MUTHIAH,Tube Investments of India Ltd,0.0,2026-09-18,individual,Promoter Group,5000,540762,2026-06-30,Murugappa
LAKSHMI VENKATACHALAM,Tube Investments of India Ltd,0.0,2026-09-18,individual,Promoter Group,1200,540762,2026-06-30,Murugappa
M M VENKATACHALAM,Tube Investments of India Ltd,0.0,2026-09-18,individual,Promoter,4000,540762,2026-06-30,Murugappa
M.M.MUTHIAH SONS PRIVATE LTD,Tube Investments of India Ltd,0.0,2026-09-18,corporate,Promoter Group,4200,540762,2026-06-30,Murugappa
MEENAKSHI MURUGAPPAN,Tube Investments of India Ltd,0.0,2026-09-18,individual,Promoter Group,70,540762,2026-06-30,Murugappa
SOLACHI RAMANATHAN,Tube Investments of India Ltd,0.0,2026-09-18,individual,Promoter Group,8500,540762,2026-06-30,Murugappa
UMA RAMANATHAN,Tube Investments of India Ltd,0.0,2026-09-18,individual,Promoter Group,2000,540762,2026-06-30,Murugappa
V VASANTHA,Tube Investments of India Ltd,0.0,2026-09-18,individual,Promoter Group,2300,540762,2026-06-30,Murugappa
Tata Motors Limited,Automobile Corporation of Goa Ltd-$,48.98,2026-07-10,corporate,Promoter,2982214,505036,2026-06-30,Tata
Edc Limited,Automobile Corporation of Goa Ltd-$,6.66,2026-07-10,corporate,Public (>1%),405302,505036,2026-06-30,Tata
Arun Nahar,Automobile Corporation of Goa Ltd-$,4.13,2026-07-10,individual,Public (>1%),251752,505036,2026-06-30,Tata
Investor Education And Protection Fund Authority Ministry Of Corporate Affairs,Automobile Corporation of Goa Ltd-$,2.13,2026-07-10,corporate,Public (>1%),129708,505036,2026-06-30,Tata
Rachna Credit Capital Private Limited,Automobile Corporation of Goa Ltd-$,1.25,2026-07-10,corporate,Public (>1%),75866,505036,2026-06-30,Tata
Pankaj Rakyan,Automobile Corporation of Goa Ltd-$,1.21,2026-07-10,individual,Public (>1%),73684,505036,2026-06-30,Tata
Diana Dhun Ratnagar,Automobile Corporation of Goa Ltd-$,1.08,2026-07-10,individual,Public (>1%),66000,505036,2026-06-30,Tata
Dhanesh S Shah,Automobile Corporation of Goa Ltd-$,1.06,2026-07-10,individual,Public (>1%),64394,505036,2026-06-30,Tata
Tata AutoComp Systems Limited,Automotive Stampings and Assemblies Ltd,75.0,2026-07-20,corporate,Promoter,11898296,520119,2026-06-30,Tata
The Indian Hotels Company Limited,Benares Hotels Ltd,49.53,2026-07-17,corporate,Promoter,643825,509438,2026-06-30,Tata
Piem Hotels Limited,Benares Hotels Ltd,4.16,2026-07-17,corporate,Promoter,54063,509438,2026-06-30,Tata
Aditya Deorah,Benares Hotels Ltd,2.87,2026-07-17,individual,Public (>1%),37359,509438,2026-06-30,Tata
Investor Education And Protection Fund Authority Ministry Of Corporate Affairs,Benares Hotels Ltd,2.37,2026-07-17,corporate,Public (>1%),30787,509438,2026-06-30,Tata
All India Kashiraj Trust,Benares Hotels Ltd,2.31,2026-07-17,corporate,Promoter,30000,509438,2026-06-30,Tata
Anant Narain Singh,Benares Hotels Ltd,1.85,2026-07-17,individual,Promoter,24000,509438,2026-06-30,Tata
Vinodchandra Mansukhlal Parekh,Benares Hotels Ltd,1.55,2026-07-17,individual,Public (>1%),20115,509438,2026-06-30,Tata
Brajraj Singh,Benares Hotels Ltd,1.54,2026-07-17,individual,Public (>1%),20000,509438,2026-06-30,Tata
Arjun Ramani,Benares Hotels Ltd,1.45,2026-07-17,individual,Public (>1%),18798,509438,2026-06-30,Tata
Shrivarad Narayan Singh,Benares Hotels Ltd,1.38,2026-07-17,individual,Promoter,18000,509438,2026-06-30,Tata
Maharaj Kumari Hari Priya,Benares Hotels Ltd,1.35,2026-07-17,individual,Promoter,17550,509438,2026-06-30,Tata
Raghubirsingh R Gohil,Benares Hotels Ltd,1.23,2026-07-17,individual,Public (>1%),15957,509438,2026-06-30,Tata
Maharaja Kumari Krishna Priya,Benares Hotels Ltd,0.97,2026-07-17,individual,Promoter,12556,509438,2026-06-30,Tata
Anamika Kunwar,Benares Hotels Ltd,0.55,2026-07-17,individual,Promoter,7209,509438,2026-06-30,Tata
Maharaj Kumari Vishnupriya,Benares Hotels Ltd,0.39,2026-07-17,individual,Promoter,5010,509438,2026-06-30,Tata
Imlak Varanasi Developments Private Limited,Benares Hotels Ltd,0.08,2026-07-17,corporate,Promoter,1050,509438,2026-06-30,Tata
Northern India Hotels Limited,Benares Hotels Ltd,0.01,2026-07-17,corporate,Promoter,150,509438,2026-06-30,Tata
Anirudh Narain Singh,Benares Hotels Ltd,0.0,2026-07-17,individual,Promoter Group,12,509438,2026-06-30,Tata
Kunvar Ishan,Benares Hotels Ltd,0.0,2026-07-17,individual,Promoter Group,15,509438,2026-06-30,Tata
Oriental Hotels Limited,Benares Hotels Ltd,0.0,2026-07-17,corporate,Promoter,50,509438,2026-06-30,Tata
Pradyumn Narain Singh,Benares Hotels Ltd,0.0,2026-07-17,individual,Promoter Group,22,509438,2026-06-30,Tata
Varada Vasupriya,Benares Hotels Ltd,0.0,2026-07-17,individual,Promoter Group,5,509438,2026-06-30,Tata
TATA SONS PRIVATE LIMITED,Indian Hotels Company Ltd,35.66,2026-07-20,corporate,Promoter,507655313,500850,2026-06-30,Tata
NPS TRUST- A/C SBI PENSION FUND SCHEME - STATE GOVT,Indian Hotels Company Ltd,4.74,2026-07-20,corporate,Public (>1%),67415273,500850,2026-06-30,Tata
LIFE INSURANCE CORPORATION OF INDIA,Indian Hotels Company Ltd,2.64,2026-07-20,corporate,Public (>1%),37533692,500850,2026-06-30,Tata
NIPPON LIFE INDIA TRUSTEE LTD-A/C NIPPON INDIA MULTI CAP FUND,Indian Hotels Company Ltd,2.53,2026-07-20,corporate,Public (>1%),36026112,500850,2026-06-30,Tata
CANARA ROBECO MUTUAL FUND A/C CANARA ROBECO LARGE AND MID CAP FUND,Indian Hotels Company Ltd,2.36,2026-07-20,corporate,Public (>1%),33646804,500850,2026-06-30,Tata
AXIS MUTUAL FUND TRUSTEE LIMITED A/C AXIS MUTUAL FUND A/C AXIS MIDCAP FUND,Indian Hotels Company Ltd,2.2,2026-07-20,corporate,Public (>1%),31244734,500850,2026-06-30,Tata
HDFC MUTUAL FUND - HDFC MID-CAP FUND,Indian Hotels Company Ltd,1.51,2026-07-20,corporate,Public (>1%),21458920,500850,2026-06-30,Tata
ICICI PRUDENTIAL BALANCED ADVANTAGE FUND,Indian Hotels Company Ltd,1.5,2026-07-20,corporate,Public (>1%),21373758,500850,2026-06-30,Tata
TATA INVESTMENT CORPORATION LTD,Indian Hotels Company Ltd,1.26,2026-07-20,corporate,Promoter Group,17989666,500850,2026-06-30,Tata
REKHA JHUNJHUNWALA,Indian Hotels Company Ltd,1.0,2026-07-20,individual,Public (>1%),14287765,500850,2026-06-30,Tata
TATA CHEMICALS LIMITED,Indian Hotels Company Ltd,0.83,2026-07-20,corporate,Promoter Group,11877053,500850,2026-06-30,Tata
EWART INVESTMENTS LIMITED,Indian Hotels Company Ltd,0.15,2026-07-20,corporate,Promoter Group,2127705,500850,2026-06-30,Tata
TAJ MADURAI LIMITED,Indian Hotels Company Ltd,0.08,2026-07-20,corporate,Promoter Group,1125393,500850,2026-06-30,Tata
ORIENTAL HOTELS LIMITED,Indian Hotels Company Ltd,0.06,2026-07-20,corporate,Promoter Group,835997,500850,2026-06-30,Tata
TATA INDUSTRIES LIMITED,Indian Hotels Company Ltd,0.05,2026-07-20,corporate,Promoter Group,739197,500850,2026-06-30,Tata
TAIDA TRADING AND INDUSTRIES LIMITED,Indian Hotels Company Ltd,0.01,2026-07-20,corporate,Promoter Group,187818,500850,2026-06-30,Tata
TATA CAPITAL LTD,Indian Hotels Company Ltd,0.0,2026-07-20,corporate,Promoter Group,19600,500850,2026-06-30,Tata
The Tata Power Company Limited,Nelco Ltd,50.04,2026-07-15,corporate,Promoter,11418090,504112,2026-06-30,Tata
SCHLUMBERGER LIMITED,Nelco Ltd,3.8,2026-07-15,corporate,Public (>1%),866460,504112,2026-06-30,Tata
Quadrature Capital Vector Sp Limited,Nelco Ltd,1.19,2026-07-15,corporate,Public (>1%),270724,504112,2026-06-30,Tata
Investor Education And Protection Fund Authority Ministry Of Corporate Affairs,Nelco Ltd,1.05,2026-07-15,corporate,Public (>1%),239176,504112,2026-06-30,Tata
Aftaab Investment Company Limited,Nelco Ltd,0.04,2026-07-15,corporate,Promoter,9850,504112,2026-06-30,Tata
Titan Company Limited,Nelco Ltd,0.0,2026-07-15,corporate,Promoter Group,1000,504112,2026-06-30,Tata
THE INDIAN HOTELS COMPANY LIMITED,Oriental Hotels Ltd,28.54,2026-07-21,corporate,Promoter,50972910,500314,2026-06-30,Tata
PRAMOD RANJAN,Oriental Hotels Ltd,8.0,2026-07-21,individual,Promoter,14288140,500314,2026-06-30,Tata
IHOCO B.V.,Oriental Hotels Ltd,5.25,2026-07-21,corporate,Promoter Group,9384860,500314,2026-06-30,Tata
D. VARADA REDDY,Oriental Hotels Ltd,3.7,2026-07-21,individual,Promoter,6614763,500314,2026-06-30,Tata
RAMESH DOULATRAM HARIANI,Oriental Hotels Ltd,2.14,2026-07-21,individual,Promoter,3813788,500314,2026-06-30,Tata
PIEM HOTELS LIMITED,Oriental Hotels Ltd,2.05,2026-07-21,corporate,Promoter Group,3657170,500314,2026-06-30,Tata
DODLA AMIT REDDY,Oriental Hotels Ltd,1.68,2026-07-21,individual,Promoter Group,3000938,500314,2026-06-30,Tata
GIRIJA GOLLAMUDI REDDY,Oriental Hotels Ltd,1.5,2026-07-21,individual,Promoter Group,2687625,500314,2026-06-30,Tata
D. VIJAYAGOPAL REDDY,Oriental Hotels Ltd,1.45,2026-07-21,individual,Promoter,2597060,500314,2026-06-30,Tata
CHILAMILIKA LALINI HARIANI,Oriental Hotels Ltd,1.42,2026-07-21,individual,Promoter Group,2538909,500314,2026-06-30,Tata
TATA CHEMICALS LIMITED,Oriental Hotels Ltd,1.41,2026-07-21,corporate,Promoter Group,2523000,500314,2026-06-30,Tata
ROHIT REDDY D,Oriental Hotels Ltd,1.24,2026-07-21,individual,Promoter Group,2212500,500314,2026-06-30,Tata
QUANT MUTUAL FUND - QUANT SMALL CAP FUND,Oriental Hotels Ltd,1.14,2026-07-21,corporate,Public (>1%),2040266,500314,2026-06-30,Tata
DODLA PREMALEELA REDDY,Oriental Hotels Ltd,1.13,2026-07-21,individual,Promoter Group,2019980,500314,2026-06-30,Tata
TAJ TRADE AND TRANSPORT COMPANY LIMITED,Oriental Hotels Ltd,0.93,2026-07-21,corporate,Promoter Group,1664090,500314,2026-06-30,Tata
D NAVEEN REDDY,Oriental Hotels Ltd,0.74,2026-07-21,individual,Promoter Group,1313900,500314,2026-06-30,Tata
DODLA PRAKASH REDDY,Oriental Hotels Ltd,0.73,2026-07-21,individual,Promoter Group,1309320,500314,2026-06-30,Tata
D. ARUNA REDDY,Oriental Hotels Ltd,0.72,2026-07-21,individual,Promoter Group,1283710,500314,2026-06-30,Tata
GOLLAMUDI VENKA REDDY,Oriental Hotels Ltd,0.7,2026-07-21,individual,Promoter Group,1258450,500314,2026-06-30,Tata
P. SHOBA REDDY,Oriental Hotels Ltd,0.61,2026-07-21,individual,Promoter Group,1081450,500314,2026-06-30,Tata
TATA INVESTMENT CORPORATION LTD,Oriental Hotels Ltd,0.6,2026-07-21,corporate,Promoter Group,1076000,500314,2026-06-30,Tata
JAKKA SUREKHA REDDY,Oriental Hotels Ltd,0.58,2026-07-21,individual,Promoter Group,1042300,500314,2026-06-30,Tata
DODLA POORNIMA REDDY,Oriental Hotels Ltd,0.5,2026-07-21,individual,Promoter Group,900000,500314,2026-06-30,Tata
M KALA REDDY,Oriental Hotels Ltd,0.35,2026-07-21,individual,Promoter Group,626120,500314,2026-06-30,Tata
C HEMALATHA REDDY,Oriental Hotels Ltd,0.28,2026-07-21,individual,Promoter Group,506430,500314,2026-06-30,Tata
PIEM INTERNATIONAL (H.K.) LIMITED,Oriental Hotels Ltd,0.27,2026-07-21,corporate,Promoter Group,487500,500314,2026-06-30,Tata
D NITYA REDDY,Oriental Hotels Ltd,0.26,2026-07-21,individual,Promoter Group,467300,500314,2026-06-30,Tata
PRAVIN RANJAN,Oriental Hotels Ltd,0.21,2026-07-21,individual,Promoter Group,366220,500314,2026-06-30,Tata
D RAHUL REDDY,Oriental Hotels Ltd,0.18,2026-07-21,individual,Promoter Group,318170,500314,2026-06-30,Tata
LATE SUDHAKAR REDDY,Oriental Hotels Ltd,0.18,2026-07-21,individual,Promoter,313455,500314,2026-06-30,Tata
C LEENAJA REDDY,Oriental Hotels Ltd,0.17,2026-07-21,individual,Promoter Group,311250,500314,2026-06-30,Tata
DODLA VENKATARAMANI,Oriental Hotels Ltd,0.15,2026-07-21,individual,Promoter Group,273956,500314,2026-06-30,Tata
DODLA SHILPA,Oriental Hotels Ltd,0.14,2026-07-21,individual,Promoter Group,247520,500314,2026-06-30,Tata
PEDDINENIKALVA VIDYAREDDY,Oriental Hotels Ltd,0.11,2026-07-21,individual,Promoter Group,192620,500314,2026-06-30,Tata
NEETHA REDDY,Oriental Hotels Ltd,0.1,2026-07-21,individual,Promoter Group,169989,500314,2026-06-30,Tata
D. SUDHA REDDY,Oriental Hotels Ltd,0.09,2026-07-21,individual,Promoter Group,156630,500314,2026-06-30,Tata
M V SURESHREDDY,Oriental Hotels Ltd,0.09,2026-07-21,individual,Promoter Group,155000,500314,2026-06-30,Tata
LATE D SUNDER NISCHAL,Oriental Hotels Ltd,0.06,2026-07-21,individual,Promoter Group,99000,500314,2026-06-30,Tata
DWARAKNATH REDDY HUF (P DWARAKNATH REDDY),Oriental Hotels Ltd,0.05,2026-07-21,individual,Promoter Group,87390,500314,2026-06-30,Tata
D K PAVAN,Oriental Hotels Ltd,0.04,2026-07-21,individual,Promoter Group,65850,500314,2026-06-30,Tata
D V SHARAN,Oriental Hotels Ltd,0.04,2026-07-21,individual,Promoter Group,65850,500314,2026-06-30,Tata
TAJ MADURAI LIMITED,Oriental Hotels Ltd,0.04,2026-07-21,corporate,Promoter Group,68260,500314,2026-06-30,Tata
KIRAN REDDY JAKKA,Oriental Hotels Ltd,0.03,2026-07-21,individual,Promoter Group,59830,500314,2026-06-30,Tata
D KARTHIK REDDY,Oriental Hotels Ltd,0.01,2026-07-21,individual,Promoter Group,20462,500314,2026-06-30,Tata
DODLA ABISHEK,Oriental Hotels Ltd,0.01,2026-07-21,individual,Promoter Group,22770,500314,2026-06-30,Tata
DODLA PRASANNA REDDY,Oriental Hotels Ltd,0.01,2026-07-21,individual,Promoter Group,25000,500314,2026-06-30,Tata
G V K RANJAN,Oriental Hotels Ltd,0.01,2026-07-21,individual,Promoter Group,12000,500314,2026-06-30,Tata
J CHAITANYA REDDY,Oriental Hotels Ltd,0.01,2026-07-21,individual,Promoter Group,16820,500314,2026-06-30,Tata
DEEPTHA REDDY,Oriental Hotels Ltd,0.0,2026-07-21,individual,Promoter Group,10,500314,2026-06-30,Tata
LATE DODLA KAMESWARI REDDY,Oriental Hotels Ltd,0.0,2026-07-21,individual,Promoter Group,5200,500314,2026-06-30,Tata
Tata Chemicals Limited,Rallis India Ltd,55.04,2026-07-21,corporate,Promoter,107041610,500355,2026-06-30,Tata
SBI MUTUAL FUND (Various Funds),Rallis India Ltd,8.3,2026-07-21,corporate,Public (>1%),16145401,500355,2026-06-30,Tata
National Insurance Company Ltd,Rallis India Ltd,1.1,2026-07-21,corporate,Public (>1%),2136226,500355,2026-06-30,Tata
Ewart Investments Limited,Rallis India Ltd,0.04,2026-07-21,corporate,Promoter Group,75000,500355,2026-06-30,Tata
Tata Steel Limited,TRF Ltd-$,34.11,2026-07-21,corporate,Promoter,3753275,505854,2026-06-30,Tata
Roopa Corporate Services Pvt. Ltd.,TRF Ltd-$,2.84,2026-07-21,corporate,Public (>1%),312664,505854,2026-06-30,Tata
Guttikonda Vara Lakshmi,TRF Ltd-$,2.12,2026-07-21,individual,Public (>1%),232938,505854,2026-06-30,Tata
Litton System Inc,TRF Ltd-$,1.98,2026-07-21,corporate,Public (>1%),217500,505854,2026-06-30,Tata
Chetan Gopaldas Cholera,TRF Ltd-$,1.45,2026-07-21,individual,Public (>1%),159687,505854,2026-06-30,Tata
Ravi Shankaran,TRF Ltd-$,1.19,2026-07-21,individual,Public (>1%),131421,505854,2026-06-30,Tata
O.P.J Financial Services (P) Ltd.,TRF Ltd-$,1.09,2026-07-21,corporate,Public (>1%),120000,505854,2026-06-30,Tata
Investor Education and Protection Fund Authority,TRF Ltd-$,1.08,2026-07-21,corporate,Public (>1%),119319,505854,2026-06-30,Tata
Tata Industries Limited,TRF Ltd-$,0.02,2026-07-21,corporate,Promoter Group,1960,505854,2026-06-30,Tata
Tata Sons Private Limited,Tata Capital Ltd,78.8,2026-07-16,corporate,Promoter,3345064262,544574,2026-06-30,Tata
Tmf Holdings Limited,Tata Capital Ltd,4.39,2026-07-16,corporate,Promoter Group,186224770,544574,2026-06-30,Tata
Tata Investment Corporation Limited,Tata Capital Ltd,1.95,2026-07-16,corporate,Promoter Group,82936767,544574,2026-06-30,Tata
Tata Motors Limited,Tata Capital Ltd,0.1,2026-07-16,corporate,Promoter Group,4326651,544574,2026-06-30,Tata
Tata Chemicals Limited,Tata Capital Ltd,0.08,2026-07-16,corporate,Promoter Group,3230859,544574,2026-06-30,Tata
The Tata Power Company Limited,Tata Capital Ltd,0.05,2026-07-16,corporate,Promoter Group,2333070,544574,2026-06-30,Tata
Tata International Limited,Tata Capital Ltd,0.02,2026-07-16,corporate,Promoter Group,824470,544574,2026-06-30,Tata
Tata Consumer Products Limited,Tata Capital Ltd,0.01,2026-07-16,corporate,Promoter Group,613598,544574,2026-06-30,Tata
Tata Sons Private Limited,Tata Chemicals Ltd,31.9,2026-07-20,corporate,Promoter,81260095,500770,2026-06-30,Tata
Life Insurance Corporation Of India - P & Gs Fund,Tata Chemicals Ltd,9.24,2026-07-20,corporate,Public (>1%),23530511,500770,2026-06-30,Tata
Tata Investment Corporation Ltd,Tata Chemicals Ltd,5.97,2026-07-20,corporate,Promoter Group,15200001,500770,2026-06-30,Tata
Icici Prudential Value Fund,Tata Chemicals Ltd,4.03,2026-07-20,corporate,Public (>1%),10258095,500770,2026-06-30,Tata
Kotak Flexicap Fund,Tata Chemicals Ltd,2.71,2026-07-20,corporate,Public (>1%),6902254,500770,2026-06-30,Tata
"Acacia Partners, Lp",Tata Chemicals Ltd,1.36,2026-07-20,corporate,Public (>1%),3458400,500770,2026-06-30,Tata
Voltas Limited,Tata Chemicals Ltd,0.08,2026-07-20,corporate,Promoter Group,200440,500770,2026-06-30,Tata
Tata Industries Limited,Tata Chemicals Ltd,0.03,2026-07-20,corporate,Promoter Group,77647,500770,2026-06-30,Tata
Tata Capital Limited,Tata Chemicals Ltd,0.0,2026-07-20,corporate,Promoter Group,10060,500770,2026-06-30,Tata
Tata Consumer Products Limited,Tata Chemicals Ltd,0.0,2026-07-20,corporate,Promoter Group,150,500770,2026-06-30,Tata
Titan Company Limited,Tata Chemicals Ltd,0.0,2026-07-20,corporate,Promoter Group,560,500770,2026-06-30,Tata
Panatone Finvest Limited,Tata Communications Ltd,44.79,2026-07-21,corporate,Promoter Group,127672854,500483,2026-06-30,Tata
Tata Sons Private Limited,Tata Communications Ltd,14.07,2026-07-21,corporate,Promoter,40087639,500483,2026-06-30,Tata
Hdfc Mutual Fund - Hdfc Mid-Cap Fund,Tata Communications Ltd,4.94,2026-07-21,corporate,Public (>1%),14069026,500483,2026-06-30,Tata
Mirae Asset Large & Midcap Fund,Tata Communications Ltd,4.19,2026-07-21,corporate,Public (>1%),11953915,500483,2026-06-30,Tata
Quant Mutual Fund - Quant Mid Cap Fund,Tata Communications Ltd,1.81,2026-07-21,corporate,Public (>1%),5147474,500483,2026-06-30,Tata
Rekha Jhunjhunwala,Tata Communications Ltd,1.58,2026-07-21,individual,Public (>1%),4500687,500483,2026-06-30,Tata
Government Pension Fund Global,Tata Communications Ltd,1.47,2026-07-21,corporate,Public (>1%),4195708,500483,2026-06-30,Tata
Icici Prudential India Opportunities Fund,Tata Communications Ltd,1.03,2026-07-21,corporate,Public (>1%),2931117,500483,2026-06-30,Tata
Tata Sons Private Limited,Tata Consultancy Services Ltd,71.74,2026-07-21,corporate,Promoter,2595499419,532540,2026-06-30,Tata
LIC of India,Tata Consultancy Services Ltd,5.52,2026-07-21,corporate,Public (>1%),199698698,532540,2026-06-30,Tata
Sbi Nifty 50 Etf,Tata Consultancy Services Ltd,1.31,2026-07-21,corporate,Public (>1%),47277357,532540,2026-06-30,Tata
ICICI Prudential Value Fund,Tata Consultancy Services Ltd,1.06,2026-07-21,corporate,Public (>1%),38328180,532540,2026-06-30,Tata
Tata Investment Corporation Limited,Tata Consultancy Services Ltd,0.03,2026-07-21,corporate,Promoter Group,1004425,532540,2026-06-30,Tata
Tata Industries Limited,Tata Consultancy Services Ltd,0.0,2026-07-21,corporate,Promoter Group,7220,532540,2026-06-30,Tata
Tata Steel Limited,Tata Consultancy Services Ltd,0.0,2026-07-21,corporate,Promoter Group,46798,532540,2026-06-30,Tata
The Tata Power Company Limited,Tata Consultancy Services Ltd,0.0,2026-07-21,corporate,Promoter Group,766,532540,2026-06-30,Tata
Tata Sons Private Limited,Tata Consumer Products Ltd,28.68,2026-07-17,corporate,Promoter,283854264,500800,2026-06-30,Tata
Life Insurance Corporation Of India,Tata Consumer Products Ltd,8.23,2026-07-17,corporate,Public (>1%),81469499,500800,2026-06-30,Tata
Tata Investment Corporation Limited,Tata Consumer Products Ltd,4.65,2026-07-17,corporate,Promoter Group,45975807,500800,2026-06-30,Tata
Nps Trust A/C Uti Pension Fund Limited-Scheme State Govt,Tata Consumer Products Ltd,2.41,2026-07-17,corporate,Public (>1%),23896426,500800,2026-06-30,Tata
Sbi-Nifty 50 ETF,Tata Consumer Products Ltd,1.69,2026-07-17,corporate,Public (>1%),16692239,500800,2026-06-30,Tata
Nippon Life India Trustee Ltd-A/C Nippon India Small Cap Fund,Tata Consumer Products Ltd,1.61,2026-07-17,corporate,Public (>1%),15913283,500800,2026-06-30,Tata
Sbi Life Insurance Co. Ltd,Tata Consumer Products Ltd,1.43,2026-07-17,corporate,Public (>1%),14121220,500800,2026-06-30,Tata
Ewart Investments Limited,Tata Consumer Products Ltd,0.39,2026-07-17,corporate,Promoter Group,3876950,500800,2026-06-30,Tata
Tata Industries Limited,Tata Consumer Products Ltd,0.09,2026-07-17,corporate,Promoter Group,851161,500800,2026-06-30,Tata
VOLTAS LIMITED,Tata Consumer Products Ltd,0.02,2026-07-17,corporate,Promoter Group,237289,500800,2026-06-30,Tata
TITAN COMPANY LIMITED,Tata Consumer Products Ltd,0.0,2026-07-17,corporate,Promoter Group,6893,500800,2026-06-30,Tata
Tata Capital Limited,Tata Consumer Products Ltd,0.0,2026-07-17,corporate,Promoter Group,11468,500800,2026-06-30,Tata
Tata Securities Limited,Tata Consumer Products Ltd,0.0,2026-07-17,corporate,Promoter Group,2,500800,2026-06-30,Tata
Tata Sons Private Limited,Tata Elxsi Ltd,42.21,2026-07-20,corporate,Promoter,26295264,500408,2026-06-30,Tata
Life Insurance Corporation Of India,Tata Elxsi Ltd,6.59,2026-07-20,corporate,Public (>1%),4105617,500408,2026-06-30,Tata
Tata Investment Corporation Limited,Tata Elxsi Ltd,1.69,2026-07-20,corporate,Promoter Group,1053655,500408,2026-06-30,Tata
General Insurance Corporation Of India,Tata Elxsi Ltd,1.22,2026-07-20,corporate,Public (>1%),758195,500408,2026-06-30,Tata
Tata Sons Private Limited,Tata Investment Corporation Ltd,68.51,2026-04-17,corporate,Promoter,346646630,501301,2026-03-31,Tata
Ewart Investments Limited,Tata Investment Corporation Ltd,1.59,2026-04-17,corporate,Promoter Group,8058430,501301,2026-03-31,Tata
The Tata Power Company Limited,Tata Investment Corporation Ltd,1.57,2026-04-17,corporate,Promoter Group,7944160,501301,2026-03-31,Tata
Tata Chemicals Limited,Tata Investment Corporation Ltd,0.87,2026-04-17,corporate,Promoter Group,4410150,501301,2026-03-31,Tata
Tata Steel Limited,Tata Investment Corporation Ltd,0.45,2026-04-17,corporate,Promoter Group,2280150,501301,2026-03-31,Tata
Tata Consumer Products Limited,Tata Investment Corporation Ltd,0.29,2026-04-17,corporate,Promoter Group,1468720,501301,2026-03-31,Tata
Trent Limited,Tata Investment Corporation Ltd,0.06,2026-04-17,corporate,Promoter Group,317930,501301,2026-03-31,Tata
Nahar Retail Trading Services Limited,Tata Investment Corporation Ltd,0.03,2026-04-17,corporate,Promoter Group,163300,501301,2026-03-31,Tata
Tata Sons Private Limited,Tata Motors Ltd,40.14,2026-07-21,corporate,Promoter,1478263541,544569,2026-06-30,Tata
Life Insurance Corporation of India,Tata Motors Ltd,4.29,2026-07-21,corporate,Public (>1%),158050739,544569,2026-06-30,Tata
ICICI Prudential Value Fund,Tata Motors Ltd,3.57,2026-07-21,corporate,Public (>1%),131483983,544569,2026-06-30,Tata
SBI Large Cap Fund,Tata Motors Ltd,2.76,2026-07-21,corporate,Public (>1%),101692902,544569,2026-06-30,Tata
Tata Industries Limited,Tata Motors Ltd,1.96,2026-07-21,corporate,Promoter Group,72203630,544569,2026-06-30,Tata
Rekha Jhunjhunwala,Tata Motors Ltd,1.32,2026-07-21,individual,Public (>1%),48748260,544569,2026-06-30,Tata
HDFC Trustee Company Ltd./HDFC Large Cap Fund,Tata Motors Ltd,1.25,2026-07-21,corporate,Public (>1%),46201901,544569,2026-06-30,Tata
Governement of Singapore,Tata Motors Ltd,1.02,2026-07-21,corporate,Public (>1%),37554810,544569,2026-06-30,Tata
Tata Investment Corporation Limited,Tata Motors Ltd,0.3,2026-07-21,corporate,Promoter Group,11000000,544569,2026-06-30,Tata
Ewart Investments Limited,Tata Motors Ltd,0.09,2026-07-21,corporate,Promoter Group,3383746,544569,2026-06-30,Tata
Tata Chemicals Limited,Tata Motors Ltd,0.05,2026-07-21,corporate,Promoter Group,1966294,544569,2026-06-30,Tata
The Tata Power Company Limited,Tata Motors Ltd,0.01,2026-07-21,corporate,Promoter Group,391803,544569,2026-06-30,Tata
Simto Investment Company Limited,Tata Motors Ltd,0.0,2026-07-21,corporate,Promoter Group,59583,544569,2026-06-30,Tata
Tata Securities Limited,Tata Motors Ltd,0.0,2026-07-21,corporate,Promoter Group,400,544569,2026-06-30,Tata
Tata Steel Limited,Tata Motors Ltd,0.0,2026-07-21,corporate,Promoter Group,100000,544569,2026-06-30,Tata
Tata Sons Private Limited,Tata Motors Passenger Vehicles Ltd,40.14,2026-07-21,corporate,Promoter,1478263541,500570,2026-06-30,Tata
Life Insurance Corporation Of India,Tata Motors Passenger Vehicles Ltd,4.75,2026-07-21,corporate,Public (>1%),175104418,500570,2026-06-30,Tata
Icici Prudential Value Fund,Tata Motors Passenger Vehicles Ltd,2.86,2026-07-21,corporate,Public (>1%),105211286,500570,2026-06-30,Tata
Sbi Nifty 50 Etf,Tata Motors Passenger Vehicles Ltd,2.27,2026-07-21,corporate,Public (>1%),83539171,500570,2026-06-30,Tata
Tata Industries Limited,Tata Motors Passenger Vehicles Ltd,1.96,2026-07-21,corporate,Promoter Group,72203630,500570,2026-06-30,Tata
Rekha Jhunjhunwala,Tata Motors Passenger Vehicles Ltd,1.33,2026-07-21,individual,Public (>1%),48798260,500570,2026-06-30,Tata
Tata Investment Corporation Limited,Tata Motors Passenger Vehicles Ltd,0.3,2026-07-21,corporate,Promoter Group,11000000,500570,2026-06-30,Tata
Ewart Investments Limited,Tata Motors Passenger Vehicles Ltd,0.09,2026-07-21,corporate,Promoter Group,3383746,500570,2026-06-30,Tata
The Tata Power Company Limited,Tata Motors Passenger Vehicles Ltd,0.01,2026-07-21,corporate,Promoter Group,391803,500570,2026-06-30,Tata
Simto Investment Company Limited,Tata Motors Passenger Vehicles Ltd,0.0,2026-07-21,corporate,Promoter Group,59583,500570,2026-06-30,Tata
Tata Securities Limited,Tata Motors Passenger Vehicles Ltd,0.0,2026-07-21,corporate,Promoter Group,400,500570,2026-06-30,Tata
Tata Steel Limited,Tata Motors Passenger Vehicles Ltd,0.0,2026-07-21,corporate,Promoter Group,100000,500570,2026-06-30,Tata
Tata Sons Private Limited,Tata Power Company Ltd,45.21,2026-07-21,corporate,Promoter,1444513021,500400,2026-06-30,Tata
Life Insurance Corporation of India,Tata Power Company Ltd,4.93,2026-07-21,corporate,Public (>1%),157599885,500400,2026-06-30,Tata
Nippon Life India Trustee Ltd-A/C Nippon India Large Cap Fund,Tata Power Company Ltd,2.09,2026-07-21,corporate,Public (>1%),66697896,500400,2026-06-30,Tata
NPS TRUST- A/C,Tata Power Company Ltd,1.45,2026-07-21,corporate,Public (>1%),46236615,500400,2026-06-30,Tata
Tata Steel Limited,Tata Power Company Ltd,1.22,2026-07-21,corporate,Promoter Group,39122725,500400,2026-06-30,Tata
Franklin India Flexi Cap Fund,Tata Power Company Ltd,1.1,2026-07-21,corporate,Public (>1%),35021677,500400,2026-06-30,Tata
Tata Investment Corporation Ltd,Tata Power Company Ltd,0.21,2026-07-21,corporate,Promoter Group,6847842,500400,2026-06-30,Tata
Tata Industries Limited,Tata Power Company Ltd,0.14,2026-07-21,corporate,Promoter Group,4535200,500400,2026-06-30,Tata
Ewart Investments Limited,Tata Power Company Ltd,0.07,2026-07-21,corporate,Promoter Group,2229657,500400,2026-06-30,Tata
Tata Capital Limited,Tata Power Company Ltd,0.0,2026-07-21,corporate,Promoter Group,9120,500400,2026-06-30,Tata
Tata Sons Private Limited,Tata Steel Ltd,31.76,2026-07-20,corporate,Promoter,3965081420,500470,2026-06-30,Tata
Life Insurance Corporation Of India,Tata Steel Ltd,6.37,2026-07-20,corporate,Public (>1%),795486832,500470,2026-06-30,Tata
Sbi Nifty 50 Etf,Tata Steel Ltd,3.98,2026-07-20,corporate,Public (>1%),496291004,500470,2026-06-30,Tata
Icici Prudential Value Fund,Tata Steel Ltd,2.31,2026-07-20,corporate,Public (>1%),288722018,500470,2026-06-30,Tata
Hdfc Trustee Company Limited -Hdfc Flexi Cap Fund,Tata Steel Ltd,2.12,2026-07-20,corporate,Public (>1%),265169321,500470,2026-06-30,Tata
Nps Trust- A/C Lic Pension Fund Scheme - State Govt,Tata Steel Ltd,1.89,2026-07-20,corporate,Public (>1%),236088522,500470,2026-06-30,Tata
Uti Nifty 50 Etf,Tata Steel Ltd,1.46,2026-07-20,corporate,Public (>1%),182768861,500470,2026-06-30,Tata
Tata Motors Passenger Vehicles Limited (formerly known as Tata Motors Limited),Tata Steel Ltd,0.44,2026-07-20,corporate,Promoter Group,54962950,500470,2026-06-30,Tata
Tata Investment Corporation Ltd,Tata Steel Ltd,0.34,2026-07-20,corporate,Promoter Group,41984940,500470,2026-06-30,Tata
Ewart Investments Limited,Tata Steel Ltd,0.18,2026-07-20,corporate,Promoter Group,22259750,500470,2026-06-30,Tata
Rujuvalika Investments Limited,Tata Steel Ltd,0.09,2026-07-20,corporate,Promoter Group,11683930,500470,2026-06-30,Tata
Tata Industries Limited,Tata Steel Ltd,0.08,2026-07-20,corporate,Promoter Group,10425450,500470,2026-06-30,Tata
Tata Capital Limited,Tata Steel Ltd,0.05,2026-07-20,corporate,Promoter Group,6270720,500470,2026-06-30,Tata
Titan Company Limited,Tata Steel Ltd,0.0,2026-07-20,corporate,Promoter Group,25110,500470,2026-06-30,Tata
Tata Motors Passenger Vehicles Limited (Formerly Tata Motors Limited),Tata Technologies Ltd,53.34,2026-07-15,corporate,Promoter,216569816,544028,2026-06-30,Tata
Tata Capital Limited,Tata Technologies Ltd,1.84,2026-07-15,corporate,Promoter Group,7454920,544028,2026-06-30,Tata
Tata Enterprises Overseas Limited,Tata Technologies Ltd,1.74,2026-07-15,corporate,Public (>1%),7078200,544028,2026-06-30,Tata
Kotak Mahindra Trustee Co Ltd A/C Kotak Multicap Fund,Tata Technologies Ltd,1.51,2026-07-15,corporate,Public (>1%),6142927,544028,2026-06-30,Tata
Life Insurance Corporation Of India,Tata Technologies Ltd,1.35,2026-07-15,corporate,Public (>1%),5486550,544028,2026-06-30,Tata
Patrick Raymon Mcgoldrick,Tata Technologies Ltd,1.13,2026-07-15,individual,Public (>1%),4600000,544028,2026-06-30,Tata
Tata Teleservices Limited,Tata Teleservices (Maharashtra) Ltd,48.3,2026-08-10,corporate,Promoter,944174817,532371,2026-06-30,Tata
Tata Sons Private Limited,Tata Teleservices (Maharashtra) Ltd,19.58,2026-08-10,corporate,Promoter,382759467,532371,2026-06-30,Tata
The Tata Power Company Limited,Tata Teleservices (Maharashtra) Ltd,6.48,2026-08-10,corporate,Promoter Group,126720193,532371,2026-06-30,Tata
Panatone Finvest Limited,Tata Teleservices (Maharashtra) Ltd,0.0,2026-08-10,corporate,Promoter Group,17850,532371,2026-06-30,Tata
Panatone Finvest Limited,Tejas Networks Ltd,53.33,2026-07-21,corporate,Promoter,94905686,540595,2026-06-30,Tata
Nippon Life India Trustee Ltd-A/C Nippon India Small Cap Fund,Tejas Networks Ltd,2.89,2026-07-21,corporate,Public (>1%),5151511,540595,2026-06-30,Tata
Tamilnadu Industrial Development Corporation Ltd,Titan Company Ltd,27.88,2026-07-16,corporate,Promoter,247476720,500114,2026-06-30,Tata
Tata Sons Private Limited,Titan Company Ltd,20.84,2026-07-16,corporate,Promoter,185058900,500114,2026-06-30,Tata
Rekha Jhunjhunwala,Titan Company Ltd,4.24,2026-07-16,individual,Public (>1%),37643895,500114,2026-06-30,Tata
Life Insurance Corporation Of India,Titan Company Ltd,2.17,2026-07-16,corporate,Public (>1%),19224672,500114,2026-06-30,Tata
Tata Investment Corporation Ltd,Titan Company Ltd,2.01,2026-07-16,corporate,Promoter Group,17875640,500114,2026-06-30,Tata
Sbi Nifty 50 Etf,Titan Company Ltd,1.8,2026-07-16,corporate,Public (>1%),15999057,500114,2026-06-30,Tata
Nps Trust A/C Uti Pension Fund Limited-Scheme State Govt,Titan Company Ltd,1.73,2026-07-16,corporate,Public (>1%),15386048,500114,2026-06-30,Tata
Tata Chemicals Limited,Titan Company Ltd,1.56,2026-07-16,corporate,Promoter Group,13826180,500114,2026-06-30,Tata
Icici Prudential Balanced Advantage Fund,Titan Company Ltd,1.26,2026-07-16,corporate,Public (>1%),11184971,500114,2026-06-30,Tata
Uti Nifty 50 Etf,Titan Company Ltd,1.11,2026-07-16,corporate,Public (>1%),9851148,500114,2026-06-30,Tata
Ewart Investments Limited,Titan Company Ltd,0.56,2026-07-16,corporate,Promoter Group,4964480,500114,2026-06-30,Tata
Piem Hotels Limited,Titan Company Ltd,0.05,2026-07-16,corporate,Promoter Group,400000,500114,2026-06-30,Tata
Tata Sons Private Limited,Trent Ltd,32.45,2026-07-14,corporate,Promoter,173010511,500251,2026-06-30,Tata
Siddhartha Yog,Trent Ltd,4.53,2026-07-14,individual,Public (>1%),24143271,500251,2026-06-30,Tata
Tata Investment Corporation Limited,Trent Ltd,4.28,2026-07-14,corporate,Promoter Group,22811310,500251,2026-06-30,Tata
Life Insurance Corporation Of India,Trent Ltd,3.03,2026-07-14,corporate,Public (>1%),16140270,500251,2026-06-30,Tata
Icici Prudential Balanced Advantage Fund,Trent Ltd,2.59,2026-07-14,corporate,Public (>1%),13823877,500251,2026-06-30,Tata
Nippon Life India Trustee Ltd-A/C Nippon India Large Cap Fund,Trent Ltd,2.37,2026-07-14,corporate,Public (>1%),12619190,500251,2026-06-30,Tata
Sbi Nifty 50 Etf,Trent Ltd,2.13,2026-07-14,corporate,Public (>1%),11365217,500251,2026-06-30,Tata
Sbi Life Insurance Co. Ltd,Trent Ltd,1.76,2026-07-14,corporate,Public (>1%),9377583,500251,2026-06-30,Tata
Nps Trust A/C Uti Pension Fund Limited-Scheme State Govt,Trent Ltd,1.69,2026-07-14,corporate,Public (>1%),9023214,500251,2026-06-30,Tata
Uti Nifty 50 Etf,Trent Ltd,1.31,2026-07-14,corporate,Public (>1%),6979226,500251,2026-06-30,Tata
Ewart Investments Limited,Trent Ltd,0.28,2026-07-14,corporate,Promoter Group,1500000,500251,2026-06-30,Tata
Titan Company Limited,Trent Ltd,0.0,2026-07-14,corporate,Promoter Group,4500,500251,2026-06-30,Tata
Tata Sons Private Limited,Voltas Ltd,26.64,2026-07-21,corporate,Promoter,88131780,500575,2026-06-30,Tata
Life Insurance Corporation Of India,Voltas Ltd,7.72,2026-07-21,corporate,Public (>1%),25542455,500575,2026-06-30,Tata
NPS Trust- A/C SBI Pension Fund Scheme - State Govt,Voltas Ltd,5.79,2026-07-21,corporate,Public (>1%),19161637,500575,2026-06-30,Tata
Nippon Life India Trustee Ltd (Various Accounts),Voltas Ltd,5.73,2026-07-21,corporate,Public (>1%),18959405,500575,2026-06-30,Tata
Tata Investment Corporation Ltd,Voltas Ltd,3.01,2026-07-21,corporate,Promoter Group,9962330,500575,2026-06-30,Tata
Kotak Midcap Fund (Various Accounts),Voltas Ltd,2.29,2026-07-21,corporate,Public (>1%),7593685,500575,2026-06-30,Tata
SBI Life Insurance Co. Ltd,Voltas Ltd,2.26,2026-07-21,corporate,Public (>1%),7494474,500575,2026-06-30,Tata
HDFC Life Insurance Company Limited,Voltas Ltd,1.92,2026-07-21,corporate,Public (>1%),6358946,500575,2026-06-30,Tata
Tata AIA Life Insurance Co Ltd,Voltas Ltd,1.61,2026-07-21,corporate,Public (>1%),5314592,500575,2026-06-30,Tata
SBI Large & Midcap Fund (Various Accounts),Voltas Ltd,1.36,2026-07-21,corporate,Public (>1%),4507227,500575,2026-06-30,Tata
DSP Midcap Fund (Various Accounts),Voltas Ltd,1.28,2026-07-21,corporate,Public (>1%),4243394,500575,2026-06-30,Tata
ICICI Prudential Life Insurance Company Limited,Voltas Ltd,1.02,2026-07-21,corporate,Public (>1%),3370309,500575,2026-06-30,Tata
Vanguard Total International Stock Index Fund,Voltas Ltd,1.02,2026-07-21,corporate,Public (>1%),3375197,500575,2026-06-30,Tata
Ewart Investments Limited,Voltas Ltd,0.58,2026-07-21,corporate,Promoter Group,1925950,500575,2026-06-30,Tata
The Tata Power Company Limited,Voltas Ltd,0.07,2026-07-21,corporate,Promoter Group,233420,500575,2026-06-30,Tata
